{
  "wikitext2": 5.533727169036865,
  "c4": 7.029855251312256
}