{
  "0_q.pt": {
    "mse": 0.0027514994144439697,
    "num_pixels": 4194304
  },
  "0_k.pt": {
    "mse": 0.004611448384821415,
    "num_pixels": 1048576
  },
  "0_v.pt": {
    "mse": 0.00017840071814134717,
    "num_pixels": 1048576
  },
  "0_o.pt": {
    "mse": 0.0002780589275062084,
    "num_pixels": 4194304
  },
  "0_up.pt": {
    "mse": 0.0006260478403419256,
    "num_pixels": 16777216
  },
  "0_gate.pt": {
    "mse": 0.000787118449807167,
    "num_pixels": 16777216
  },
  "0_down.pt": {
    "mse": 0.00061819824622944,
    "num_pixels": 16777216
  },
  "1_q.pt": {
    "mse": 0.0016406181966885924,
    "num_pixels": 4194304
  },
  "1_k.pt": {
    "mse": 0.0033247806131839752,
    "num_pixels": 1048576
  },
  "1_v.pt": {
    "mse": 0.00020007937564514577,
    "num_pixels": 1048576
  },
  "1_o.pt": {
    "mse": 0.0003437300038058311,
    "num_pixels": 4194304
  },
  "1_up.pt": {
    "mse": 0.000619827420450747,
    "num_pixels": 16777216
  },
  "1_gate.pt": {
    "mse": 0.0008547957404516637,
    "num_pixels": 16777216
  },
  "1_down.pt": {
    "mse": 0.0006057197460904717,
    "num_pixels": 16777216
  },
  "2_q.pt": {
    "mse": 0.0015954661648720503,
    "num_pixels": 4194304
  },
  "2_k.pt": {
    "mse": 0.002955237403512001,
    "num_pixels": 1048576
  },
  "2_v.pt": {
    "mse": 0.00027772790053859353,
    "num_pixels": 1048576
  },
  "2_o.pt": {
    "mse": 0.0003534432325977832,
    "num_pixels": 4194304
  },
  "2_up.pt": {
    "mse": 0.0005658735753968358,
    "num_pixels": 16777216
  },
  "2_gate.pt": {
    "mse": 0.0009047614294104278,
    "num_pixels": 16777216
  },
  "2_down.pt": {
    "mse": 0.0005771329160779715,
    "num_pixels": 16777216
  },
  "3_q.pt": {
    "mse": 0.0015543622430413961,
    "num_pixels": 4194304
  },
  "3_k.pt": {
    "mse": 0.002808102872222662,
    "num_pixels": 1048576
  },
  "3_v.pt": {
    "mse": 0.0003880273434333503,
    "num_pixels": 1048576
  },
  "3_o.pt": {
    "mse": 0.000453823187854141,
    "num_pixels": 4194304
  },
  "3_up.pt": {
    "mse": 0.0005350028513930738,
    "num_pixels": 16777216
  },
  "3_gate.pt": {
    "mse": 0.0010689524933695793,
    "num_pixels": 16777216
  },
  "3_down.pt": {
    "mse": 0.0005258389282971621,
    "num_pixels": 16777216
  },
  "4_q.pt": {
    "mse": 0.0014600662980228662,
    "num_pixels": 4194304
  },
  "4_k.pt": {
    "mse": 0.0027309171855449677,
    "num_pixels": 1048576
  },
  "4_v.pt": {
    "mse": 0.0003593757573980838,
    "num_pixels": 1048576
  },
  "4_o.pt": {
    "mse": 0.00045350068830884993,
    "num_pixels": 4194304
  },
  "4_up.pt": {
    "mse": 0.0005264744977466762,
    "num_pixels": 16777216
  },
  "4_gate.pt": {
    "mse": 0.0011446608696132898,
    "num_pixels": 16777216
  },
  "4_down.pt": {
    "mse": 0.0005167266353964806,
    "num_pixels": 16777216
  },
  "5_q.pt": {
    "mse": 0.0013780486769974232,
    "num_pixels": 4194304
  },
  "5_k.pt": {
    "mse": 0.002783297561109066,
    "num_pixels": 1048576
  },
  "5_v.pt": {
    "mse": 0.00025469731190241873,
    "num_pixels": 1048576
  },
  "5_o.pt": {
    "mse": 0.00037336390232667327,
    "num_pixels": 4194304
  },
  "5_up.pt": {
    "mse": 0.0005400810041464865,
    "num_pixels": 16777216
  },
  "5_gate.pt": {
    "mse": 0.0010034149745479226,
    "num_pixels": 16777216
  },
  "5_down.pt": {
    "mse": 0.0005271241534501314,
    "num_pixels": 16777216
  },
  "6_q.pt": {
    "mse": 0.0012414439115673304,
    "num_pixels": 4194304
  },
  "6_k.pt": {
    "mse": 0.00297129200771451,
    "num_pixels": 1048576
  },
  "6_v.pt": {
    "mse": 0.00034648229484446347,
    "num_pixels": 1048576
  },
  "6_o.pt": {
    "mse": 0.00041734197293408215,
    "num_pixels": 4194304
  },
  "6_up.pt": {
    "mse": 0.0005301681812852621,
    "num_pixels": 16777216
  },
  "6_gate.pt": {
    "mse": 0.000957697571720928,
    "num_pixels": 16777216
  },
  "6_down.pt": {
    "mse": 0.0005111302016302943,
    "num_pixels": 16777216
  },
  "7_q.pt": {
    "mse": 0.0014094392536208034,
    "num_pixels": 4194304
  },
  "7_k.pt": {
    "mse": 0.002925554057583213,
    "num_pixels": 1048576
  },
  "7_v.pt": {
    "mse": 0.000376522250007838,
    "num_pixels": 1048576
  },
  "7_o.pt": {
    "mse": 0.0004432314308360219,
    "num_pixels": 4194304
  },
  "7_up.pt": {
    "mse": 0.0005597980925813317,
    "num_pixels": 16777216
  },
  "7_gate.pt": {
    "mse": 0.000903142848983407,
    "num_pixels": 16777216
  },
  "7_down.pt": {
    "mse": 0.0005357344634830952,
    "num_pixels": 16777216
  },
  "8_q.pt": {
    "mse": 0.0013205941068008542,
    "num_pixels": 4194304
  },
  "8_k.pt": {
    "mse": 0.002984178951010108,
    "num_pixels": 1048576
  },
  "8_v.pt": {
    "mse": 0.00033684406662359834,
    "num_pixels": 1048576
  },
  "8_o.pt": {
    "mse": 0.00043602523510344326,
    "num_pixels": 4194304
  },
  "8_up.pt": {
    "mse": 0.0005708124954253435,
    "num_pixels": 16777216
  },
  "8_gate.pt": {
    "mse": 0.0008788901614025235,
    "num_pixels": 16777216
  },
  "8_down.pt": {
    "mse": 0.0005416423664428294,
    "num_pixels": 16777216
  },
  "9_q.pt": {
    "mse": 0.0017778598703444004,
    "num_pixels": 4194304
  },
  "9_k.pt": {
    "mse": 0.002757647540420294,
    "num_pixels": 1048576
  },
  "9_v.pt": {
    "mse": 0.00040569668635725975,
    "num_pixels": 1048576
  },
  "9_o.pt": {
    "mse": 0.0005030209431424737,
    "num_pixels": 4194304
  },
  "9_up.pt": {
    "mse": 0.0006024565664120018,
    "num_pixels": 16777216
  },
  "9_gate.pt": {
    "mse": 0.0009623398073017597,
    "num_pixels": 16777216
  },
  "9_down.pt": {
    "mse": 0.0005683309864252806,
    "num_pixels": 16777216
  },
  "10_q.pt": {
    "mse": 0.0014550518244504929,
    "num_pixels": 4194304
  },
  "10_k.pt": {
    "mse": 0.0024151839315891266,
    "num_pixels": 1048576
  },
  "10_v.pt": {
    "mse": 0.0003225713735446334,
    "num_pixels": 1048576
  },
  "10_o.pt": {
    "mse": 0.0004362728213891387,
    "num_pixels": 4194304
  },
  "10_up.pt": {
    "mse": 0.000612973584793508,
    "num_pixels": 16777216
  },
  "10_gate.pt": {
    "mse": 0.0009581938502378762,
    "num_pixels": 16777216
  },
  "10_down.pt": {
    "mse": 0.0005886607686989009,
    "num_pixels": 16777216
  },
  "11_q.pt": {
    "mse": 0.0015098468866199255,
    "num_pixels": 4194304
  },
  "11_k.pt": {
    "mse": 0.002851028461009264,
    "num_pixels": 1048576
  },
  "11_v.pt": {
    "mse": 0.0003744594578165561,
    "num_pixels": 1048576
  },
  "11_o.pt": {
    "mse": 0.0004758539143949747,
    "num_pixels": 4194304
  },
  "11_up.pt": {
    "mse": 0.000637094839476049,
    "num_pixels": 16777216
  },
  "11_gate.pt": {
    "mse": 0.0009785722941160202,
    "num_pixels": 16777216
  },
  "11_down.pt": {
    "mse": 0.0006151765119284391,
    "num_pixels": 16777216
  },
  "12_q.pt": {
    "mse": 0.001503214705735445,
    "num_pixels": 4194304
  },
  "12_k.pt": {
    "mse": 0.0026375451125204563,
    "num_pixels": 1048576
  },
  "12_v.pt": {
    "mse": 0.00042692729039117694,
    "num_pixels": 1048576
  },
  "12_o.pt": {
    "mse": 0.0004911086871288717,
    "num_pixels": 4194304
  },
  "12_up.pt": {
    "mse": 0.0006691137095913291,
    "num_pixels": 16777216
  },
  "12_gate.pt": {
    "mse": 0.0009679803624749184,
    "num_pixels": 16777216
  },
  "12_down.pt": {
    "mse": 0.0006486693164333701,
    "num_pixels": 16777216
  },
  "13_q.pt": {
    "mse": 0.0014164160238578916,
    "num_pixels": 4194304
  },
  "13_k.pt": {
    "mse": 0.002244875766336918,
    "num_pixels": 1048576
  },
  "13_v.pt": {
    "mse": 0.0005937363603152335,
    "num_pixels": 1048576
  },
  "13_o.pt": {
    "mse": 0.0006048729410395026,
    "num_pixels": 4194304
  },
  "13_up.pt": {
    "mse": 0.0007080730283632874,
    "num_pixels": 16777216
  },
  "13_gate.pt": {
    "mse": 0.0009300060337409377,
    "num_pixels": 16777216
  },
  "13_down.pt": {
    "mse": 0.0006783261778764427,
    "num_pixels": 16777216
  },
  "14_q.pt": {
    "mse": 0.0014640951994806528,
    "num_pixels": 4194304
  },