{
  "wikitext2": 13.500300407409668,
  "c4": 18.81681251525879
}