{
  "0_q.pt": {
    "mse": 1.0113371899933554e-05,
    "num_pixels": 4194304
  },
  "0_k.pt": {
    "mse": 1.4089261640037876e-05,
    "num_pixels": 1048576
  },
  "0_v.pt": {
    "mse": 4.976595846528653e-07,
    "num_pixels": 1048576
  },
  "0_o.pt": {
    "mse": 8.527580348527408e-07,
    "num_pixels": 4194304
  },
  "0_up.pt": {
    "mse": 1.2666689599427627e-06,
    "num_pixels": 16777216
  },
  "0_gate.pt": {
    "mse": 1.5905031887086807e-06,
    "num_pixels": 16777216
  },
  "0_down.pt": {
    "mse": 1.182085725304205e-06,
    "num_pixels": 16777216
  },
  "1_q.pt": {
    "mse": 3.6865581023448613e-06,
    "num_pixels": 4194304
  },
  "1_k.pt": {
    "mse": 7.488262326660333e-06,
    "num_pixels": 1048576
  },
  "1_v.pt": {
    "mse": 4.369043153928942e-07,
    "num_pixels": 1048576
  },
  "1_o.pt": {
    "mse": 8.931193633543444e-07,
    "num_pixels": 4194304
  },
  "1_up.pt": {
    "mse": 1.2382236036501126e-06,
    "num_pixels": 16777216
  },
  "1_gate.pt": {
    "mse": 1.7087818378058728e-06,
    "num_pixels": 16777216
  },
  "1_down.pt": {
    "mse": 9.448494893149473e-07,
    "num_pixels": 16777216
  },
  "2_q.pt": {
    "mse": 3.297629973531002e-06,
    "num_pixels": 4194304
  },
  "2_k.pt": {
    "mse": 6.142691745480988e-06,
    "num_pixels": 1048576
  },
  "2_v.pt": {
    "mse": 5.709010792998015e-07,
    "num_pixels": 1048576
  },
  "2_o.pt": {
    "mse": 7.720606163275079e-07,
    "num_pixels": 4194304
  },
  "2_up.pt": {
    "mse": 1.0572427981969668e-06,
    "num_pixels": 16777216
  },
  "2_gate.pt": {
    "mse": 1.6983647128654411e-06,
    "num_pixels": 16777216
  },
  "2_down.pt": {
    "mse": 1.0693262311178842e-06,
    "num_pixels": 16777216
  },
  "3_q.pt": {
    "mse": 3.002503490279196e-06,
    "num_pixels": 4194304
  },
  "3_k.pt": {
    "mse": 5.484640041686362e-06,
    "num_pixels": 1048576
  },
  "3_v.pt": {
    "mse": 7.359759592873161e-07,
    "num_pixels": 1048576
  },
  "3_o.pt": {
    "mse": 1.0019716683018487e-06,
    "num_pixels": 4194304
  },
  "3_up.pt": {
    "mse": 9.877551292447606e-07,
    "num_pixels": 16777216
  },
  "3_gate.pt": {
    "mse": 1.977394276764244e-06,
    "num_pixels": 16777216
  },
  "3_down.pt": {
    "mse": 9.887465921565308e-07,
    "num_pixels": 16777216
  },
  "4_q.pt": {
    "mse": 2.936987129942281e-06,
    "num_pixels": 4194304
  },
  "4_k.pt": {
    "mse": 5.522488208953291e-06,
    "num_pixels": 1048576
  },
  "4_v.pt": {
    "mse": 7.016492418188136e-07,
    "num_pixels": 1048576
  },
  "4_o.pt": {
    "mse": 1.1123127023893176e-06,
    "num_pixels": 4194304
  },
  "4_up.pt": {
    "mse": 9.732727903610794e-07,
    "num_pixels": 16777216
  },
  "4_gate.pt": {
    "mse": 2.1259934328554664e-06,
    "num_pixels": 16777216
  },
  "4_down.pt": {
    "mse": 9.97085635390249e-07,
    "num_pixels": 16777216
  },
  "5_q.pt": {
    "mse": 2.9261223062349018e-06,
    "num_pixels": 4194304
  },
  "5_k.pt": {
    "mse": 5.947844783804612e-06,
    "num_pixels": 1048576
  },
  "5_v.pt": {
    "mse": 5.309449306878378e-07,
    "num_pixels": 1048576
  },
  "5_o.pt": {
    "mse": 9.13104486244265e-07,
    "num_pixels": 4194304
  },
  "5_up.pt": {
    "mse": 1.016431951939012e-06,
    "num_pixels": 16777216
  },
  "5_gate.pt": {
    "mse": 1.892801719804993e-06,
    "num_pixels": 16777216
  },
  "5_down.pt": {
    "mse": 1.018658849716303e-06,
    "num_pixels": 16777216
  },
  "6_q.pt": {
    "mse": 2.554830416556797e-06,
    "num_pixels": 4194304
  },
  "6_k.pt": {
    "mse": 6.1389455368043855e-06,
    "num_pixels": 1048576
  },
  "6_v.pt": {
    "mse": 7.017829375399742e-07,
    "num_pixels": 1048576
  },
  "6_o.pt": {
    "mse": 9.891109584714286e-07,
    "num_pixels": 4194304
  },
  "6_up.pt": {
    "mse": 9.886903171718586e-07,
    "num_pixels": 16777216
  },
  "6_gate.pt": {
    "mse": 1.7968488918995718e-06,
    "num_pixels": 16777216
  },
  "6_down.pt": {
    "mse": 9.965273193301982e-07,
    "num_pixels": 16777216
  },
  "7_q.pt": {
    "mse": 2.9297725632204674e-06,
    "num_pixels": 4194304
  },
  "7_k.pt": {
    "mse": 6.072500582376961e-06,
    "num_pixels": 1048576
  },
  "7_v.pt": {
    "mse": 7.724821102783608e-07,
    "num_pixels": 1048576
  },
  "7_o.pt": {
    "mse": 1.1192684041816392e-06,
    "num_pixels": 4194304
  },
  "7_up.pt": {
    "mse": 1.063658373823273e-06,
    "num_pixels": 16777216
  },
  "7_gate.pt": {
    "mse": 1.7237762222066522e-06,
    "num_pixels": 16777216
  },
  "7_down.pt": {
    "mse": 1.0708076843002345e-06,
    "num_pixels": 16777216
  },
  "8_q.pt": {
    "mse": 2.7606890853348887e-06,
    "num_pixels": 4194304
  },
  "8_k.pt": {
    "mse": 6.331541953841224e-06,
    "num_pixels": 1048576
  },
  "8_v.pt": {
    "mse": 6.963060741327354e-07,
    "num_pixels": 1048576
  },
  "8_o.pt": {
    "mse": 1.0629503321979428e-06,
    "num_pixels": 4194304
  },
  "8_up.pt": {
    "mse": 1.1069071206293302e-06,
    "num_pixels": 16777216
  },
  "8_gate.pt": {
    "mse": 1.7137806480604922e-06,
    "num_pixels": 16777216
  },
  "8_down.pt": {
    "mse": 1.0847425073734485e-06,
    "num_pixels": 16777216
  },
  "9_q.pt": {
    "mse": 3.679617748275632e-06,
    "num_pixels": 4194304
  },
  "9_k.pt": {
    "mse": 5.686918484570924e-06,
    "num_pixels": 1048576
  },
  "9_v.pt": {
    "mse": 8.039415320126864e-07,
    "num_pixels": 1048576
  },
  "9_o.pt": {
    "mse": 1.2847592643083772e-06,
    "num_pixels": 4194304
  },
  "9_up.pt": {
    "mse": 1.1818117400252959e-06,
    "num_pixels": 16777216
  },
  "9_gate.pt": {
    "mse": 1.9060363456446794e-06,
    "num_pixels": 16777216
  },
  "9_down.pt": {
    "mse": 1.1537990758370142e-06,
    "num_pixels": 16777216
  },
  "10_q.pt": {
    "mse": 3.0238657018344384e-06,
    "num_pixels": 4194304
  },
  "10_k.pt": {
    "mse": 5.069116014055908e-06,
    "num_pixels": 1048576
  },
  "10_v.pt": {
    "mse": 6.641853360633831e-07,
    "num_pixels": 1048576
  },
  "10_o.pt": {
    "mse": 1.0572755400062306e-06,
    "num_pixels": 4194304
  },
  "10_up.pt": {
    "mse": 1.1843488891827292e-06,
    "num_pixels": 16777216
  },
  "10_gate.pt": {
    "mse": 1.8642347185959807e-06,
    "num_pixels": 16777216
  },
  "10_down.pt": {
    "mse": 1.1720567272277549e-06,
    "num_pixels": 16777216
  },
  "11_q.pt": {
    "mse": 3.065219289055676e-06,
    "num_pixels": 4194304
  },
  "11_k.pt": {
    "mse": 5.896662059967639e-06,
    "num_pixels": 1048576
  },
  "11_v.pt": {
    "mse": 7.492699864997121e-07,
    "num_pixels": 1048576
  },
  "11_o.pt": {
    "mse": 1.1371969321771758e-06,
    "num_pixels": 4194304
  },
  "11_up.pt": {
    "mse": 1.2141892966610612e-06,
    "num_pixels": 16777216
  },
  "11_gate.pt": {
    "mse": 1.8715611531661125e-06,
    "num_pixels": 16777216
  },
  "11_down.pt": {
    "mse": 1.203568217533757e-06,
    "num_pixels": 16777216
  },
  "12_q.pt": {
    "mse": 3.1101035347091965e-06,
    "num_pixels": 4194304
  },
  "12_k.pt": {
    "mse": 5.4174597607925534e-06,
    "num_pixels": 1048576
  },
  "12_v.pt": {
    "mse": 8.801291073723405e-07,
    "num_pixels": 1048576
  },
  "12_o.pt": {
    "mse": 1.1428260222601239e-06,
    "num_pixels": 4194304
  },
  "12_up.pt": {
    "mse": 1.2687710295722354e-06,
    "num_pixels": 16777216
  },
  "12_gate.pt": {
    "mse": 1.8427991790304077e-06,
    "num_pixels": 16777216
  },
  "12_down.pt": {
    "mse": 1.223097797264927e-06,
    "num_pixels": 16777216
  },
  "13_q.pt": {
    "mse": 2.9086363610986155e-06,
    "num_pixels": 4194304
  },
  "13_k.pt": {
    "mse": 4.6244226723501924e-06,
    "num_pixels": 1048576
  },
  "13_v.pt": {
    "mse": 1.1948690143981366e-06,
    "num_pixels": 1048576
  },
  "13_o.pt": {
    "mse": 1.4806090575802955e-06,
    "num_pixels": 4194304
  },
  "13_up.pt": {
    "mse": 1.3383478290052153e-06,
    "num_pixels": 16777216
  },
  "13_gate.pt": {
    "mse": 1.7554343685333151e-06,
    "num_pixels": 16777216
  },
  "13_down.pt": {
    "mse": 1.2600651189131895e-06,
    "num_pixels": 16777216
  },