{
  "wikitext2": 13.467958450317383,
  "c4": 18.818464279174805
}