{
  "compressed_layers": 54,
  "compressed_params": 25502912,
  "fp32_bits": 816093184.0,
  "use_codes": false,
  "metadata_bits": 109888.0,
  "estimated_bits": 99197690.12109375,
  "actual_bits": null,
  "estimated_bits_per_param": 3.8896613108767246,
  "actual_bits_per_param": null,
  "estimated_compression_ratio": 8.226937371261057,
  "actual_compression_ratio": null,
  "weighted_mse": 1.5556453521993873e-05,
  "eval_before": {
    "top1": 80.852,
    "top5": 95.428,
    "num_samples": 50000.0
  },
  "eval_after": {
    "top1": 0.218,
    "top5": 0.894,
    "num_samples": 50000.0
  }
}