{
  "wikitext2": 3.8842527866363525,
  "c4": 6.900585651397705
}