{
  "compressed_layers": 21,
  "compressed_params": 11678912,
  "fp32_bits": 373725184.0,
  "use_codes": false,
  "metadata_bits": 63296.0,
  "estimated_bits": 74820775.6171875,
  "actual_bits": null,
  "estimated_bits_per_param": 6.406485091863652,
  "actual_bits_per_param": null,
  "estimated_compression_ratio": 4.994938650624594,
  "actual_compression_ratio": null,
  "weighted_mse": 5.378768053616983e-07,
  "eval_before": {
    "top1": 69.764,
    "top5": 89.07,
    "num_samples": 50000.0
  },
  "eval_after": {
    "top1": 69.206,
    "top5": 88.772,
    "num_samples": 50000.0
  }
}