{
  "QTIP_no_e2e": {
    "bpp": [
      2,
      3,
      4,
      5,
      6
    ],
    "ppl_wikitext2": [
      10.249361991882324,
      9.023275375366211,
      8.876254081726074,
      8.787407875061035,
      8.767680168151855
    ],
    "ppl_c4": [
      13.834939956665039,
      12.54200267791748,
      12.300732612609863,
      12.25015926361084,
      12.2361478805542
    ],
    "mse": []
  },
  "NWC_ql_ldlq128_rnorm_ft": {
    "bpp": [
      2.3280013637052246,
      2.6936563428597404,
      3.190377857782132,
      3.977044436360221,
      4.800594615783318,
      6.002155809219581
    ],
    "ppl_wikitext2": [
      10.246618270874023,
      9.645915985107422,
      9.018446922302246,
      8.80859375,
      8.751276016235352,
      8.69665813446045
    ],
    "ppl_c4": [
      13.783736228942871,
      13.085872650146484,
      12.524026870727539,
      12.266993522644043,
      12.196257591247559,
      12.172088623046875
    ]
  }
}