{
  "compressed_layers": 21,
  "compressed_params": 11678912,
  "fp32_bits": 373725184.0,
  "use_codes": false,
  "metadata_bits": 63270.0,
  "estimated_bits": 30734213.271484375,
  "actual_bits": null,
  "estimated_bits_per_param": 2.6315990112336127,
  "actual_bits_per_param": null,
  "estimated_compression_ratio": 12.159907289598571,
  "actual_compression_ratio": null,
  "weighted_mse": 2.4084264630607346e-05,
  "eval_before": {
    "top1": 69.764,
    "top5": 89.07,
    "num_samples": 50000.0
  },
  "eval_after": {
    "top1": 46.944,
    "top5": 71.628,
    "num_samples": 50000.0
  }
}