{
  "wikitext2": 6.5104546546936035,
  "c4": 8.327669143676758
}