{
  "wikitext2": 5.193028450012207,
  "c4": 6.794857501983643
}