{
  "wikitext2": 4.949071407318115,
  "c4": 6.5369648933410645
}