{
  "QTIP_no_e2e": {
    "bpp": [
      2,
      3,
      4
    ],
    "ppl_wikitext2": [
      7.936089515686035,
      6.9867448806762695,
      6.842454433441162
    ],
    "ppl_c4": [
      9.618080139160156,
      8.760348320007324,
      8.612601280212402
    ],
    "ppl_ptb": [
      29.90487289428711,
      27.900489807128906,
      26.92415428161621
    ],
    "zeroshot": [
      0.6632385903157694,
      0.6920871843598565,
      0.6910615908981853
    ]
  },
  "QTIP_no_ft": {
    "bpp": [
      2,
      3,
      4
    ],
    "ppl_wikitext2": [
      8.541297912597656,
      7.0452399253845215,
      6.825998306274414
    ],
    "ppl_c4": [
      10.176789283752441,
      8.815235137939453,
      8.600831031799316
    ],
    "ppl_ptb": [
      32.146331787109375,
      27.461240768432617,
      27.005847930908203
    ],
    "zeroshot": [
      0.6452274012454599,
      0.6878640589875327,
      0.6870084364582777
    ]
  },
  "AWQ": {
    "bpp": [
      2.25,
      3.25,
      4.25,
      5.25,
      6.25,
      7.25
    ],
    "ppl_wikitext2": [
      220999.953125,
      7.851508617401123,
      6.975998878479004,
      6.823504447937012,
      6.796305179595947,
      6.788998126983643
    ],
    "ppl_c4": [
      166853.5625,
      9.67420768737793,
      8.753579139709473,
      8.598921775817871,
      8.56654167175293,
      8.554238319396973
    ],
    "ppl_ptb": [
      194186.015625,
      30.807626724243164,
      27.247678756713867,
      27.164716720581055,
      26.851560592651367,
      26.743988037109375
    ],
    "zeroshot": [
      0.3720430324713823,
      0.670170736104738,
      0.6867543960641432,
      0.6913771525448117,
      0.6930354792157709,
      0.692013337320563
    ]
  },
  "NWC_ql_ldlq128_rnorm": {
    "bpp": [
      2.3099692966113436,
      2.6760452545870463,
      3.173134572456538,
      3.9582074404805128,
      4.77997140069082,
      5.982416292430514
    ],
    "ppl_wikitext2": [
      8.19373607635498,
      7.350240707397461,
      6.986747741699219,
      6.868584632873535,
      6.807043552398682,
      6.784189224243164
    ],
    "ppl_c4": [
      9.616677284240723,
      9.078835487365723,
      8.77938175201416,
      8.617076873779297,
      8.560249328613281,
      8.552290916442871
    ],
    "ppl_ptb": [
      33.44742965698242,
      28.627941131591797,
      27.656253814697266,
      26.866443634033203,
      26.651508331298828,
      26.673095703125
    ],
    "zeroshot": [
      0.66031856772485,
      0.6774214871118982,
      0.6908888319964268,
      0.6906301909278668,
      0.691416292421003,
      0.693582043065438
    ]
  },
  "NWC_ql_ldlq128_rnorm_ft": {
    "bpp": [
      2.3100195037673945,
      2.6760777911180966,
      3.1731501339785178,
      3.9582120774632292
    ],
    "ppl_wikitext2": [
      7.733859539031982,
      7.293385982513428,
      6.969570636749268,
      6.8536906242370605
    ],
    "ppl_c4": [
      9.475101470947266,
      9.018320083618164,
      8.759462356567383,
      8.615211486816406
    ],
    "ppl_ptb": [
      32.935203552246094,
      28.607542037963867,
      27.498186111450195,
      26.878442764282227
    ],
    "zeroshot": [
      0.6606077966050837,
      0.6750857165706786,
      0.6887003930687519,
      0.6896619857154611
    ]
  },
  "FP16": {
    "ppl_wikitext2": [
      6.783707141876221
    ],
    "ppl_c4": [
      8.552276611328125
    ],
    "ppl_ptb": 26.779464721679688,
    "zeroshot": [
      0.6930300556749174
    ]
  }
}