{
  "wikitext2": 5.653909683227539,
  "c4": 7.176455974578857
}