{
  "wikitext2": 6.286590099334717,
  "c4": 7.936628818511963
}