{
  "0_q.pt": {
    "mse": 0.002907219808548689,
    "num_pixels": 4194304
  },
  "0_k.pt": {
    "mse": 0.004881616216152906,
    "num_pixels": 1048576
  },
  "0_v.pt": {
    "mse": 0.00018712891323957592,
    "num_pixels": 1048576
  },
  "0_o.pt": {
    "mse": 0.00029171485221013427,
    "num_pixels": 4194304
  },
  "0_up.pt": {
    "mse": 0.000662242469843477,
    "num_pixels": 16777216
  },
  "0_gate.pt": {
    "mse": 0.0008345074602402747,
    "num_pixels": 16777216
  },
  "0_down.pt": {
    "mse": 0.0006535399006679654,
    "num_pixels": 16777216
  },
  "1_q.pt": {
    "mse": 0.0017427434213459492,
    "num_pixels": 4194304
  },
  "1_k.pt": {
    "mse": 0.00352631532587111,
    "num_pixels": 1048576
  },
  "1_v.pt": {
    "mse": 0.00020480831153690815,
    "num_pixels": 1048576
  },
  "1_o.pt": {
    "mse": 0.0003622310468927026,
    "num_pixels": 4194304
  },
  "1_up.pt": {
    "mse": 0.0006558028981089592,
    "num_pixels": 16777216
  },
  "1_gate.pt": {
    "mse": 0.0009065401973202825,
    "num_pixels": 16777216
  },
  "1_down.pt": {
    "mse": 0.0006405100575648248,
    "num_pixels": 16777216
  },
  "2_q.pt": {
    "mse": 0.0016862847842276096,
    "num_pixels": 4194304
  },
  "2_k.pt": {
    "mse": 0.003132965648546815,
    "num_pixels": 1048576
  },
  "2_v.pt": {
    "mse": 0.0002884889836423099,
    "num_pixels": 1048576
  },
  "2_o.pt": {
    "mse": 0.00037178053753450513,
    "num_pixels": 4194304
  },
  "2_up.pt": {
    "mse": 0.0005965771269984543,
    "num_pixels": 16777216
  },
  "2_gate.pt": {
    "mse": 0.0009601744823157787,
    "num_pixels": 16777216
  },
  "2_down.pt": {
    "mse": 0.000609742128290236,
    "num_pixels": 16777216
  },
  "3_q.pt": {
    "mse": 0.0016506420215591788,
    "num_pixels": 4194304
  },
  "3_k.pt": {
    "mse": 0.0029835118912160397,
    "num_pixels": 1048576
  },
  "3_v.pt": {
    "mse": 0.0004000893677584827,
    "num_pixels": 1048576
  },
  "3_o.pt": {
    "mse": 0.0004767134669236839,
    "num_pixels": 4194304
  },
  "3_up.pt": {
    "mse": 0.000564665300771594,
    "num_pixels": 16777216
  },
  "3_gate.pt": {
    "mse": 0.0011342765064910054,
    "num_pixels": 16777216
  },
  "3_down.pt": {
    "mse": 0.0005553653463721275,
    "num_pixels": 16777216
  },
  "4_q.pt": {
    "mse": 0.0015471172519028187,
    "num_pixels": 4194304
  },
  "4_k.pt": {
    "mse": 0.0028942141216248274,
    "num_pixels": 1048576
  },
  "4_v.pt": {
    "mse": 0.0003694521728903055,
    "num_pixels": 1048576
  },
  "4_o.pt": {
    "mse": 0.00047639472177252173,
    "num_pixels": 4194304
  },
  "4_up.pt": {
    "mse": 0.000555387872736901,
    "num_pixels": 16777216
  },
  "4_gate.pt": {
    "mse": 0.0012124930508434772,
    "num_pixels": 16777216
  },
  "4_down.pt": {
    "mse": 0.000545983319170773,
    "num_pixels": 16777216
  },
  "5_q.pt": {
    "mse": 0.001461155479773879,
    "num_pixels": 4194304
  },
  "5_k.pt": {
    "mse": 0.002941231708973646,
    "num_pixels": 1048576
  },
  "5_v.pt": {
    "mse": 0.0002620926534291357,
    "num_pixels": 1048576
  },
  "5_o.pt": {
    "mse": 0.00039243424544110894,
    "num_pixels": 4194304
  },
  "5_up.pt": {
    "mse": 0.0005696126027032733,
    "num_pixels": 16777216
  },
  "5_gate.pt": {
    "mse": 0.0010651274351403117,
    "num_pixels": 16777216
  },
  "5_down.pt": {
    "mse": 0.0005570047651417553,
    "num_pixels": 16777216
  },
  "6_q.pt": {
    "mse": 0.0013166386634111404,
    "num_pixels": 4194304
  },
  "6_k.pt": {
    "mse": 0.0031489941757172346,
    "num_pixels": 1048576
  },
  "6_v.pt": {
    "mse": 0.0003547806409187615,
    "num_pixels": 1048576
  },
  "6_o.pt": {
    "mse": 0.0004384174244478345,
    "num_pixels": 4194304
  },
  "6_up.pt": {
    "mse": 0.0005591788794845343,
    "num_pixels": 16777216
  },
  "6_gate.pt": {
    "mse": 0.0010164285777136683,
    "num_pixels": 16777216
  },
  "6_down.pt": {
    "mse": 0.0005396386259235442,
    "num_pixels": 16777216
  },
  "7_q.pt": {
    "mse": 0.001492145354859531,
    "num_pixels": 4194304
  },
  "7_k.pt": {
    "mse": 0.0030838476959615946,
    "num_pixels": 1048576
  },
  "7_v.pt": {
    "mse": 0.0003866986371576786,
    "num_pixels": 1048576
  },
  "7_o.pt": {
    "mse": 0.0004661366401705891,
    "num_pixels": 4194304
  },
  "7_up.pt": {
    "mse": 0.0005909149767830968,
    "num_pixels": 16777216
  },
  "7_gate.pt": {
    "mse": 0.000957947107963264,
    "num_pixels": 16777216
  },
  "7_down.pt": {
    "mse": 0.0005658600712195039,
    "num_pixels": 16777216
  },
  "8_q.pt": {
    "mse": 0.0013963882811367512,
    "num_pixels": 4194304
  },
  "8_k.pt": {
    "mse": 0.0031498889438807964,
    "num_pixels": 1048576
  },
  "8_v.pt": {
    "mse": 0.0003453273675404489,
    "num_pixels": 1048576
  },
  "8_o.pt": {
    "mse": 0.00045966648031026125,
    "num_pixels": 4194304
  },
  "8_up.pt": {
    "mse": 0.0006023357855156064,
    "num_pixels": 16777216
  },
  "8_gate.pt": {
    "mse": 0.0009322941186837852,
    "num_pixels": 16777216
  },
  "8_down.pt": {
    "mse": 0.0005715025472454727,
    "num_pixels": 16777216
  },
  "9_q.pt": {
    "mse": 0.001877041533589363,
    "num_pixels": 4194304
  },
  "9_k.pt": {
    "mse": 0.0029125832952558994,
    "num_pixels": 1048576
  },
  "9_v.pt": {
    "mse": 0.00041787614463828504,
    "num_pixels": 1048576
  },
  "9_o.pt": {
    "mse": 0.0005297851166687906,
    "num_pixels": 4194304
  },
  "9_up.pt": {
    "mse": 0.0006356667727231979,
    "num_pixels": 16777216
  },
  "9_gate.pt": {
    "mse": 0.0010210562031716108,
    "num_pixels": 16777216
  },
  "9_down.pt": {
    "mse": 0.000599843799136579,
    "num_pixels": 16777216
  },
  "10_q.pt": {
    "mse": 0.0015417796093970537,
    "num_pixels": 4194304
  },
  "10_k.pt": {
    "mse": 0.0025615780614316463,
    "num_pixels": 1048576
  },
  "10_v.pt": {
    "mse": 0.000329113652696833,
    "num_pixels": 1048576
  },
  "10_o.pt": {
    "mse": 0.0004584339039865881,
    "num_pixels": 4194304
  },
  "10_up.pt": {
    "mse": 0.0006477783317677677,
    "num_pixels": 16777216
  },
  "10_gate.pt": {
    "mse": 0.0010160459205508232,
    "num_pixels": 16777216
  },
  "10_down.pt": {
    "mse": 0.0006215933244675398,
    "num_pixels": 16777216
  },
  "11_q.pt": {
    "mse": 0.0015998445451259613,
    "num_pixels": 4194304
  },
  "11_k.pt": {
    "mse": 0.003016311675310135,
    "num_pixels": 1048576
  },
  "11_v.pt": {
    "mse": 0.00038826317177154124,
    "num_pixels": 1048576
  },
  "11_o.pt": {
    "mse": 0.0005013012560084462,
    "num_pixels": 4194304
  },
  "11_up.pt": {
    "mse": 0.000672786554787308,
    "num_pixels": 16777216
  },
  "11_gate.pt": {
    "mse": 0.0010369005613029003,
    "num_pixels": 16777216
  },
  "11_down.pt": {
    "mse": 0.0006498107686638832,
    "num_pixels": 16777216
  },
  "12_q.pt": {
    "mse": 0.0015926507767289877,
    "num_pixels": 4194304
  },
  "12_k.pt": {
    "mse": 0.0027890363708138466,
    "num_pixels": 1048576
  },
  "12_v.pt": {
    "mse": 0.00044367503141984344,
    "num_pixels": 1048576
  },
  "12_o.pt": {
    "mse": 0.0005161266890354455,
    "num_pixels": 4194304
  },
  "12_up.pt": {
    "mse": 0.0007066534599289298,
    "num_pixels": 16777216
  },
  "12_gate.pt": {
    "mse": 0.0010246693855151534,
    "num_pixels": 16777216
  },
  "12_down.pt": {
    "mse": 0.0006849159835837781,
    "num_pixels": 16777216
  },
  "13_q.pt": {
    "mse": 0.001501576043665409,
    "num_pixels": 4194304
  },
  "13_k.pt": {
    "mse": 0.00238666869699955,
    "num_pixels": 1048576
  },
  "13_v.pt": {
    "mse": 0.0006179851479828358,
    "num_pixels": 1048576
  },
  "13_o.pt": {
    "mse": 0.0006363154388964176,
    "num_pixels": 4194304
  },
  "13_up.pt": {
    "mse": 0.0007484463276341558,
    "num_pixels": 16777216
  },
  "13_gate.pt": {
    "mse": 0.000984184443950653,
    "num_pixels": 16777216
  },
  "13_down.pt": {
    "mse": 0.0007166534778662026,
    "num_pixels": 16777216
  },
  "14_q.pt": {
    "mse": 0.0015428749611601233,
    "num_pixels": 4194304
  },