{
  "wikitext2": 14.493839263916016,
  "c4": 19.748998641967773
}