{
  "wikitext2": 13.522237777709961,
  "c4": 18.882741928100586
}