{
  "0_q.pt": {
    "mse": 1.0155348718399182e-05,
    "num_pixels": 4194304
  },
  "0_k.pt": {
    "mse": 1.4108518371358514e-05,
    "num_pixels": 1048576
  },
  "0_v.pt": {
    "mse": 4.982985046808608e-07,
    "num_pixels": 1048576
  },
  "0_o.pt": {
    "mse": 8.553387829124404e-07,
    "num_pixels": 4194304
  },
  "0_up.pt": {
    "mse": 1.2660366337513551e-06,
    "num_pixels": 16777216
  },
  "0_gate.pt": {
    "mse": 1.5909695321170148e-06,
    "num_pixels": 16777216
  },
  "0_down.pt": {
    "mse": 1.182607661576185e-06,
    "num_pixels": 16777216
  },
  "1_q.pt": {
    "mse": 3.7174449971644208e-06,
    "num_pixels": 4194304
  },
  "1_k.pt": {
    "mse": 7.486700269510038e-06,
    "num_pixels": 1048576
  },
  "1_v.pt": {
    "mse": 4.3793403392555774e-07,
    "num_pixels": 1048576
  },
  "1_o.pt": {
    "mse": 9.014564739118214e-07,
    "num_pixels": 4194304
  },
  "1_up.pt": {
    "mse": 1.2397229056659853e-06,
    "num_pixels": 16777216
  },
  "1_gate.pt": {
    "mse": 1.7107927305914927e-06,
    "num_pixels": 16777216
  },
  "1_down.pt": {
    "mse": 9.461900276619417e-07,
    "num_pixels": 16777216
  },
  "2_q.pt": {
    "mse": 3.3237208754144376e-06,
    "num_pixels": 4194304
  },
  "2_k.pt": {
    "mse": 6.164569640532136e-06,
    "num_pixels": 1048576
  },
  "2_v.pt": {
    "mse": 5.717419071515906e-07,
    "num_pixels": 1048576
  },
  "2_o.pt": {
    "mse": 7.778149893056252e-07,
    "num_pixels": 4194304
  },
  "2_up.pt": {
    "mse": 1.0580187108644168e-06,
    "num_pixels": 16777216
  },
  "2_gate.pt": {
    "mse": 1.7020943232637364e-06,
    "num_pixels": 16777216
  },
  "2_down.pt": {
    "mse": 1.074587089533452e-06,
    "num_pixels": 16777216
  },
  "3_q.pt": {
    "mse": 3.0361145491042407e-06,
    "num_pixels": 4194304
  },
  "3_k.pt": {
    "mse": 5.4976298997644335e-06,
    "num_pixels": 1048576
  },
  "3_v.pt": {
    "mse": 7.392978318421228e-07,
    "num_pixels": 1048576
  },
  "3_o.pt": {
    "mse": 1.011463155009551e-06,
    "num_pixels": 4194304
  },
  "3_up.pt": {
    "mse": 9.892851267068181e-07,
    "num_pixels": 16777216
  },
  "3_gate.pt": {
    "mse": 1.9805545434792293e-06,
    "num_pixels": 16777216
  },
  "3_down.pt": {
    "mse": 1.001850250759162e-06,
    "num_pixels": 16777216
  },
  "4_q.pt": {
    "mse": 2.965448857139563e-06,
    "num_pixels": 4194304
  },
  "4_k.pt": {
    "mse": 5.5392010835930705e-06,
    "num_pixels": 1048576
  },
  "4_v.pt": {
    "mse": 7.039589604573848e-07,
    "num_pixels": 1048576
  },
  "4_o.pt": {
    "mse": 1.1231629741814686e-06,
    "num_pixels": 4194304
  },
  "4_up.pt": {
    "mse": 9.754198799782898e-07,
    "num_pixels": 16777216
  },
  "4_gate.pt": {
    "mse": 2.1291216398822144e-06,
    "num_pixels": 16777216
  },
  "4_down.pt": {
    "mse": 1.01518958217639e-06,
    "num_pixels": 16777216
  },
  "5_q.pt": {
    "mse": 2.9408245154627366e-06,
    "num_pixels": 4194304
  },
  "5_k.pt": {
    "mse": 5.957355369901052e-06,
    "num_pixels": 1048576
  },
  "5_v.pt": {
    "mse": 5.332601631380385e-07,
    "num_pixels": 1048576
  },
  "5_o.pt": {
    "mse": 9.201070270137279e-07,
    "num_pixels": 4194304
  },
  "5_up.pt": {
    "mse": 1.0194680726272054e-06,
    "num_pixels": 16777216
  },
  "5_gate.pt": {
    "mse": 1.8968809172292822e-06,
    "num_pixels": 16777216
  },
  "5_down.pt": {
    "mse": 1.0373926215834217e-06,
    "num_pixels": 16777216
  },
  "6_q.pt": {
    "mse": 2.5676181394374e-06,
    "num_pixels": 4194304
  },
  "6_k.pt": {
    "mse": 6.148829015728552e-06,
    "num_pixels": 1048576
  },
  "6_v.pt": {
    "mse": 7.039987508505874e-07,
    "num_pixels": 1048576
  },
  "6_o.pt": {
    "mse": 9.968041467800504e-07,
    "num_pixels": 4194304
  },
  "6_up.pt": {
    "mse": 9.91373212855251e-07,
    "num_pixels": 16777216
  },
  "6_gate.pt": {
    "mse": 1.801572921067418e-06,
    "num_pixels": 16777216
  },
  "6_down.pt": {
    "mse": 1.0162239050259814e-06,
    "num_pixels": 16777216
  },
  "7_q.pt": {
    "mse": 2.9410393835860305e-06,
    "num_pixels": 4194304
  },
  "7_k.pt": {
    "mse": 6.089458565838868e-06,
    "num_pixels": 1048576
  },
  "7_v.pt": {
    "mse": 7.740954970358871e-07,
    "num_pixels": 1048576
  },
  "7_o.pt": {
    "mse": 1.1249150020375964e-06,
    "num_pixels": 4194304
  },
  "7_up.pt": {
    "mse": 1.0659111921995645e-06,
    "num_pixels": 16777216
  },
  "7_gate.pt": {
    "mse": 1.7279191979469033e-06,
    "num_pixels": 16777216
  },
  "7_down.pt": {
    "mse": 1.0910314358625328e-06,
    "num_pixels": 16777216
  },
  "8_q.pt": {
    "mse": 2.773543201328721e-06,
    "num_pixels": 4194304
  },
  "8_k.pt": {
    "mse": 6.345965630316641e-06,
    "num_pixels": 1048576
  },
  "8_v.pt": {
    "mse": 6.983345883782022e-07,
    "num_pixels": 1048576
  },
  "8_o.pt": {
    "mse": 1.0696936669774004e-06,
    "num_pixels": 4194304
  },
  "8_up.pt": {
    "mse": 1.109825916500995e-06,
    "num_pixels": 16777216
  },
  "8_gate.pt": {
    "mse": 1.7196108501593699e-06,
    "num_pixels": 16777216
  },
  "8_down.pt": {
    "mse": 1.1110037121397909e-06,
    "num_pixels": 16777216
  },
  "9_q.pt": {
    "mse": 3.6980732147640083e-06,
    "num_pixels": 4194304
  },
  "9_k.pt": {
    "mse": 5.706560386897763e-06,
    "num_pixels": 1048576
  },
  "9_v.pt": {
    "mse": 8.054181535044336e-07,
    "num_pixels": 1048576
  },
  "9_o.pt": {
    "mse": 1.2927314401167678e-06,
    "num_pixels": 4194304
  },
  "9_up.pt": {
    "mse": 1.1858487596327905e-06,
    "num_pixels": 16777216
  },
  "9_gate.pt": {
    "mse": 1.912507286760956e-06,
    "num_pixels": 16777216
  },
  "9_down.pt": {
    "mse": 1.186004510600469e-06,
    "num_pixels": 16777216
  },
  "10_q.pt": {
    "mse": 3.036887846974423e-06,
    "num_pixels": 4194304
  },
  "10_k.pt": {
    "mse": 5.082768893771572e-06,
    "num_pixels": 1048576
  },
  "10_v.pt": {
    "mse": 6.664961347269127e-07,
    "num_pixels": 1048576
  },
  "10_o.pt": {
    "mse": 1.0637361356202746e-06,
    "num_pixels": 4194304
  },
  "10_up.pt": {
    "mse": 1.1882143553521018e-06,
    "num_pixels": 16777216
  },
  "10_gate.pt": {
    "mse": 1.8704101876210188e-06,
    "num_pixels": 16777216
  },
  "10_down.pt": {
    "mse": 1.2028401670249877e-06,
    "num_pixels": 16777216
  },
  "11_q.pt": {
    "mse": 3.08657195091655e-06,
    "num_pixels": 4194304
  },
  "11_k.pt": {
    "mse": 5.91746447753394e-06,
    "num_pixels": 1048576
  },
  "11_v.pt": {
    "mse": 7.518251550209243e-07,
    "num_pixels": 1048576
  },
  "11_o.pt": {
    "mse": 1.1457971140771406e-06,
    "num_pixels": 4194304
  },
  "11_up.pt": {
    "mse": 1.2174912171758479e-06,
    "num_pixels": 16777216
  },
  "11_gate.pt": {
    "mse": 1.8768112113320967e-06,
    "num_pixels": 16777216
  },
  "11_down.pt": {
    "mse": 1.2322226439209771e-06,
    "num_pixels": 16777216
  },
  "12_q.pt": {
    "mse": 3.1286015200748807e-06,
    "num_pixels": 4194304
  },
  "12_k.pt": {
    "mse": 5.434703780338168e-06,
    "num_pixels": 1048576
  },
  "12_v.pt": {
    "mse": 8.796895940577087e-07,
    "num_pixels": 1048576
  },
  "12_o.pt": {
    "mse": 1.152362870016077e-06,
    "num_pixels": 4194304
  },
  "12_up.pt": {
    "mse": 1.2726056866085855e-06,
    "num_pixels": 16777216
  },
  "12_gate.pt": {
    "mse": 1.8497665905670146e-06,
    "num_pixels": 16777216
  },
  "12_down.pt": {
    "mse": 1.2475524044930353e-06,
    "num_pixels": 16777216
  },
  "13_q.pt": {
    "mse": 2.9374796213232912e-06,
    "num_pixels": 4194304
  },
  "13_k.pt": {
    "mse": 4.642012754629832e-06,
    "num_pixels": 1048576
  },
  "13_v.pt": {
    "mse": 1.197251322082593e-06,
    "num_pixels": 1048576
  },
  "13_o.pt": {
    "mse": 1.4944594113330822e-06,
    "num_pixels": 4194304
  },
  "13_up.pt": {
    "mse": 1.3441360806609737e-06,
    "num_pixels": 16777216
  },
  "13_gate.pt": {
    "mse": 1.7665701079749851e-06,
    "num_pixels": 16777216
  },
  "13_down.pt": {
    "mse": 1.2915276101921336e-06,
    "num_pixels": 16777216
  },