{
  "wikitext2": 4.902373790740967,
  "c4": 6.489294052124023
}