{
  "compressed_layers": 54,
  "compressed_params": 25502912,
  "fp32_bits": 816093184.0,
  "use_codes": false,
  "metadata_bits": 109888.0,
  "estimated_bits": 66420103.78125,
  "actual_bits": null,
  "estimated_bits_per_param": 2.6044125385073675,
  "actual_bits_per_param": null,
  "estimated_compression_ratio": 12.286839940626203,
  "actual_compression_ratio": null,
  "weighted_mse": 8.483295009828289e-05,
  "eval_before": {
    "top1": 80.852,
    "top5": 95.428,
    "num_samples": 50000.0
  },
  "eval_after": {
    "top1": 0.136,
    "top5": 0.692,
    "num_samples": 50000.0
  }
}