{
  "wikitext2": 8.102950096130371,
  "c4": 11.350628852844238
}