{
  "wikitext2": 6.219320774078369,
  "c4": 8.981223106384277
}