{
    "t=1": {
        "mses": [
            0.22340613631355533,
            0.22340613631355533,
            0.22339757605356003,
            0.22334316529886447,
            0.223233738577161,
            0.2230303243001362,
            0.22265199854025958,
            0.22209237267043888,
            0.2213477938885469
        ],
        "mse_from_npy": [
            0.5658001217406343,
            0.5658001217406343,
            0.5657911096331758,
            0.5657305972407779,
            0.565609944709985,
            0.5653809952192859,
            0.5649568492819701,
            0.5643481748642265,
            0.5635442565987644
        ],
        "bpps": [
            1.1190310886928014,
            1.1190310886928014,
            1.1192376954214913,
            1.1201553344726562,
            1.1217711993626185,
            1.1243127414158411,
            1.1283114978245325,
            1.1342346327645438,
            1.141491140638079
        ]
    },
    "t=1.2": {
        "mses": [
            0.30707540546148676,
            0.30707540546148676,
            0.30697755040652003,
            0.3067218672219102,
            0.30623133706787414,
            0.30554861510146203,
            0.30463392846097104,
            0.3030352397680712,
            0.29713770367855774
        ],
        "mse_from_npy": [
            0.5867672826371979,
            0.5867672826371979,
            0.5866642519102958,
            0.5863853948929247,
            0.5858629795818245,
            0.5851429713108607,
            0.5841797498073081,
            0.5824502488582868,
            0.575911898595091
        ],
        "bpps": [
            0.9701252324240548,
            0.9701252324240548,
            0.9716567993164062,
            0.9747704778398786,
            0.980393818446568,
            0.9873103754861015,
            0.9957008702414376,
            1.0073363099779402,
            1.0382532392229353
        ]
    },
    "t=1.5": {
        "mses": [
            0.42897968508378365,
            0.42897968508378365,
            0.42840586705329,
            0.427413700152807,
            0.42582163042863874,
            0.41936824705756603,
            0.4133726720478928,
            0.40621404336542316,
            0.39670137891455853
        ],
        "mse_from_npy": [
            0.6369703403835554,
            0.6369703403835554,
            0.6363776887132443,
            0.6353632527668536,
            0.6337036271406078,
            0.6268606778711275,
            0.6205578174150089,
            0.6130377673440186,
            0.6027653849567828
        ],
        "bpps": [
            0.7563172408512661,
            0.7563172408512661,
            0.7627388409205845,
            0.772228581564767,
            0.7851447718484061,
            0.8191818169185093,
            0.8546007360730853,
            0.8947980403900146,
            0.9426281452178955
        ]
    },
    "t=2": {
        "mses": [
            0.604488271344497,
            0.604488271344497,
            0.5983445824331328,
            0.5930235449006999,
            0.5832573899216097,
            0.5738362164223844,
            0.5622729787005196,
            0.5455492366565655,
            0.5243389653325096
        ],
        "mse_from_npy": [
            0.7352522328683586,
            0.7352522328683586,
            0.7290107422096247,
            0.7236068575368417,
            0.7136248081326911,
            0.703910262292427,
            0.6917951597264959,
            0.673889256635183,
            0.6507426290904149
        ],
        "bpps": [
            0.4937267644064767,
            0.4937267644064767,
            0.5312023844037738,
            0.5652176652635846,
            0.6172940731048584,
            0.6648054804120745,
            0.7194128717694964,
            0.7855792045593262,
            0.8597817420959473
        ]
    },
    "t=2.5": {
        "mses": [
            0.7388866564692625,
            0.7388866564692625,
            0.7290402182108257,
            0.7186452106622826,
            0.703540927250023,
            0.6837187416090441,
            0.6571432576111909,
            0.6273402164891919,
            0.5995225617834467
        ],
        "mse_from_npy": [
            0.8232980788261359,
            0.8232980788261359,
            0.8134324145876619,
            0.802901382181941,
            0.7872770557929566,
            0.7665329799289679,
            0.7384440797774894,
            0.7066952789441453,
            0.6771848132579185
        ],
        "bpps": [
            0.34512499400547575,
            0.34512499400547575,
            0.39857111658368793,
            0.45037518228803364,
            0.5118589741843087,
            0.5800466878073556,
            0.6612168039594378,
            0.7485696247645787,
            0.8384248529161725
        ]
    },
    "t=3": {
        "mses": [
            0.8343169228318669,
            0.8343169228318669,
            0.8208390921684495,
            0.8003217771460209,
            0.7729063518168235,
            0.7428162664925052,
            0.7111173275624149,
            0.6789652951736853,
            0.6481677759303645
        ],
        "mse_from_npy": [
            0.8897808028524946,
            0.8897808028524946,
            0.8762377605480487,
            0.8551607157544646,
            0.8268332708294243,
            0.795443371664279,
            0.7623892800689863,
            0.7287892458550081,
            0.6963672194322784
        ],
        "bpps": [
            0.25185952867780415,
            0.25185952867780415,
            0.3138324533190046,
            0.38368317059108187,
            0.4642010416303362,
            0.5464919635227748,
            0.6364340441567558,
            0.7301876885550362,
            0.8236297539302281
        ]
    },
    "t=3.5": {
        "mses": [
            0.8980387117538351,
            0.8980387117538351,
            0.8741951985996106,
            0.8447536627550266,
            0.8107995002995833,
            0.775907890455634,
            0.7404940349974855,
            0.7032695802636529,
            0.6672262547784502
        ],
        "mse_from_npy": [
            0.9357275560968723,
            0.9357275560968723,
            0.9115735500216284,
            0.8813950921436825,
            0.8464513058007493,
            0.810388294478024,
            0.7738117278553877,
            0.7350086379671804,
            0.6975545359756063
        ],
        "bpps": [
            0.18848654202052526,
            0.18848654202052526,
            0.26737972668239046,
            0.3503459521702358,
            0.44053173065185547,
            0.5299895831516811,
            0.6246322904314313,
            0.7243195601872036,
            0.8225512163979667
        ]
    },
    "t=4": {
        "mses": [
            0.9378105675466136,
            0.9378105675466136,
            0.904931930563829,
            0.8685432810922296,
            0.8296295129157325,
            0.7909255463985528,
            0.7510601321284469,
            0.7135806141034873,
            0.6796556571306251
        ],
        "mse_from_npy": [
            0.9633839217688731,
            0.9633839217688731,
            0.9300484858624241,
            0.8928863057048054,
            0.853104733614377,
            0.8134472169842533,
            0.77234477176692,
            0.7338969608820595,
            0.6990939856778203
        ],
        "bpps": [
            0.15204572677612305,
            0.15204572677612305,
            0.2423367840903146,
            0.33420045035226004,
            0.42981226103646414,
            0.5232948235103062,
            0.6206334659031459,
            0.7210292816162109,
            0.8223718915666852
        ]
    },