{
    "ppl": {
        "wikitext2": 5.475654125213623,
        "c4": 6.998880863189697
    }
}