{
    "ppl": {
        "wikitext2": 5.473416328430176,
        "c4": 6.984557151794434
    }
}