{
    "ppl": {
        "wikitext2": 5.4801249504089355,
        "c4": 6.987483978271484
    }
}