{
    "ppl": {
        "wikitext2": 5.562678813934326,
        "c4": 7.192139625549316
    }
}