{
  "wikitext2": 6.30398416519165,
  "c4": 7.939153671264648
}