{
  "wikitext2": 5.523446559906006,
  "c4": 7.030466079711914
}