{
  "compressed_layers": 21,
  "compressed_params": 11678912,
  "fp32_bits": 373725184.0,
  "use_codes": false,
  "metadata_bits": 63296.0,
  "estimated_bits": 26944870.666015625,
  "actual_bits": null,
  "estimated_bits_per_param": 2.3071387699484016,
  "actual_bits_per_param": null,
  "estimated_compression_ratio": 13.869993611487736,
  "actual_compression_ratio": null,
  "weighted_mse": 8.300089340234192e-05,
  "eval_before": {
    "top1": 69.764,
    "top5": 89.07,
    "num_samples": 50000.0
  },
  "eval_after": {
    "top1": 67.086,
    "top5": 87.444,
    "num_samples": 50000.0
  }
}