{
  "compressed_layers": 21,
  "compressed_params": 11678912,
  "fp32_bits": 373725184.0,
  "use_codes": false,
  "metadata_bits": 63270.0,
  "estimated_bits": 35314742.6015625,
  "actual_bits": null,
  "estimated_bits_per_param": 3.0238041524383865,
  "actual_bits_per_param": null,
  "estimated_compression_ratio": 10.582695964021115,
  "actual_compression_ratio": null,
  "weighted_mse": 1.3424794917865174e-05,
  "eval_before": {
    "top1": 69.764,
    "top5": 89.07,
    "num_samples": 50000.0
  },
  "eval_after": {
    "top1": 56.454,
    "top5": 80.08,
    "num_samples": 50000.0
  }
}