{
    "ppl": {
        "wikitext2": 220999.953125,
        "c4": 166853.5625,
        "ptb": 194186.015625
    }
}