{
    "ppl": {
        "wikitext2": 7.851508617401123,
        "c4": 9.67420768737793,
        "ptb": 30.807626724243164
    }
}