{
    "ppl": {
        "wikitext2": 6.975998878479004,
        "c4": 8.753579139709473,
        "ptb": 27.247678756713867
    }
}