{
    "ppl": {
        "wikitext2": 6.823504447937012,
        "c4": 8.598921775817871,
        "ptb": 27.164716720581055
    }
}