{
    "ppl": {
        "wikitext2": 6.796305179595947,
        "c4": 8.56654167175293,
        "ptb": 26.851560592651367
    }
}