{
    "ppl": {
        "wikitext2": 6.788998126983643,
        "c4": 8.554238319396973,
        "ptb": 26.743988037109375
    }
}