{
    "ppl": {
        "wikitext2": 8.222607612609863,
        "c4": 11.567950248718262
    }
}