{
    "ppl": {
        "wikitext2": 6.530762672424316,
        "c4": 9.396510124206543
    }
}