{
    "ppl": {
        "wikitext2": 6.238217830657959,
        "c4": 8.995973587036133
    }
}