{
    "ppl": {
        "wikitext2": 6.157261848449707,
        "c4": 8.906269073486328
    }
}