{
    "ppl": {
        "wikitext2": 6.14137601852417,
        "c4": 8.887651443481445
    }
}