{
    "ppl": {
        "wikitext2": 6.138271331787109,
        "c4": 8.881821632385254
    }
}