{
    "ppl": {
        "wikitext2": 6.135891437530518,
        "c4": 8.881292343139648
    }
}