{
    "ppl": {
        "wikitext2": 5.528425216674805,
        "c4": 7.03383207321167
    }
}