{
    "ppl": {
        "wikitext2": 5.669424057006836,
        "c4": 7.180874824523926
    }
}