{
    "ppl": {
        "wikitext2": 5.489495754241943,
        "c4": 6.991848468780518
    }
}