{
    "ppl": {
        "wikitext2": 5.920328140258789,
        "c4": 7.482912540435791
    }
}