{
    "ppl": {
        "wikitext2": 6.353394031524658,
        "c4": 7.999689102172852
    }
}