{
    "ppl": {
        "wikitext2": 5.476101398468018,
        "c4": 6.976603031158447
    }
}