{
  "compressed_layers": 54,
  "compressed_params": 25502912,
  "fp32_bits": 816093184.0,
  "use_codes": false,
  "metadata_bits": 109888.0,
  "estimated_bits": 78889345.84570312,
  "actual_bits": null,
  "estimated_bits_per_param": 3.0933465890367,
  "actual_bits_per_param": null,
  "estimated_compression_ratio": 10.344783256235484,
  "actual_compression_ratio": null,
  "weighted_mse": 4.388833357565488e-05,
  "eval_before": {
    "top1": 80.852,
    "top5": 95.428,
    "num_samples": 50000.0
  },
  "eval_after": {
    "top1": 0.1,
    "top5": 0.5,
    "num_samples": 50000.0
  }
}