{
  "compressed_layers": 21,
  "compressed_params": 11678912,
  "fp32_bits": 373725184.0,
  "use_codes": false,
  "metadata_bits": 63296.0,
  "estimated_bits": 59765424.1640625,
  "actual_bits": null,
  "estimated_bits_per_param": 5.117379441172474,
  "actual_bits_per_param": null,
  "estimated_compression_ratio": 6.253200562487171,
  "actual_compression_ratio": null,
  "weighted_mse": 7.706955150892342e-07,
  "eval_before": {
    "top1": 69.764,
    "top5": 89.07,
    "num_samples": 50000.0
  },
  "eval_after": {
    "top1": 69.37,
    "top5": 88.868,
    "num_samples": 50000.0
  }
}