{
  "wikitext2": 9.023275375366211,
  "c4": 12.54200267791748
}