{
  "wikitext2": 8.876254081726074,
  "c4": 12.300732612609863
}