{
  "wikitext2": 8.787407875061035,
  "c4": 12.25015926361084
}