{
  "wikitext2": 8.767680168151855,
  "c4": 12.2361478805542
}