{
  "compressed_layers": 21,
  "compressed_params": 11678912,
  "fp32_bits": 373725184.0,
  "use_codes": false,
  "metadata_bits": 63270.0,
  "estimated_bits": 26406360.34765625,
  "actual_bits": null,
  "estimated_bits_per_param": 2.2610291393287536,
  "actual_bits_per_param": null,
  "estimated_compression_ratio": 14.152847233760133,
  "actual_compression_ratio": null,
  "weighted_mse": 4.006040533905508e-05,
  "eval_before": {
    "top1": 69.764,
    "top5": 89.07,
    "num_samples": 50000.0
  },
  "eval_after": {
    "top1": 33.886,
    "top5": 58.264,
    "num_samples": 50000.0
  }
}