quip_bpp,nwc_bpp,n_subjects,quip_mean,nwc_mean,mean_diff_nwc_minus_quip,t_stat,p_value
2.0,2.3015328621482833,57,0.4482336910021283,0.513655975030238,0.06542228402810975,8.928581721496949,2.3529164348138174e-12
3.0,2.9666457464202094,57,0.5923241452367781,0.6015054599498793,0.009181314713101258,2.139336109056109,0.036781669108170725
4.0,3.954826640797994,57,0.6279296565219432,0.6345623664636311,0.006632709941687773,1.939781987337502,0.05744902329836602
