n_rows,n_subjects,quip_mean,nwc_mean,mean_diff_nwc_minus_quip,t_stat,p_value
171,57,0.5561624975869499,0.583241267147916,0.027078769560966262,7.3611776750177835,7.466622521105917e-12
