{
  "compressed_layers": 21,
  "compressed_params": 11678912,
  "fp32_bits": 373725184.0,
  "use_codes": false,
  "metadata_bits": 63296.0,
  "estimated_bits": 18149536.190429688,
  "actual_bits": null,
  "estimated_bits_per_param": 1.5540434066486406,
  "actual_bits_per_param": null,
  "estimated_compression_ratio": 20.591445427518227,
  "actual_compression_ratio": null,
  "weighted_mse": 0.00021631512147454848,
  "eval_before": {
    "top1": 69.764,
    "top5": 89.07,
    "num_samples": 50000.0
  },
  "eval_after": {
    "top1": 55.19,
    "top5": 79.098,
    "num_samples": 50000.0
  }
}