{
  "wikitext2": 5.456310272216797,
  "c4": 7.159486770629883
}