{
  "wikitext2": 5.014006614685059,
  "c4": 6.61126708984375
}