{
  "wikitext2": 4.918275356292725,
  "c4": 6.509426116943359
}