{
  "wikitext2": 10.66104793548584,
  "c4": 14.037652969360352
}