{
  "wikitext2": 8.333210945129395,
  "c4": 11.253024101257324
}