{
  "wikitext2": 7.958133220672607,
  "c4": 10.642224311828613
}