{
  "wikitext2": 7.88296365737915,
  "c4": 10.547170639038086
}