{
  "wikitext2": 7.886200904846191,
  "c4": 10.547411918640137
}