{
    "ppl": {
        "wikitext2": 227313.078125,
        "c4": 170838.71875
    }
}