{
    "ppl": {
        "wikitext2": 6.210866928100586,
        "c4": 7.79399299621582
    }
}