{
    "ppl": {
        "wikitext2": 5.610871315002441,
        "c4": 7.123086452484131
    }
}