{
    "ppl": {
        "wikitext2": 5.507728576660156,
        "c4": 7.003360748291016
    }
}