{
    "ppl": {
        "wikitext2": 5.483842849731445,
        "c4": 6.982050895690918
    }
}