{
    "ppl": {
        "wikitext2": 5.4728546142578125,
        "c4": 6.974974632263184
    }
}