{
    "ppl": {
        "wikitext2": 5.472936153411865,
        "c4": 6.973103046417236
    }
}