{"loss": [3.8602113723754883, 4.365078926086426, 4.173586368560791, 4.206620693206787, 3.989908218383789, 3.9875948429107666, 4.024852752685547, 3.962459087371826, 3.9210524559020996, 3.957326889038086, 3.9574103355407715, 3.87677264213562, 3.8550939559936523, 3.85933256149292, 3.8649849891662598, 3.845020294189453, 3.8217644691467285, 3.814666509628296, 3.8244450092315674, 3.8052031993865967, 3.7924530506134033, 3.787259578704834, 3.78623628616333, 3.7824785709381104, 3.765899181365967, 3.7527687549591064, 3.7585649490356445, 3.753934621810913, 3.7390449047088623, 3.7401833534240723, 3.7412657737731934, 3.741513729095459, 3.739915609359741, 3.728362560272217, 3.724924087524414, 3.723817825317383, 3.719327211380005, 3.719240665435791, 3.714587688446045, 3.7045912742614746, 3.701319932937622, 3.7008707523345947, 3.696025848388672, 3.688342809677124, 3.6948251724243164, 3.6886801719665527, 3.6817800998687744, 3.6842141151428223, 3.683189630508423, 3.6768791675567627, 3.6691274642944336, 3.6825482845306396, 3.6757090091705322, 3.66764235496521, 3.657226324081421, 3.6621880531311035, 3.6686172485351562, 3.6537842750549316, 3.6523568630218506, 3.6546881198883057, 3.6515660285949707, 3.643558979034424, 3.6495094299316406, 3.6385622024536133, 3.649531841278076, 3.6424598693847656, 3.639108896255493, 3.6342709064483643, 3.6339573860168457, 3.6272127628326416, 3.6268069744110107, 3.6293511390686035, 3.6218132972717285, 3.619947910308838, 3.622854709625244, 3.61759614944458, 3.616159439086914, 3.613081693649292, 3.621248960494995, 3.6093592643737793, 3.61265230178833, 3.6066765785217285, 3.611290454864502, 3.6044726371765137, 3.6062002182006836, 3.597217082977295, 3.6002860069274902, 3.598925828933716, 3.5935895442962646, 3.58640193939209, 3.5905165672302246, 3.5880632400512695, 3.5870847702026367, 3.583174705505371, 3.588395833969116, 3.5825281143188477, 3.577847480773926, 3.5756349563598633, 3.5821642875671387, 3.5767383575439453], "adaptive_loss": [0.0062232837080955505, 0.011300954967737198, 0.009404836222529411, 0.009751965291798115, 0.007599309552460909, 0.007587616331875324, 0.007972543127834797, 0.0073592569679021835, 0.00695469044148922, 0.007327662780880928, 0.007335763890296221, 0.006537288893014193, 0.006326313596218824, 0.006373711861670017, 0.006434904411435127, 0.00623990036547184, 0.006011601537466049, 0.005944503005594015, 0.006046423222869635, 0.005857078358530998, 0.005733075551688671, 0.005684440955519676, 0.005677180830389261, 0.00564356567338109, 0.00548088364303112, 0.005352761130779982, 0.005414679646492004, 0.005371484439820051, 0.0052267699502408504, 0.0052412222139537334, 0.005254846066236496, 0.005261346232146025, 0.005249250214546919, 0.005137598607689142, 0.005106681026518345, 0.0051009776070714, 0.0050598555244505405, 0.005064505618065596, 0.005022624973207712, 0.004926757887005806, 0.004899121355265379, 0.004899400752037764, 0.004855955485254526, 0.004782102536410093, 0.004851564299315214, 0.004793965723365545, 0.004729534033685923, 0.004757581278681755, 0.004751547239720821, 0.0046934508718550205, 0.004620947875082493, 0.004759183153510094, 0.004697016905993223, 0.0046205720864236355, 0.004522167611867189, 0.004577824380248785, 0.004646606743335724, 0.0045030186884105206, 0.004493759013712406, 0.004521889146417379, 0.004494995344430208, 0.004420848563313484, 0.004484936129301786, 0.004380723461508751, 0.004495659843087196, 0.004431482404470444, 0.004404216539114714, 0.0043618688359856606, 0.00436313496902585, 0.004301318433135748, 0.004303458612412214, 0.004335496108978987, 0.004265519790351391, 0.004252481274306774, 0.00428733928129077, 0.00424184650182724, 0.004233586601912975, 0.004209653940051794, 0.004296946804970503, 0.004185288213193417, 0.004226252902299166, 0.004173327703028917, 0.004226213786751032, 0.004165072459727526, 0.004188827238976955, 0.004106120206415653, 0.004143818281590939, 0.004136943258345127, 0.004089841619133949, 0.004025572445243597, 0.0040734256617724895, 0.004055412951856852, 0.004052666947245598, 0.004021695349365473, 0.004082150291651487, 0.004031084477901459, 0.003992910496890545, 0.003978434484452009, 0.004051424562931061, 0.004005415830761194], "bpp_loss": [3.2378828525543213, 3.234983205795288, 3.233102560043335, 3.231424331665039, 3.2299771308898926, 3.2288331985473633, 3.2275984287261963, 3.2265334129333496, 3.22558331489563, 3.224560499191284, 3.2238340377807617, 3.22304368019104, 3.2224626541137695, 3.221961498260498, 3.221494436264038, 3.2210302352905273, 3.220604181289673, 3.2202162742614746, 3.2198026180267334, 3.2194952964782715, 3.2191455364227295, 3.218815565109253, 3.2185182571411133, 3.2181220054626465, 3.217810869216919, 3.2174925804138184, 3.217097043991089, 3.2167861461639404, 3.2163679599761963, 3.2160611152648926, 3.2157812118530273, 3.215379238128662, 3.2149906158447266, 3.2146027088165283, 3.2142560482025146, 3.2137200832366943, 3.21334171295166, 3.212790012359619, 3.21232533454895, 3.2119154930114746, 3.2114078998565674, 3.210930585861206, 3.210430383682251, 3.210132598876953, 3.2096688747406006, 3.2092835903167725, 3.208826780319214, 3.208456039428711, 3.2080349922180176, 3.207534074783325, 3.2070326805114746, 3.206629991531372, 3.206007242202759, 3.205585241317749, 3.2050094604492188, 3.2044055461883545, 3.2039566040039062, 3.2034823894500732, 3.2029809951782227, 3.2024991512298584, 3.202066421508789, 3.201474189758301, 3.2010159492492676, 3.2004897594451904, 3.1999659538269043, 3.1993117332458496, 3.1986873149871826, 3.1980841159820557, 3.197643756866455, 3.1970808506011963, 3.1964612007141113, 3.1958014965057373, 3.195261240005493, 3.194699764251709, 3.1941208839416504, 3.1934115886688232, 3.192800760269165, 3.1921162605285645, 3.191554307937622, 3.1908304691314697, 3.1900269985198975, 3.1893439292907715, 3.188668966293335, 3.1879653930664062, 3.1873176097869873, 3.1866049766540527, 3.1859042644500732, 3.1852314472198486, 3.184605360031128, 3.183844566345215, 3.1831741333007812, 3.1825218200683594, 3.1818180084228516, 3.1810052394866943, 3.180180788040161, 3.179419755935669, 3.178556442260742, 3.1777915954589844, 3.1770217418670654, 3.176196813583374],