{"loss": [6.153479099273682, 26.265138626098633, 7.0102033615112305, 11.435680389404297, 17.752946853637695, 13.310232162475586, 7.137001991271973, 6.491926670074463, 10.098699569702148, 11.96982192993164, 9.896730422973633, 6.758957386016846, 5.92359733581543, 7.400617599487305, 9.0518798828125, 8.665535926818848, 7.093473434448242, 5.890951156616211, 6.043024063110352, 7.068542003631592, 7.671692848205566, 6.951674461364746, 6.077951908111572, 5.7720627784729, 6.1304612159729, 6.698221206665039, 6.649591445922852, 6.19890832901001, 5.776370048522949, 5.823186874389648, 6.17854642868042, 6.318087577819824, 6.072833061218262, 5.771122455596924, 5.722739219665527, 5.942922115325928, 6.044186592102051, 5.922937393188477, 5.755804538726807, 5.703887939453125, 5.807425498962402, 5.927857398986816, 5.872569561004639, 5.751127243041992, 5.692072868347168, 5.72092342376709, 5.8070573806762695, 5.808135986328125, 5.7126922607421875, 5.703713893890381, 5.74365758895874, 5.754483222961426, 5.693930625915527, 5.703311920166016, 5.699654579162598, 5.726037979125977, 5.7415666580200195, 5.71159553527832, 5.689882278442383, 5.684300899505615, 5.730868339538574, 5.695852279663086, 5.6883134841918945, 5.689137935638428, 5.702140808105469, 5.694692611694336, 5.72340202331543, 5.681793689727783, 5.671500205993652, 5.688305377960205, 5.689909934997559, 5.658790588378906, 5.678520679473877, 5.663362503051758, 5.6581621170043945, 5.6449127197265625, 5.652830600738525, 5.689802169799805, 5.67172384262085, 5.6677117347717285, 5.680589199066162, 5.671696186065674, 5.643976211547852, 5.662230014801025, 5.688655376434326, 5.657929420471191, 5.666762351989746, 5.662066459655762, 5.655701637268066, 5.668099880218506, 5.653708457946777, 5.6669416427612305, 5.653163433074951, 5.648072719573975, 5.674101829528809, 5.6570539474487305, 5.664323806762695, 5.648365020751953, 5.677889823913574, 5.692493438720703], "adaptive_loss": [0.015098143368959427, 0.21603362262248993, 0.02362728863954544, 0.06802039593458176, 0.13124747574329376, 0.08680399507284164, 0.025017039850354195, 0.01850404590368271, 0.05452890694141388, 0.07323448359966278, 0.052528806030750275, 0.021200213581323624, 0.012902126647531986, 0.027721397578716278, 0.04426284506917, 0.04040485993027687, 0.02466917410492897, 0.012618186883628368, 0.014113365672528744, 0.024350596591830254, 0.030383538454771042, 0.02319992147386074, 0.014496010728180408, 0.011471484787762165, 0.015086302533745766, 0.02078579179942608, 0.020305735990405083, 0.015796231105923653, 0.011559595353901386, 0.012014062143862247, 0.015560388565063477, 0.016958490014076233, 0.014521329663693905, 0.011525935493409634, 0.01106618158519268, 0.013290481641888618, 0.01431818213313818, 0.013111565262079239, 0.011438821442425251, 0.010915777646005154, 0.01194823533296585, 0.013153617270290852, 0.012609356082975864, 0.011408205144107342, 0.010835680179297924, 0.011138851754367352, 0.012011179700493813, 0.012028031051158905, 0.011078950017690659, 0.010989462025463581, 0.011390892788767815, 0.01150550413876772, 0.010908233933150768, 0.011014564894139767, 0.010992075316607952, 0.011264964006841183, 0.011430436745285988, 0.011137058958411217, 0.010922017507255077, 0.010869757272303104, 0.011341252364218235, 0.01099836453795433, 0.010931619442999363, 0.010949688032269478, 0.011088632978498936, 0.011024081148207188, 0.011316993273794651, 0.010907111689448357, 0.010811994783580303, 0.01098566222935915, 0.011007964611053467, 0.010706422850489616, 0.010911636985838413, 0.010769980028271675, 0.010724199004471302, 0.01059851422905922, 0.010683669708669186, 0.011060688644647598, 0.010885627940297127, 0.010852626524865627, 0.010987857356667519, 0.010907555930316448, 0.010640549473464489, 0.010828996077179909, 0.011099852621555328, 0.010797343216836452, 0.010892764665186405, 0.010850313119590282, 0.010793492197990417, 0.010926980525255203, 0.010790368542075157, 0.0109310457482934, 0.010800513438880444, 0.01075428444892168, 0.011020357720553875, 0.010857771150767803, 0.010937807150185108, 0.010786313563585281, 0.011087741702795029, 0.011242407374083996], "bpp_loss": [4.643664836883545, 4.661775588989258, 4.64747428894043, 4.633641242980957, 4.628200054168701, 4.629832744598389, 4.635297775268555, 4.64152193069458, 4.645808696746826, 4.646374225616455, 4.643849849700928, 4.6389360427856445, 4.633384704589844, 4.628478050231934, 4.625595569610596, 4.625050067901611, 4.626555919647217, 4.629132270812988, 4.631687641143799, 4.633482456207275, 4.633338928222656, 4.631682395935059, 4.628350734710693, 4.624914169311523, 4.621830940246582, 4.61964225769043, 4.619017601013184, 4.6192851066589355, 4.620410442352295, 4.6217803955078125, 4.622507572174072, 4.622238636016846, 4.620699882507324, 4.618528842926025, 4.6161208152771, 4.6138739585876465, 4.612368583679199, 4.611780643463135, 4.611922264099121, 4.61230993270874, 4.612602233886719, 4.612495422363281, 4.611633777618408, 4.610306739807129, 4.608504772186279, 4.6070380210876465, 4.6059393882751465, 4.605332851409912, 4.60479736328125, 4.604767799377441, 4.6045684814453125, 4.603932857513428, 4.603107452392578, 4.601855278015137, 4.600447177886963, 4.599541664123535, 4.598523139953613, 4.5978899002075195, 4.597680568695068, 4.597325325012207, 4.596743106842041, 4.596015930175781, 4.595151424407959, 4.5941691398620605, 4.593277454376221, 4.592284679412842, 4.591702938079834, 4.591082572937012, 4.590300559997559, 4.5897393226623535, 4.589113235473633, 4.58814811706543, 4.587357044219971, 4.586364269256592, 4.585742473602295, 4.585061073303223, 4.584463596343994, 4.583733081817627, 4.583160877227783, 4.582448959350586, 4.581803321838379, 4.5809407234191895, 4.579921245574951, 4.5793304443359375, 4.578670024871826, 4.578195095062256, 4.577486038208008, 4.577035427093506, 4.576352119445801, 4.575401782989502, 4.574671745300293, 4.5738372802734375, 4.5731120109558105, 4.572644233703613, 4.572065830230713, 4.571276664733887, 4.570542812347412, 4.569733619689941, 4.56911563873291, 4.5682525634765625],