{"loss": [6.1800456047058105, 11.169272422790527, 6.714221000671387, 7.876073837280273, 9.122721672058105, 7.8597822189331055, 6.542893409729004, 6.611389636993408, 7.509156227111816, 7.726850509643555, 7.064361572265625, 6.419588088989258, 6.377439498901367, 6.764955520629883, 7.09303617477417, 6.861440181732178, 6.4966840744018555, 6.287372589111328, 6.430808067321777, 6.625413417816162, 6.699692726135254, 6.494824409484863, 6.300808906555176, 6.267980098724365, 6.39424991607666, 6.510663032531738, 6.451233863830566, 6.316341400146484, 6.225977420806885, 6.282344341278076, 6.359075546264648, 6.357736587524414, 6.2824387550354, 6.208843231201172, 6.233933448791504, 6.294960021972656, 6.311179161071777, 6.276476860046387, 6.239979267120361, 6.199292182922363, 6.234635353088379, 6.266567230224609, 6.228370189666748, 6.186800479888916, 6.199603080749512, 6.236179351806641, 6.233355522155762, 6.189016342163086, 6.183462619781494, 6.190881729125977, 6.206977367401123, 6.21381139755249, 6.209702491760254, 6.185277938842773, 6.205844879150391, 6.181797504425049, 6.19835901260376, 6.167872905731201, 6.17706298828125, 6.144328594207764, 6.181270599365234, 6.169285297393799, 6.191145896911621, 6.161779880523682, 6.180495262145996, 6.187798023223877, 6.166450023651123, 6.184226036071777, 6.174257755279541, 6.194872856140137, 6.1574602127075195, 6.16940450668335, 6.161305904388428, 6.173178672790527, 6.144853591918945, 6.180902481079102, 6.165400505065918, 6.16481876373291, 6.169310569763184, 6.16433048248291, 6.151230335235596, 6.158515930175781, 6.161044120788574, 6.171659469604492, 6.15661096572876, 6.13911247253418, 6.150996208190918, 6.140822410583496, 6.160830497741699, 6.142643451690674, 6.157325744628906, 6.169630527496338, 6.144680023193359, 6.143470764160156, 6.145665168762207, 6.144676685333252, 6.130627632141113, 6.159826755523682, 6.146681308746338, 6.126718521118164], "adaptive_loss": [0.009806052781641483, 0.05942347273230553, 0.015105540864169598, 0.02694043703377247, 0.039486516267061234, 0.026824282482266426, 0.013570105656981468, 0.01416416559368372, 0.023085299879312515, 0.02526078186929226, 0.018685776740312576, 0.01231662929058075, 0.011981108225882053, 0.01592572033405304, 0.019245382398366928, 0.016933010891079903, 0.013264505192637444, 0.011136161163449287, 0.012539317831397057, 0.014473824761807919, 0.015230042859911919, 0.013217221014201641, 0.011330820620059967, 0.011058086529374123, 0.012368104420602322, 0.013559987768530846, 0.012974145822227001, 0.01161487028002739, 0.010694666765630245, 0.011245991103351116, 0.012011822313070297, 0.012015292420983315, 0.011296139098703861, 0.01060126069933176, 0.010892849415540695, 0.011536038480699062, 0.011716916225850582, 0.011376235634088516, 0.01100565493106842, 0.0105934739112854, 0.010948722250759602, 0.011278526857495308, 0.010919012129306793, 0.010534873232245445, 0.010695167817175388, 0.011086485348641872, 0.011079102754592896, 0.010640660300850868, 0.010591592639684677, 0.01066762488335371, 0.010839191265404224, 0.010922374203801155, 0.01090227346867323, 0.01068335771560669, 0.010913411155343056, 0.010693278163671494, 0.010873251594603062, 0.010578828863799572, 0.010677644982933998, 0.010362186469137669, 0.010745189152657986, 0.010641040280461311, 0.010881014168262482, 0.010607744567096233, 0.010810748673975468, 0.010898098349571228, 0.010696697048842907, 0.010888602584600449, 0.010802431963384151, 0.011022289283573627, 0.010666485875844955, 0.010800832882523537, 0.010737242177128792, 0.01087118498980999, 0.010602009482681751, 0.010974028147757053, 0.010833357460796833, 0.01084404718130827, 0.010906102135777473, 0.010874041356146336, 0.010757464915513992, 0.010848592035472393, 0.01088489219546318, 0.011005589738488197, 0.010867784731090069, 0.010705653578042984, 0.010840610601007938, 0.010756746865808964, 0.010976932942867279, 0.01081080362200737, 0.010969764553010464, 0.011104260571300983, 0.010864819400012493, 0.010863254778087139, 0.010902196168899536, 0.010911421850323677, 0.010788706131279469, 0.011101149953901768, 0.01098057720810175, 0.010790209285914898], "bpp_loss": [5.1994404792785645, 5.226925373077393, 5.203667163848877, 5.182030200958252, 5.174069881439209, 5.177353858947754, 5.185883045196533, 5.194972991943359, 5.200625896453857, 5.200772285461426, 5.195784091949463, 5.187925338745117, 5.179328441619873, 5.172383785247803, 5.1684980392456055, 5.1681389808654785, 5.170233726501465, 5.1737565994262695, 5.176876068115234, 5.178030967712402, 5.176688194274902, 5.173102378845215, 5.167726993560791, 5.162171363830566, 5.157439708709717, 5.154664039611816, 5.1538190841674805, 5.1548542976379395, 5.156510829925537, 5.157745361328125, 5.157893180847168, 5.156207084655762, 5.152824878692627, 5.148717403411865, 5.144648551940918, 5.141356468200684, 5.1394877433776855, 5.138853073120117, 5.139413833618164, 5.139944553375244, 5.139762878417969, 5.138714790344238, 5.136468887329102, 5.133313179016113, 5.130086421966553, 5.127530574798584, 5.125445365905762, 5.124950408935547, 5.124303340911865, 5.124119281768799, 5.123058319091797, 5.1215739250183105, 5.119475364685059, 5.116942405700684, 5.114503860473633, 5.112469673156738, 5.111033916473389, 5.109990119934082, 5.109298229217529, 5.108109951019287, 5.106751441955566, 5.1051812171936035, 5.103044509887695, 5.101005554199219, 5.099420547485352, 5.097988128662109, 5.096780300140381, 5.09536600112915, 5.094014644622803, 5.092644214630127, 5.090811729431152, 5.089321136474609, 5.087581634521484, 5.086060047149658, 5.084652423858643, 5.083499431610107, 5.082064628601074, 5.080414295196533, 5.078700065612793, 5.076926231384277, 5.075483798980713, 5.0736565589904785, 5.072555065155029, 5.071100234985352, 5.0698323249816895, 5.068547248840332, 5.066935062408447, 5.065147876739502, 5.063137054443359, 5.061563014984131, 5.060349464416504, 5.059204578399658, 5.058197975158691, 5.057145118713379, 5.055445671081543, 5.053534507751465, 5.051756858825684, 5.04971170425415, 5.048623561859131, 5.0476975440979],