{"loss": [3.9784412384033203, 4.557140827178955, 4.6269450187683105, 4.182408332824707, 4.310934066772461, 4.304906368255615, 4.241044998168945, 4.307889938354492, 4.234924793243408, 4.14433479309082, 4.140477180480957, 4.158487319946289, 4.127781391143799, 4.0994110107421875, 4.14525842666626, 4.143610000610352, 4.099123001098633, 4.082427501678467, 4.086796283721924, 4.0798749923706055, 4.083475589752197, 4.06187105178833, 4.075868606567383, 4.049139499664307, 4.0446271896362305, 4.03985071182251, 4.049474716186523, 4.04079008102417, 4.030017375946045, 4.040773391723633, 4.031111717224121, 4.029402732849121, 4.01823616027832, 4.035849571228027, 4.0165581703186035, 4.01127815246582, 4.022068023681641, 4.011283874511719, 4.012221813201904, 4.010517120361328, 4.007257461547852, 4.004477024078369, 4.002261161804199, 4.000247955322266, 3.999652147293091, 3.990434169769287, 4.006198883056641, 3.9953463077545166, 4.001412868499756, 4.006124496459961, 3.9956040382385254, 3.992128372192383, 3.9987120628356934, 3.9946584701538086, 4.001345157623291, 3.9925384521484375, 3.995875835418701, 3.999035358428955, 3.9944872856140137, 3.985800266265869, 3.9831702709198, 3.9984872341156006, 3.9978723526000977, 3.9790525436401367, 3.986445903778076, 3.9895782470703125, 3.9769537448883057, 3.975911855697632, 3.9901299476623535, 3.984036684036255, 3.975571870803833, 3.9727704524993896, 3.983734130859375, 3.9815046787261963, 3.979238510131836, 3.9763693809509277, 3.981898784637451, 3.9758853912353516, 3.9741668701171875, 3.971547842025757, 3.9778895378112793, 3.9721975326538086, 3.969829559326172, 3.9795989990234375, 3.9747631549835205, 3.9748690128326416, 3.974048376083374, 3.9652438163757324, 3.9703989028930664, 3.9618871212005615, 3.9708354473114014, 3.969203233718872, 3.974630355834961, 3.965487241744995, 3.9746780395507812, 3.960622787475586, 3.969221830368042, 3.9708518981933594, 3.9678866863250732, 3.9665653705596924], "adaptive_loss": [0.006373095791786909, 0.012147434987127781, 0.012848860584199429, 0.008403254672884941, 0.009684090502560139, 0.009618912823498249, 0.008976830169558525, 0.00964027177542448, 0.008905281312763691, 0.007996335625648499, 0.00795325729995966, 0.008128621615469456, 0.007816191762685776, 0.0075278207659721375, 0.007980226539075375, 0.007958977483212948, 0.007509172428399324, 0.0073364172130823135, 0.007374598179012537, 0.007299365475773811, 0.007330424152314663, 0.007109976839274168, 0.007244315464049578, 0.006972753908485174, 0.006922909989953041, 0.006869326811283827, 0.006960210390388966, 0.006868298165500164, 0.006755501497536898, 0.00685644056648016, 0.00675366073846817, 0.0067312889732420444, 0.006613981444388628, 0.00678566750138998, 0.006587861105799675, 0.006529584061354399, 0.006632413249462843, 0.006519197952002287, 0.006523700896650553, 0.006501998286694288, 0.006465412210673094, 0.006432562600821257, 0.0064058671705424786, 0.006381337996572256, 0.006370508577674627, 0.006273528560996056, 0.006427124608308077, 0.006313215009868145, 0.006370702758431435, 0.006413786206394434, 0.006303285248577595, 0.006265582982450724, 0.006326538976281881, 0.006281014531850815, 0.0063443914987146854, 0.006251884624361992, 0.00628324132412672, 0.006311452016234398, 0.006261576432734728, 0.006169568747282028, 0.006140736863017082, 0.006289358250796795, 0.00627967668697238, 0.0060888053849339485, 0.006159684620797634, 0.006187248043715954, 0.006057508755475283, 0.0060432166792452335, 0.0061826626770198345, 0.006118918303400278, 0.006032382603734732, 0.00600062170997262, 0.006108681205660105, 0.006084525026381016, 0.006058653816580772, 0.006027997937053442, 0.006081603467464447, 0.006018445361405611, 0.005998534616082907, 0.005970542784780264, 0.006031772121787071, 0.005973318126052618, 0.0059456597082316875, 0.0060425614938139915, 0.005993003491312265, 0.005992629565298557, 0.0059845540672540665, 0.005894969683140516, 0.005945268087089062, 0.0058588688261806965, 0.00594487227499485, 0.005928647238761187, 0.005979021079838276, 0.005887277889996767, 0.005978778004646301, 0.005838455632328987, 0.0059242844581604, 0.005940007045865059, 0.005910525098443031, 0.005896126385778189], "bpp_loss": [3.3411316871643066, 3.342397451400757, 3.3420588970184326, 3.342082977294922, 3.342524766921997, 3.343015193939209, 3.3433618545532227, 3.343862533569336, 3.3443965911865234, 3.3447012901306152, 3.34515118598938, 3.345625162124634, 3.3461620807647705, 3.3466289043426514, 3.347235679626465, 3.3477120399475098, 3.34820556640625, 3.348785638809204, 3.349336624145508, 3.3499386310577393, 3.350433111190796, 3.3508734703063965, 3.3514368534088135, 3.3518640995025635, 3.3523359298706055, 3.3529179096221924, 3.3534536361694336, 3.3539602756500244, 3.3544671535491943, 3.3551292419433594, 3.355745792388916, 3.356273651123047, 3.3568382263183594, 3.357282876968384, 3.3577721118927, 3.3583199977874756, 3.3588266372680664, 3.3593642711639404, 3.359851598739624, 3.3603174686431885, 3.3607161045074463, 3.361220598220825, 3.3616745471954346, 3.3621139526367188, 3.3626012802124023, 3.363081216812134, 3.3634862899780273, 3.3640248775482178, 3.364342451095581, 3.364745616912842, 3.3652753829956055, 3.365570068359375, 3.366058111190796, 3.3665568828582764, 3.366905927658081, 3.3673501014709473, 3.367551565170288, 3.3678901195526123, 3.3683297634124756, 3.3688433170318604, 3.369096517562866, 3.369551420211792, 3.3699047565460205, 3.3701720237731934, 3.3704774379730225, 3.3708534240722656, 3.3712029457092285, 3.3715901374816895, 3.371863603591919, 3.372144937515259, 3.372333526611328, 3.372708320617676, 3.372866153717041, 3.3730521202087402, 3.373373031616211, 3.3735697269439697, 3.3737382888793945, 3.3740408420562744, 3.3743133544921875, 3.3744935989379883, 3.3747122287750244, 3.374865770339966, 3.3752634525299072, 3.375342845916748, 3.375462770462036, 3.375606060028076, 3.3755929470062256, 3.375746965408325, 3.3758721351623535, 3.376000165939331, 3.3763482570648193, 3.376338481903076, 3.3767282962799072, 3.3767595291137695, 3.376800298690796, 3.376777172088623, 3.376793384552002, 3.3768510818481445, 3.3768341541290283, 3.376952648162842],