{"loss": [3.985715389251709, 5.703075408935547, 4.501466751098633, 5.159959316253662, 4.643372058868408, 4.162868022918701, 4.331688404083252, 4.599897384643555, 4.432746410369873, 4.199366092681885, 4.176990985870361, 4.306748390197754, 4.356538772583008, 4.208571434020996, 4.081232070922852, 4.080958366394043, 4.180347442626953, 4.184816360473633, 4.109499454498291, 4.043103218078613, 4.091352462768555, 4.104254245758057, 4.1108198165893555, 4.063066482543945, 4.037600994110107, 4.045255184173584, 4.0545854568481445, 4.051938533782959, 4.026384353637695, 3.999030351638794, 4.031449794769287, 4.044517993927002, 4.002867698669434, 4.0148773193359375, 4.00245475769043, 4.0042901039123535, 3.992866277694702, 3.999873399734497, 3.9946646690368652, 3.9956884384155273, 3.986528158187866, 4.009559631347656, 3.973074436187744, 3.9639124870300293, 3.9812426567077637, 3.976120948791504, 3.978654623031616, 3.948303461074829, 3.967430591583252, 3.9843509197235107, 3.97440242767334, 3.9778754711151123, 3.9678845405578613, 3.985605239868164, 3.9661409854888916, 3.955275774002075, 3.9585063457489014, 3.9572854042053223, 3.9780402183532715, 3.9760284423828125, 3.9666695594787598, 3.9622955322265625, 3.9515674114227295, 3.942676544189453, 3.9352636337280273, 3.9671008586883545, 3.9662652015686035, 3.9352457523345947, 3.933204174041748, 3.9465599060058594, 3.9393839836120605, 3.9334816932678223, 3.933652400970459, 3.930068016052246, 3.946784734725952, 3.9292171001434326, 3.9434380531311035, 3.9343113899230957, 3.933492660522461, 3.9351646900177, 3.9423584938049316, 3.936891555786133, 3.934640884399414, 3.929356098175049, 3.942044973373413, 3.93688702583313, 3.9264883995056152, 3.9136085510253906, 3.9234046936035156, 3.9385457038879395, 3.922389268875122, 3.919189453125, 3.9409730434417725, 3.9209203720092773, 3.912083387374878, 3.918532609939575, 3.915937900543213, 3.9038140773773193, 3.909677505493164, 3.9268925189971924], "adaptive_loss": [0.006388626992702484, 0.023584673181176186, 0.011584709398448467, 0.018182264640927315, 0.0130301583558321, 0.00823669321835041, 0.009933268651366234, 0.012624500319361687, 0.010960573330521584, 0.008632916957139969, 0.0084149781614542, 0.00971543975174427, 0.010217648930847645, 0.00874121394008398, 0.007469783071428537, 0.0074703567661345005, 0.008464515209197998, 0.008510539308190346, 0.0077577740885317326, 0.007093793246895075, 0.007576780393719673, 0.007707096170634031, 0.007772444747388363, 0.007296220865100622, 0.007041614037007093, 0.007120384369045496, 0.00721459835767746, 0.007189534138888121, 0.006935834418982267, 0.006664094515144825, 0.006990334484726191, 0.007121289148926735, 0.00670731021091342, 0.0068293046206235886, 0.006707398686558008, 0.0067280372604727745, 0.006615385413169861, 0.006688867229968309, 0.006638087332248688, 0.006650938186794519, 0.006561460439115763, 0.006792863365262747, 0.006430112756788731, 0.006339377257972956, 0.006514557637274265, 0.006464838515967131, 0.006491139531135559, 0.006188883911818266, 0.0063816700130701065, 0.006552338600158691, 0.006454773712903261, 0.0064911628141999245, 0.006394045893102884, 0.0065740249119699, 0.006380626931786537, 0.006274383515119553, 0.006309461314231157, 0.006297943647950888, 0.00650804815813899, 0.006490696221590042, 0.006399273872375488, 0.006358484271913767, 0.006253406871110201, 0.0061668409034609795, 0.006095158867537975, 0.006415762472897768, 0.0064100115559995174, 0.0061028748750686646, 0.006083502899855375, 0.006219282280653715, 0.006149736698716879, 0.00609378470107913, 0.006096297409385443, 0.006063501816242933, 0.006231834180653095, 0.006060634274035692, 0.0062039983458817005, 0.006115963216871023, 0.0061101834289729595, 0.006128472741693258, 0.006203928496688604, 0.00615096278488636, 0.006131652742624283, 0.006082480773329735, 0.006213546264916658, 0.00616514403373003, 0.0060652270913124084, 0.00593887222930789, 0.006041893269866705, 0.00619669770821929, 0.0060380022041499615, 0.006007954012602568, 0.006228860002011061, 0.006031739059835672, 0.005944060627371073, 0.00601131422445178, 0.005987449083477259, 0.005869360640645027, 0.005930554587393999, 0.006107067223638296], "bpp_loss": [3.3468525409698486, 3.3446078300476074, 3.3429956436157227, 3.341732978820801, 3.3403561115264893, 3.339198589324951, 3.3383615016937256, 3.337447166442871, 3.336688995361328, 3.3360745906829834, 3.3354930877685547, 3.3352043628692627, 3.3347737789154053, 3.3344502449035645, 3.334254026412964, 3.333922863006592, 3.3338959217071533, 3.3337626457214355, 3.333721876144409, 3.333723783493042, 3.333674430847168, 3.3335444927215576, 3.333575487136841, 3.333444356918335, 3.333439588546753, 3.333216667175293, 3.333125591278076, 3.3329851627349854, 3.33280086517334, 3.332620859146118, 3.332416296005249, 3.3323888778686523, 3.332136869430542, 3.331947088241577, 3.331714630126953, 3.331486463546753, 3.3313276767730713, 3.330986738204956, 3.3308560848236084, 3.330594539642334, 3.3303821086883545, 3.330273389816284, 3.3300631046295166, 3.329974889755249, 3.329787015914917, 3.329637050628662, 3.329540729522705, 3.3294150829315186, 3.32926344871521, 3.3291170597076416, 3.328925132751465, 3.32875919342041, 3.3284800052642822, 3.328202724456787, 3.328078269958496, 3.3278374671936035, 3.3275601863861084, 3.327491044998169, 3.327235460281372, 3.3269588947296143, 3.326742172241211, 3.326447010040283, 3.3262267112731934, 3.3259923458099365, 3.3257477283477783, 3.3255245685577393, 3.3252639770507812, 3.324958324432373, 3.3248538970947266, 3.324631690979004, 3.3244102001190186, 3.324103355407715, 3.3240227699279785, 3.3237178325653076, 3.323601245880127, 3.3231537342071533, 3.323038101196289, 3.3227150440216064, 3.322474241256714, 3.322317361831665, 3.3219656944274902, 3.3217952251434326, 3.3214755058288574, 3.321108102798462, 3.320690393447876, 3.3203725814819336, 3.3199658393859863, 3.3197214603424072, 3.3192152976989746, 3.318875789642334, 3.318588972091675, 3.318394184112549, 3.318087100982666, 3.31774640083313, 3.3176772594451904, 3.317401170730591, 3.317193031311035, 3.316878080368042, 3.316622018814087, 3.316185712814331],