{"loss": [6.1280107498168945, 26.921592712402344, 7.315410614013672, 11.478229522705078, 17.964941024780273, 13.803686141967773, 7.559211730957031, 6.483253002166748, 9.797751426696777, 12.110122680664062, 10.386763572692871, 7.28059196472168, 6.09303617477417, 7.219111442565918, 8.899080276489258, 8.976066589355469, 7.693682670593262, 6.294895172119141, 6.152854919433594, 7.139705181121826, 7.740608215332031, 7.474709510803223, 6.540933609008789, 6.083488941192627, 6.291680335998535, 6.840275764465332, 7.052945613861084, 6.658659934997559, 6.135028839111328, 6.073334217071533, 6.394079685211182, 6.672837734222412, 6.50832986831665, 6.149101257324219, 6.004344463348389, 6.174419403076172, 6.40457010269165, 6.364440441131592, 6.155608177185059, 6.022097587585449, 6.094898223876953, 6.171839237213135, 6.20298957824707, 6.070989608764648, 5.989502906799316, 6.042385101318359, 6.124131202697754, 6.102348804473877, 6.026597499847412, 6.010974407196045, 5.997948169708252, 6.057068824768066, 6.074846267700195, 6.00140380859375, 6.030649185180664, 6.039796829223633, 6.071174144744873, 6.033729553222656, 5.945070266723633, 5.964437007904053, 5.9737548828125, 5.984561443328857, 6.004856586456299, 5.996233940124512, 5.954850673675537, 6.005475044250488, 5.99481201171875, 5.9858856201171875, 5.968471050262451, 5.991702079772949, 5.961158275604248, 5.969406604766846, 5.964909553527832, 5.997898101806641, 5.962320327758789, 5.95358419418335, 5.986708641052246, 5.939101219177246, 6.025521755218506, 5.9720282554626465, 5.959050178527832, 5.991943359375, 6.0001983642578125, 5.997231483459473, 5.985716819763184, 5.983829975128174, 6.0079851150512695, 5.956140041351318, 5.986313819885254, 5.950441360473633, 5.959837913513184, 5.943358898162842, 5.977643966674805, 5.955256462097168, 5.953405857086182, 5.9784088134765625, 5.972075939178467, 5.998355388641357, 5.9534196853637695, 5.952781677246094], "adaptive_loss": [0.011447077617049217, 0.2191338986158371, 0.023274552077054977, 0.06509621441364288, 0.13004116714000702, 0.0884048268198967, 0.02588619664311409, 0.01504206657409668, 0.04812628775835037, 0.07123766839504242, 0.05403418838977814, 0.023039450868964195, 0.011238710023462772, 0.02256760746240616, 0.03941323235630989, 0.04019669070839882, 0.0273601021617651, 0.013342081569135189, 0.01188808586448431, 0.021733127534389496, 0.027737954631447792, 0.02509886398911476, 0.015798989683389664, 0.01127442717552185, 0.013403366319835186, 0.0189252607524395, 0.02106885053217411, 0.017126815393567085, 0.011880399659276009, 0.01124812476336956, 0.0144485579803586, 0.01724034734070301, 0.015613922849297523, 0.012050637044012547, 0.010637735947966576, 0.012370208278298378, 0.01469386089593172, 0.01430482417345047, 0.012215104885399342, 0.01087768841534853, 0.011600645259022713, 0.012374021112918854, 0.012700146995484829, 0.011402619071304798, 0.010614016093313694, 0.01116955280303955, 0.012006408534944057, 0.011800369247794151, 0.011048534885048866, 0.010893076658248901, 0.010766586288809776, 0.0113666458055377, 0.011555932462215424, 0.010838394053280354, 0.011152058839797974, 0.011264950037002563, 0.011593862436711788, 0.011231151409447193, 0.01034999918192625, 0.010548979043960571, 0.010649630799889565, 0.010771551169455051, 0.010988486930727959, 0.010918659158051014, 0.01052185520529747, 0.011042039841413498, 0.010946695692837238, 0.01086626760661602, 0.01069981511682272, 0.010941579006612301, 0.0106479087844491, 0.01074535958468914, 0.010716360062360764, 0.011059438809752464, 0.010716041550040245, 0.010639122687280178, 0.01097785122692585, 0.01051024068146944, 0.011382518336176872, 0.010860037058591843, 0.010743417777121067, 0.011085822246968746, 0.011183984577655792, 0.011166481301188469, 0.011062035337090492, 0.011052538640797138, 0.011303630657494068, 0.010795563459396362, 0.01110885851085186, 0.010764210484921932, 0.010870497673749924, 0.010717448778450489, 0.01106871198862791, 0.010856377892196178, 0.010848297737538815, 0.01110729668289423, 0.011055661365389824, 0.011327605694532394, 0.010890863835811615, 0.010894553735852242], "bpp_loss": [4.983303070068359, 5.008203983306885, 4.987955093383789, 4.968607425689697, 4.960824012756348, 4.963203430175781, 4.970592021942139, 4.97904634475708, 4.9851226806640625, 4.986356258392334, 4.983344554901123, 4.976646900177002, 4.969165325164795, 4.962350845336914, 4.957757472991943, 4.956398010253906, 4.957672119140625, 4.960687160491943, 4.964046478271484, 4.966392517089844, 4.966813087463379, 4.964823246002197, 4.961034774780273, 4.956046104431152, 4.951343536376953, 4.947749614715576, 4.946060657501221, 4.94597864151001, 4.946989059448242, 4.948521614074707, 4.94922399520874, 4.948802947998047, 4.946937561035156, 4.944037437438965, 4.940570831298828, 4.937398433685303, 4.935184001922607, 4.933958053588867, 4.934097766876221, 4.934329032897949, 4.934833526611328, 4.934437274932861, 4.932974815368652, 4.930727958679199, 4.928101062774658, 4.925429821014404, 4.923490524291992, 4.922311782836914, 4.921743869781494, 4.921666622161865, 4.921289443969727, 4.920404434204102, 4.919252872467041, 4.917564392089844, 4.915443420410156, 4.913301944732666, 4.911787986755371, 4.910614490509033, 4.910070419311523, 4.909539222717285, 4.908791542053223, 4.907406330108643, 4.906007766723633, 4.904367923736572, 4.902665138244629, 4.901270866394043, 4.900142669677734, 4.899258613586426, 4.898489475250244, 4.8975443840026855, 4.89636754989624, 4.894870758056641, 4.893273830413818, 4.89195442199707, 4.890716075897217, 4.889671802520752, 4.888923645019531, 4.888077259063721, 4.887269973754883, 4.886024475097656, 4.884708404541016, 4.883360862731934, 4.881800174713135, 4.8805832862854, 4.879513263702393, 4.878576278686523, 4.877622127532959, 4.876583576202393, 4.875428199768066, 4.874020099639893, 4.872788429260254, 4.8716139793396, 4.870772838592529, 4.8696184158325195, 4.8685760498046875, 4.867679119110107, 4.866509914398193, 4.865594863891602, 4.864333152770996, 4.863326549530029],