{"loss": [6.1031413078308105, 10.012731552124023, 6.483964920043945, 7.416512489318848, 8.377814292907715, 7.42516565322876, 6.395226001739502, 6.456817150115967, 7.075543403625488, 7.232672691345215, 6.80772066116333, 6.316032409667969, 6.262979507446289, 6.581221103668213, 6.785518646240234, 6.646340370178223, 6.328279495239258, 6.190211296081543, 6.304771423339844, 6.458218574523926, 6.431488037109375, 6.308245658874512, 6.187437057495117, 6.188128471374512, 6.2723388671875, 6.315425872802734, 6.248021602630615, 6.183506965637207, 6.140220642089844, 6.198070526123047, 6.234211444854736, 6.203028678894043, 6.1602301597595215, 6.134496212005615, 6.149617671966553, 6.171929359436035, 6.17602014541626, 6.134338855743408, 6.118058204650879, 6.134471893310547, 6.150241374969482, 6.140000343322754, 6.118181228637695, 6.11376953125, 6.117873191833496, 6.120331287384033, 6.12534236907959, 6.108523845672607, 6.094243049621582, 6.109640121459961, 6.104071617126465, 6.1079421043396, 6.0937275886535645, 6.0918684005737305, 6.098762512207031, 6.105014801025391, 6.080447196960449, 6.073380470275879, 6.085297107696533, 6.090847492218018, 6.086758613586426, 6.089413642883301, 6.07453727722168, 6.078109264373779, 6.07083797454834, 6.089184761047363, 6.082723617553711, 6.083854675292969, 6.088075637817383, 6.07921028137207, 6.0800323486328125, 6.075005531311035, 6.0655388832092285, 6.070689678192139, 6.066279888153076, 6.075642108917236, 6.062910079956055, 6.060892105102539, 6.074807167053223, 6.065824508666992, 6.055985450744629, 6.057928085327148, 6.045127868652344, 6.063762664794922, 6.044502258300781, 6.066660404205322, 6.052321434020996, 6.043959140777588, 6.057337760925293, 6.047940731048584, 6.059728622436523, 6.052024841308594, 6.064507007598877, 6.042799949645996, 6.054265975952148, 6.041949272155762, 6.0313544273376465, 6.030479907989502, 6.042635440826416, 6.051825523376465], "adaptive_loss": [0.009720089845359325, 0.048549991101026535, 0.013495909981429577, 0.023033717647194862, 0.03272194042801857, 0.02316138707101345, 0.012777794152498245, 0.013306369073688984, 0.019441982731223106, 0.021015554666519165, 0.01681743748486042, 0.011980912648141384, 0.011537551879882812, 0.014790819957852364, 0.016869613900780678, 0.015480362810194492, 0.012276913039386272, 0.010862891562283039, 0.011977765709161758, 0.01350207719951868, 0.013251757249236107, 0.012058010324835777, 0.010903799906373024, 0.010961521416902542, 0.011848525144159794, 0.012305737473070621, 0.011640841141343117, 0.010989272966980934, 0.010548209771513939, 0.011116169393062592, 0.011480320245027542, 0.011190290562808514, 0.010794786736369133, 0.010575022548437119, 0.01076343934983015, 0.011012223549187183, 0.011069961823523045, 0.010656853206455708, 0.01049439050257206, 0.010660305619239807, 0.01082554180175066, 0.010741570964455605, 0.01054865587502718, 0.010533496737480164, 0.010606237687170506, 0.010652394965291023, 0.010716144926846027, 0.010556058958172798, 0.0104159414768219, 0.010577399283647537, 0.010533282533288002, 0.010592753067612648, 0.010476636700332165, 0.010484077967703342, 0.010575096122920513, 0.010653434321284294, 0.010419176891446114, 0.010357275605201721, 0.010485643520951271, 0.010555239394307137, 0.010532805696129799, 0.010579396970570087, 0.01045104768127203, 0.010506176389753819, 0.010449194349348545, 0.010647117160260677, 0.010593386366963387, 0.010618426837027073, 0.010675933212041855, 0.010603273287415504, 0.010632941499352455, 0.010600676760077477, 0.010524665005505085, 0.010591870173811913, 0.010562034323811531, 0.010666914284229279, 0.010554526001214981, 0.01055079698562622, 0.010704629123210907, 0.010633343830704689, 0.010554160922765732, 0.010589268989861012, 0.010475964285433292, 0.010675274766981602, 0.010495509020984173, 0.010729611851274967, 0.010602741502225399, 0.010532421059906483, 0.01068677194416523, 0.010610604658722878, 0.01074801292270422, 0.010686944238841534, 0.010828365571796894, 0.010623808018863201, 0.010752333328127861, 0.010642028413712978, 0.01055231411010027, 0.01055874489247799, 0.010698763653635979, 0.010805639438331127], "bpp_loss": [5.131132125854492, 5.157732963562012, 5.134374141693115, 5.113141059875488, 5.10561990737915, 5.109026908874512, 5.117446422576904, 5.126180171966553, 5.131345272064209, 5.131117343902588, 5.125977039337158, 5.117941379547119, 5.109224319458008, 5.102138996124268, 5.098556995391846, 5.09830379486084, 5.100588321685791, 5.103922367095947, 5.106995105743408, 5.108010768890381, 5.106312274932861, 5.102444648742676, 5.097056865692139, 5.091976165771484, 5.087486267089844, 5.08485221862793, 5.083937644958496, 5.0845794677734375, 5.085399627685547, 5.086453437805176, 5.086179256439209, 5.0839996337890625, 5.080751419067383, 5.076993942260742, 5.073273658752441, 5.070706844329834, 5.069024085998535, 5.068653583526611, 5.068619251251221, 5.068441390991211, 5.067687034606934, 5.065843105316162, 5.0633158683776855, 5.060420036315918, 5.057249546051025, 5.055091857910156, 5.053727626800537, 5.052917957305908, 5.052649021148682, 5.051900386810303, 5.050743579864502, 5.048666954040527, 5.0460638999938965, 5.043460845947266, 5.041252613067627, 5.039671421051025, 5.038529396057129, 5.037652969360352, 5.0367326736450195, 5.035323619842529, 5.033478260040283, 5.0314741134643555, 5.029432773590088, 5.027491569519043, 5.025918483734131, 5.024473190307617, 5.023385047912598, 5.022012233734131, 5.020482540130615, 5.018883228302002, 5.016737937927246, 5.014937877655029, 5.013072490692139, 5.011502742767334, 5.010076522827148, 5.008950710296631, 5.007457256317139, 5.005812168121338, 5.004344463348389, 5.002490043640137, 5.0005693435668945, 4.9990010261535645, 4.997531414031982, 4.996234893798828, 4.994951248168945, 4.993699073791504, 4.992047309875488, 4.990716934204102, 4.9886603355407715, 4.986880302429199, 4.984927177429199, 4.983330249786377, 4.981670379638672, 4.980419158935547, 4.979032516479492, 4.977746486663818, 4.976122856140137, 4.974605560302734, 4.972759246826172, 4.971261501312256],