{"loss": [4.1555867195129395, 4.596091270446777, 4.329052925109863, 4.3518171310424805, 4.375117301940918, 4.352161407470703, 4.339839935302734, 4.331861972808838, 4.298288822174072, 4.279499053955078, 4.268074035644531, 4.27578067779541, 4.276571273803711, 4.289617538452148, 4.255960464477539, 4.251819610595703, 4.254785060882568, 4.239959716796875, 4.242384433746338, 4.23909330368042, 4.230449676513672, 4.236474514007568, 4.231983184814453, 4.225642681121826, 4.219272613525391, 4.217363357543945, 4.212528705596924, 4.209952354431152, 4.210241317749023, 4.215073108673096, 4.213273525238037, 4.203476905822754, 4.196616172790527, 4.205973148345947, 4.200480937957764, 4.207202911376953, 4.199516773223877, 4.1995697021484375, 4.209187984466553, 4.1963348388671875, 4.200310707092285, 4.190248966217041, 4.191880226135254, 4.188523292541504, 4.193171501159668, 4.189325332641602, 4.19352912902832, 4.190506935119629, 4.189459800720215, 4.183399677276611, 4.185657501220703, 4.185537338256836, 4.188907623291016, 4.187890529632568, 4.18843412399292, 4.1851887702941895, 4.181789875030518, 4.1813459396362305, 4.183687686920166, 4.182264804840088, 4.186720848083496, 4.183801174163818, 4.1788153648376465, 4.177436828613281, 4.17986536026001, 4.184799671173096, 4.180288314819336, 4.184350967407227, 4.179286003112793, 4.18065881729126, 4.180594444274902, 4.178055763244629, 4.174780368804932, 4.175851821899414, 4.178014755249023, 4.181066513061523, 4.177796363830566, 4.182290077209473, 4.172632217407227, 4.176519393920898, 4.1783576011657715, 4.171970367431641, 4.181577682495117, 4.183560371398926, 4.176166534423828, 4.17637300491333, 4.180437088012695, 4.1786274909973145, 4.175865650177002, 4.1813063621521, 4.178191661834717, 4.181867599487305, 4.169905662536621, 4.18004035949707, 4.183366298675537, 4.1763200759887695, 4.179948329925537, 4.179199695587158, 4.1716790199279785, 4.1788554191589355], "adaptive_loss": [0.00669950433075428, 0.011114723049104214, 0.008440694771707058, 0.008654703386127949, 0.008872215636074543, 0.008632347919046879, 0.008503938093781471, 0.00842219963669777, 0.0080862483009696, 0.007897820323705673, 0.00777996052056551, 0.00785207748413086, 0.00785317737609148, 0.007974733598530293, 0.007629062980413437, 0.007577980402857065, 0.007600071374326944, 0.007443397305905819, 0.0074634915217757225, 0.007426393683999777, 0.007333671674132347, 0.007390975020825863, 0.0073426938615739346, 0.007272540591657162, 0.007203423883765936, 0.007177696563303471, 0.007122117094695568, 0.007090307306498289, 0.007087055593729019, 0.007128976285457611, 0.007104069460183382, 0.00700047891587019, 0.006925950292497873, 0.007014471106231213, 0.006955649238079786, 0.007019811309874058, 0.00694010267034173, 0.006936230231076479, 0.00702694384381175, 0.006894061807543039, 0.006928813643753529, 0.006823066156357527, 0.00683724507689476, 0.006797682493925095, 0.006840077694505453, 0.006798370275646448, 0.006836129818111658, 0.006801453884691, 0.006788027472794056, 0.006723656784743071, 0.006744610145688057, 0.006740800570696592, 0.006772191263735294, 0.006757032126188278, 0.006758782081305981, 0.006722185295075178, 0.006685493513941765, 0.006679827347397804, 0.006702926009893417, 0.006687391083687544, 0.006731029599905014, 0.006701554171741009, 0.006650813389569521, 0.006632890552282333, 0.006654525175690651, 0.006700598634779453, 0.006653189659118652, 0.006693234667181969, 0.0066429628059268, 0.006656051613390446, 0.006654595024883747, 0.006628547329455614, 0.00659471470862627, 0.006605427246540785, 0.006627910770475864, 0.00665952218696475, 0.006628361996263266, 0.006673084106296301, 0.00657684775069356, 0.006611618213355541, 0.006629547104239464, 0.006564243230968714, 0.006660047918558121, 0.006682577542960644, 0.006612496450543404, 0.006618169602006674, 0.006662050262093544, 0.00664313230663538, 0.006614343728870153, 0.006669110152870417, 0.006637416779994965, 0.00667298911139369, 0.006553789135068655, 0.006657670717686415, 0.006693959701806307, 0.006626842077821493, 0.006666221190243959, 0.006663287058472633, 0.006588686257600784, 0.006660121958702803], "bpp_loss": [3.4856362342834473, 3.484618902206421, 3.484983205795288, 3.486346960067749, 3.4878954887390137, 3.488926410675049, 3.4894461631774902, 3.4896421432495117, 3.489664077758789, 3.4897170066833496, 3.4900779724121094, 3.4905731678009033, 3.491253614425659, 3.4921441078186035, 3.4930543899536133, 3.494021415710449, 3.4947779178619385, 3.4956202507019043, 3.496035099029541, 3.4964537620544434, 3.497082471847534, 3.4973769187927246, 3.497713565826416, 3.4983885288238525, 3.498929977416992, 3.499593734741211, 3.500317096710205, 3.5009214878082275, 3.501535654067993, 3.5021755695343018, 3.502866506576538, 3.5034289360046387, 3.504020929336548, 3.504526138305664, 3.504916191101074, 3.5052216053009033, 3.5055065155029297, 3.5059468746185303, 3.50649356842041, 3.5069286823272705, 3.507429361343384, 3.5079424381256104, 3.5081558227539062, 3.5087549686431885, 3.5091636180877686, 3.509488344192505, 3.509916067123413, 3.510361671447754, 3.5106570720672607, 3.5110340118408203, 3.5111963748931885, 3.5114572048187256, 3.511688232421875, 3.5121872425079346, 3.5125558376312256, 3.512970447540283, 3.513240337371826, 3.5133631229400635, 3.513395071029663, 3.5135257244110107, 3.513617992401123, 3.513645648956299, 3.5137341022491455, 3.5141475200653076, 3.5144128799438477, 3.514739990234375, 3.51496958732605, 3.5150275230407715, 3.5149896144866943, 3.5150535106658936, 3.515134811401367, 3.5152008533477783, 3.5153090953826904, 3.5153090953826904, 3.515223503112793, 3.5151145458221436, 3.514960289001465, 3.514981746673584, 3.5149476528167725, 3.515357732772827, 3.5154030323028564, 3.5155460834503174, 3.515573024749756, 3.5153026580810547, 3.5149166584014893, 3.5145561695098877, 3.5142321586608887, 3.5143141746520996, 3.5144314765930176, 3.514395236968994, 3.5144498348236084, 3.514568567276001, 3.514526605606079, 3.5142734050750732, 3.513970136642456, 3.5136361122131348, 3.5133261680603027, 3.5128707885742188, 3.512810230255127, 3.512843370437622],