{"loss": [3.8653290271759033, 4.815792560577393, 4.252130508422852, 4.353235244750977, 4.181026935577393, 4.0837225914001465, 4.182322025299072, 4.206552028656006, 4.096951007843018, 4.00113582611084, 4.015024662017822, 4.057792663574219, 4.021016597747803, 3.9796738624572754, 3.966966152191162, 3.979099988937378, 3.9902570247650146, 3.951528549194336, 3.922734260559082, 3.9319872856140137, 3.934757709503174, 3.920200824737549, 3.9098520278930664, 3.9034810066223145, 3.8979456424713135, 3.907088279724121, 3.8884434700012207, 3.8984811305999756, 3.9013071060180664, 3.8839614391326904, 3.87286376953125, 3.873039722442627, 3.8692092895507812, 3.87483286857605, 3.8755974769592285, 3.8626561164855957, 3.851076364517212, 3.8506178855895996, 3.868321180343628, 3.852368116378784, 3.8427677154541016, 3.8511765003204346, 3.843923568725586, 3.8449912071228027, 3.8529980182647705, 3.8349111080169678, 3.838456153869629, 3.8283982276916504, 3.838467597961426, 3.8368074893951416, 3.839212417602539, 3.8303136825561523, 3.8271567821502686, 3.83276629447937, 3.8225831985473633, 3.832533359527588, 3.8218727111816406, 3.8271381855010986, 3.8281137943267822, 3.823154926300049, 3.8183751106262207, 3.8180789947509766, 3.819875478744507, 3.829763650894165, 3.81687593460083, 3.8273067474365234, 3.817033290863037, 3.8218584060668945, 3.8193259239196777, 3.820827007293701, 3.8106918334960938, 3.8051693439483643, 3.8141543865203857, 3.8120901584625244, 3.8189332485198975, 3.8146684169769287, 3.803284168243408, 3.810136079788208, 3.8079164028167725, 3.815216302871704, 3.8026528358459473, 3.8046441078186035, 3.8031649589538574, 3.8047118186950684, 3.802219867706299, 3.804973602294922, 3.8076326847076416, 3.802238941192627, 3.8023016452789307, 3.799525499343872, 3.800729274749756, 3.798612356185913, 3.8043370246887207, 3.797194480895996, 3.792680025100708, 3.8033666610717773, 3.7960269451141357, 3.808875322341919, 3.798902988433838, 3.793832302093506], "adaptive_loss": [0.006205124780535698, 0.01571454107761383, 0.01008385606110096, 0.01109633594751358, 0.009373883716762066, 0.008397363126277924, 0.0093778595328331, 0.009614342823624611, 0.008513124659657478, 0.007549894042313099, 0.007682252209633589, 0.008103779517114162, 0.007729934062808752, 0.0073106493800878525, 0.0071762981824576855, 0.007291765883564949, 0.007396370638161898, 0.007003796752542257, 0.006709560286253691, 0.006796496920287609, 0.006819423753768206, 0.006667927373200655, 0.0065599605441093445, 0.006490238942205906, 0.006428984925150871, 0.006514702923595905, 0.006320607382804155, 0.006414170376956463, 0.00643573235720396, 0.006255424581468105, 0.006139271892607212, 0.006135711446404457, 0.006091556511819363, 0.006142645608633757, 0.006143877748399973, 0.0060089146718382835, 0.0058867973275482655, 0.005876108538359404, 0.00604771776124835, 0.005881978664547205, 0.00578027218580246, 0.005858156830072403, 0.005779361817985773, 0.005784106440842152, 0.005858471151441336, 0.005671209655702114, 0.005701987538486719, 0.0055959890596568584, 0.005692549981176853, 0.0056719230487942696, 0.005691357888281345, 0.005598484072834253, 0.00556241674348712, 0.0056126839481294155, 0.005506798159331083, 0.005602236371487379, 0.005490168463438749, 0.005538735538721085, 0.005543751176446676, 0.005490007810294628, 0.005438006948679686, 0.005430770572274923, 0.005444252397865057, 0.005537683609873056, 0.005404698196798563, 0.00550505006685853, 0.005398791749030352, 0.005444134585559368, 0.005416585598140955, 0.005431650672107935, 0.005328040570020676, 0.0052721756510436535, 0.005359066184610128, 0.005335304886102676, 0.005399694200605154, 0.0053538172505795956, 0.005234774202108383, 0.005299670621752739, 0.0052732801996171474, 0.00534448865801096, 0.005215904209762812, 0.00523585919290781, 0.005221466068178415, 0.005237530451267958, 0.0052114212885499, 0.005238598678261042, 0.0052643767558038235, 0.005208524409681559, 0.005207664333283901, 0.005178592633455992, 0.005189226008951664, 0.0051664020866155624, 0.005223507527261972, 0.005151346791535616, 0.005105535499751568, 0.0052124010398983955, 0.005139513406902552, 0.0052666570991277695, 0.005167923402041197, 0.005115055479109287], "bpp_loss": [3.244816541671753, 3.2443385124206543, 3.2437450885772705, 3.2436017990112305, 3.243638753890991, 3.243986129760742, 3.2445359230041504, 3.245117664337158, 3.245638370513916, 3.2461464405059814, 3.2467994689941406, 3.2474148273468018, 3.24802303314209, 3.2486090660095215, 3.2493362426757812, 3.2499234676361084, 3.250619888305664, 3.2511489391326904, 3.2517783641815186, 3.2523374557495117, 3.2528152465820312, 3.253408193588257, 3.2538559436798096, 3.2544569969177246, 3.255047082901001, 3.255618095397949, 3.256382703781128, 3.2570641040802, 3.2577338218688965, 3.2584190368652344, 3.258936643600464, 3.2594685554504395, 3.2600536346435547, 3.260568380355835, 3.261209726333618, 3.2617645263671875, 3.2623965740203857, 3.2630069255828857, 3.263549327850342, 3.2641701698303223, 3.264740467071533, 3.2653608322143555, 3.2659873962402344, 3.266580581665039, 3.26715087890625, 3.2677900791168213, 3.2682573795318604, 3.268799304962158, 3.2692127227783203, 3.2696151733398438, 3.2700767517089844, 3.270465135574341, 3.2709150314331055, 3.271497964859009, 3.2719032764434814, 3.2723097801208496, 3.2728559970855713, 3.2732646465301514, 3.2737386226654053, 3.2741541862487793, 3.2745742797851562, 3.2750020027160645, 3.2754502296447754, 3.2759952545166016, 3.2764060497283936, 3.276801824569702, 3.2771542072296143, 3.277445077896118, 3.277667284011841, 3.2776618003845215, 3.2778878211975098, 3.277951717376709, 3.278247833251953, 3.278559684753418, 3.278963804244995, 3.2792866230010986, 3.2798068523406982, 3.2801690101623535, 3.280588388442993, 3.2807674407958984, 3.281062364578247, 3.2810580730438232, 3.2810182571411133, 3.280958652496338, 3.2810778617858887, 3.281113862991333, 3.2811949253082275, 3.281386375427246, 3.2815351486206055, 3.2816662788391113, 3.281806707382202, 3.2819721698760986, 3.2819862365722656, 3.282059669494629, 3.2821264266967773, 3.2821264266967773, 3.2820756435394287, 3.282209634780884, 3.2821106910705566, 3.2823266983032227],