{"loss": [6.15275239944458, 12.463380813598633, 6.677731037139893, 7.926692962646484, 9.661384582519531, 8.390361785888672, 6.6544270515441895, 6.504424571990967, 7.507427215576172, 7.999573707580566, 7.3812432289123535, 6.452459812164307, 6.258129119873047, 6.747002601623535, 7.178295612335205, 7.036081790924072, 6.542689323425293, 6.2015228271484375, 6.306890964508057, 6.602437973022461, 6.7060699462890625, 6.51676607131958, 6.253775596618652, 6.179726600646973, 6.325779438018799, 6.463901996612549, 6.4349565505981445, 6.273651123046875, 6.171586990356445, 6.21696662902832, 6.309571743011475, 6.350460529327393, 6.234272003173828, 6.1455535888671875, 6.158689498901367, 6.227579593658447, 6.251775741577148, 6.201625347137451, 6.159886837005615, 6.134523391723633, 6.180838584899902, 6.214956283569336, 6.1715240478515625, 6.148800373077393, 6.114292144775391, 6.157725811004639, 6.175686836242676, 6.1558518409729, 6.1035356521606445, 6.128460884094238, 6.153209686279297, 6.141635894775391, 6.1367387771606445, 6.111795425415039, 6.108704090118408, 6.133659362792969, 6.1269731521606445, 6.106579303741455, 6.114232063293457, 6.135471343994141, 6.121612071990967, 6.115423202514648, 6.097419738769531, 6.117362976074219, 6.113126277923584, 6.122912883758545, 6.096550941467285, 6.1019392013549805, 6.119442462921143, 6.100935935974121, 6.092876434326172, 6.106978893280029, 6.087932586669922, 6.0991129875183105, 6.101263523101807, 6.0918779373168945, 6.117305278778076, 6.078127861022949, 6.1056013107299805, 6.087459087371826, 6.095987319946289, 6.098683834075928, 6.094346523284912, 6.088436126708984, 6.099868297576904, 6.090487003326416, 6.110543251037598, 6.083985328674316, 6.108541488647461, 6.079069137573242, 6.092337131500244, 6.090003967285156, 6.102382659912109, 6.093424320220947, 6.086774826049805, 6.090826034545898, 6.094305992126465, 6.063117027282715, 6.084140300750732, 6.092676162719727], "adaptive_loss": [0.010180987417697906, 0.07301630824804306, 0.015381359495222569, 0.02808455377817154, 0.04551516845822334, 0.03277769312262535, 0.015340481884777546, 0.013750838115811348, 0.023719489574432373, 0.028632301837205887, 0.022490693256258965, 0.013277568854391575, 0.011418381705880165, 0.01637778989970684, 0.020732855424284935, 0.019318632781505585, 0.014363682828843594, 0.010918285697698593, 0.011937204748392105, 0.014873713254928589, 0.015917479991912842, 0.014056769199669361, 0.01147572323679924, 0.010787087492644787, 0.012295671738684177, 0.013706618919968605, 0.013428364880383015, 0.011809772811830044, 0.01077138353139162, 0.01121155358850956, 0.012132531963288784, 0.012552084401249886, 0.011418113484978676, 0.010567663237452507, 0.010736977681517601, 0.011455432511866093, 0.011718680150806904, 0.01122207660228014, 0.010802778415381908, 0.01054349634796381, 0.011007378809154034, 0.01135782990604639, 0.010941780172288418, 0.010742812417447567, 0.010425958782434464, 0.010884604416787624, 0.011082394048571587, 0.010892834514379501, 0.010374292731285095, 0.010623138397932053, 0.010874598287045956, 0.01077499520033598, 0.010742278769612312, 0.010515011847019196, 0.01050637848675251, 0.010774080641567707, 0.010720004327595234, 0.01052439771592617, 0.010606984607875347, 0.01082621794193983, 0.010700768791139126, 0.010653012432157993, 0.010492447763681412, 0.010712134651839733, 0.010684175416827202, 0.010795611888170242, 0.01053906325250864, 0.01060347631573677, 0.010787209495902061, 0.010612762533128262, 0.010546834208071232, 0.010702063329517841, 0.01052868738770485, 0.010656075552105904, 0.01069151982665062, 0.010609657503664494, 0.010873351246118546, 0.010493875481188297, 0.01078120805323124, 0.010612613521516323, 0.010713992640376091, 0.010756215080618858, 0.010723656043410301, 0.010676304809749126, 0.010797628201544285, 0.010715079493820667, 0.010928011499345303, 0.010680544190108776, 0.01094293873757124, 0.010661003179848194, 0.010803928598761559, 0.01079273596405983, 0.010927741415798664, 0.010848077945411205, 0.010795440524816513, 0.010849894024431705, 0.010895882733166218, 0.01059942040592432, 0.010822275653481483, 0.010915536433458328], "bpp_loss": [5.134653568267822, 5.161750316619873, 5.139595031738281, 5.118237495422363, 5.109868049621582, 5.112592697143555, 5.1203789710998535, 5.129340648651123, 5.1354780197143555, 5.136343479156494, 5.132174015045166, 5.1247029304504395, 5.116291046142578, 5.10922384262085, 5.105010032653809, 5.104218482971191, 5.106320858001709, 5.109694480895996, 5.113170623779297, 5.1150665283203125, 5.114322185516357, 5.11108922958374, 5.106203079223633, 5.101017951965332, 5.096212387084961, 5.093240261077881, 5.092120170593262, 5.0926737785339355, 5.094448566436768, 5.095811367034912, 5.09631872177124, 5.09525203704834, 5.092460632324219, 5.088787078857422, 5.084991931915283, 5.08203649520874, 5.0799078941345215, 5.079417705535889, 5.079608917236328, 5.080173969268799, 5.0801005363464355, 5.0791730880737305, 5.077345848083496, 5.074519157409668, 5.0716962814331055, 5.069265365600586, 5.067447662353516, 5.066568374633789, 5.06610631942749, 5.066147327423096, 5.065749645233154, 5.064136505126953, 5.062510967254639, 5.060294151306152, 5.058066368103027, 5.056251525878906, 5.0549726486206055, 5.054139614105225, 5.053533554077148, 5.052849292755127, 5.051535129547119, 5.050121784210205, 5.048174858093262, 5.046149730682373, 5.044708728790283, 5.043351650238037, 5.042644500732422, 5.041591644287109, 5.040721416473389, 5.0396599769592285, 5.038193225860596, 5.036772727966309, 5.035063743591309, 5.033505439758301, 5.032111644744873, 5.030911922454834, 5.029970169067383, 5.028740406036377, 5.027480602264404, 5.026197910308838, 5.024588108062744, 5.023062229156494, 5.0219807624816895, 5.020805358886719, 5.020105361938477, 5.018979072570801, 5.017742156982422, 5.015931129455566, 5.014247894287109, 5.012969017028809, 5.01194429397583, 5.010730266571045, 5.009608745574951, 5.0086164474487305, 5.007230758666992, 5.005836486816406, 5.004717826843262, 5.003175258636475, 5.001912593841553, 5.00112247467041],