{"loss": [5.098494052886963, 5.9764814376831055, 5.422828674316406, 5.357446193695068, 5.492687225341797, 5.512969017028809, 5.445721626281738, 5.343391418457031, 5.322531700134277, 5.320431709289551, 5.3218607902526855, 5.330206394195557, 5.326390266418457, 5.292486667633057, 5.279471397399902, 5.254988193511963, 5.279757499694824, 5.247589111328125, 5.26204776763916, 5.262382507324219, 5.259478569030762, 5.257170677185059, 5.23425817489624, 5.225193977355957, 5.22001314163208, 5.2235894203186035, 5.220038890838623, 5.225208759307861, 5.219331741333008, 5.224113464355469, 5.223140716552734, 5.200364112854004, 5.194317817687988, 5.19068717956543, 5.199773788452148, 5.197781562805176, 5.188862323760986, 5.1995768547058105, 5.197126388549805, 5.180660247802734, 5.194640636444092, 5.182381629943848, 5.1805877685546875, 5.196132183074951, 5.200976371765137, 5.184161186218262, 5.1849164962768555, 5.183445453643799, 5.20612096786499, 5.192625045776367, 5.174414157867432, 5.18122673034668, 5.182644367218018, 5.177194595336914, 5.193394660949707, 5.181856155395508, 5.174506664276123, 5.172060489654541, 5.189947128295898, 5.182666778564453, 5.165974140167236, 5.1836771965026855, 5.198132038116455, 5.184470176696777, 5.181589603424072, 5.181403636932373, 5.183149337768555, 5.1593828201293945, 5.179977893829346, 5.17311429977417, 5.178661823272705, 5.177557468414307, 5.167830467224121, 5.177654266357422, 5.174689769744873, 5.178037166595459, 5.197823524475098, 5.182893753051758, 5.168375015258789, 5.173984527587891, 5.178305149078369, 5.175792694091797, 5.172713756561279, 5.157698631286621, 5.161746978759766, 5.164719104766846, 5.189690589904785, 5.183202743530273, 5.185696125030518, 5.165005683898926, 5.1615705490112305, 5.170345783233643, 5.171902179718018, 5.147965431213379, 5.166443824768066, 5.172728538513184, 5.169190406799316, 5.174909591674805, 5.1635661125183105, 5.151201248168945], "adaptive_loss": [0.008098116144537926, 0.01695723831653595, 0.011463942006230354, 0.01082627847790718, 0.012184596620500088, 0.012399256229400635, 0.011746208183467388, 0.010748311877250671, 0.010564669966697693, 0.010570704936981201, 0.01060666423290968, 0.010712413117289543, 0.010695292614400387, 0.010372776538133621, 0.0102622015401721, 0.010036798194050789, 0.010302187874913216, 0.01000476535409689, 0.01017177663743496, 0.010198553092777729, 0.010191463865339756, 0.010191446170210838, 0.009983852505683899, 0.009911882691085339, 0.009879293851554394, 0.009931755252182484, 0.00991517398506403, 0.009983586147427559, 0.009943055920302868, 0.010010603815317154, 0.01002047024667263, 0.00981404073536396, 0.009775392711162567, 0.009758666157722473, 0.009869481436908245, 0.009868848137557507, 0.009795269928872585, 0.009921560063958168, 0.009913112968206406, 0.009766590781509876, 0.009923136793076992, 0.009816944599151611, 0.009816472418606281, 0.00999170821160078, 0.010056469589471817, 0.009910189546644688, 0.009933285415172577, 0.009934314526617527, 0.010175438597798347, 0.010053622536361217, 0.0098860589787364, 0.009968851692974567, 0.009998866356909275, 0.00996224582195282, 0.010141236707568169, 0.010043499059975147, 0.009985288605093956, 0.009973757900297642, 0.01016517635434866, 0.010105021297931671, 0.00994841381907463, 0.010137624107301235, 0.010293550789356232, 0.010172249749302864, 0.010158844292163849, 0.010172801092267036, 0.010206267237663269, 0.009985488839447498, 0.01020258478820324, 0.010144982486963272, 0.010210448876023293, 0.010208098217844963, 0.010116705670952797, 0.010224339552223682, 0.010205822996795177, 0.010253489948809147, 0.010465332306921482, 0.01033075712621212, 0.010197184048593044, 0.01026608981192112, 0.010318173095583916, 0.010301165282726288, 0.010277057997882366, 0.010134164243936539, 0.010183301754295826, 0.010222019627690315, 0.010483501479029655, 0.010431265458464622, 0.010467061772942543, 0.010267523117363453, 0.010242526419460773, 0.01033637672662735, 0.010359060019254684, 0.010127352550625801, 0.010319206863641739, 0.010389504954218864, 0.010363547131419182, 0.010427932254970074, 0.01032264344394207, 0.010209482163190842], "bpp_loss": [4.288682460784912, 4.280757427215576, 4.276434421539307, 4.274818420410156, 4.274227619171143, 4.273043632507324, 4.271100997924805, 4.268560409545898, 4.266064643859863, 4.263360977172852, 4.261194229125977, 4.258965015411377, 4.256860733032227, 4.255208969116211, 4.253251075744629, 4.251308441162109, 4.249538898468018, 4.24711275100708, 4.244870185852051, 4.242527008056641, 4.240332126617432, 4.238026142120361, 4.235872745513916, 4.234005451202393, 4.232083797454834, 4.230413913726807, 4.228521347045898, 4.2268500328063965, 4.2250261306762695, 4.223052978515625, 4.221093654632568, 4.218959808349609, 4.216778755187988, 4.214820384979248, 4.212825775146484, 4.2108964920043945, 4.2093353271484375, 4.207420825958252, 4.205815315246582, 4.204001426696777, 4.202326774597168, 4.200687408447266, 4.198940753936768, 4.196961402893066, 4.195329189300537, 4.193142414093018, 4.191587924957275, 4.190013885498047, 4.188577175140381, 4.187263011932373, 4.185808181762695, 4.1843414306640625, 4.18275785446167, 4.180970191955566, 4.1792707443237305, 4.177506446838379, 4.17597770690918, 4.174684524536133, 4.173429489135742, 4.172164440155029, 4.171132564544678, 4.169914722442627, 4.168776988983154, 4.167244911193848, 4.16570520401001, 4.16412353515625, 4.162522315979004, 4.160833835601807, 4.159719467163086, 4.158616065979004, 4.157617092132568, 4.156747817993164, 4.1561598777771, 4.155220031738281, 4.154107570648193, 4.152688026428223, 4.151290416717529, 4.149817943572998, 4.148656368255615, 4.147375583648682, 4.146487712860107, 4.145676136016846, 4.145008087158203, 4.144282341003418, 4.143416881561279, 4.14251708984375, 4.141340255737305, 4.140076160430908, 4.1389899253845215, 4.138253211975098, 4.137317657470703, 4.1367082595825195, 4.135996341705322, 4.13523006439209, 4.134522914886475, 4.133778095245361, 4.132835865020752, 4.132116317749023, 4.1313018798828125, 4.130253314971924],