{"loss": [5.568566799163818, 9.862102508544922, 6.117819786071777, 7.0327043533325195, 7.997463703155518, 7.015751361846924, 5.998386383056641, 6.054276466369629, 6.730213165283203, 6.769786357879639, 6.244124889373779, 5.830432415008545, 5.836822509765625, 6.175660133361816, 6.325464248657227, 6.099356651306152, 5.803212642669678, 5.719661235809326, 5.833046913146973, 6.0177412033081055, 5.949129104614258, 5.794122695922852, 5.664572715759277, 5.731488227844238, 5.828239917755127, 5.834653854370117, 5.740365982055664, 5.645147800445557, 5.661568641662598, 5.720629692077637, 5.728688716888428, 5.70438289642334, 5.661066055297852, 5.63557243347168, 5.667959213256836, 5.708215713500977, 5.651988983154297, 5.629834175109863, 5.618124008178711, 5.639528274536133, 5.624064922332764, 5.645793437957764, 5.629888534545898, 5.614445686340332, 5.621440887451172, 5.638495445251465, 5.628096103668213, 5.613110542297363, 5.612995147705078, 5.619823455810547, 5.610814571380615, 5.60520076751709, 5.601024627685547, 5.5973734855651855, 5.610526084899902, 5.620911598205566, 5.611598968505859, 5.601620674133301, 5.605374336242676, 5.590872287750244, 5.614137649536133, 5.58905029296875, 5.601244926452637, 5.613190650939941, 5.619504928588867, 5.597162246704102, 5.61619758605957, 5.584253787994385, 5.589592456817627, 5.584171772003174, 5.593581199645996, 5.6003241539001465, 5.596124649047852, 5.617982387542725, 5.601507186889648, 5.6041717529296875, 5.580185890197754, 5.592965126037598, 5.600142002105713, 5.58541202545166, 5.592523097991943, 5.599445343017578, 5.581455230712891, 5.591096878051758, 5.591127395629883, 5.573442459106445, 5.607017517089844, 5.602395057678223, 5.5967116355896, 5.589300155639648, 5.614150524139404, 5.604528427124023, 5.59614372253418, 5.596226692199707, 5.577315330505371, 5.5735859870910645, 5.578146934509277, 5.580265522003174, 5.580434799194336, 5.585219383239746], "adaptive_loss": [0.00933067873120308, 0.05204012617468834, 0.01478363387286663, 0.024103805422782898, 0.0338049940764904, 0.023957891389727592, 0.013713334687054157, 0.014200376346707344, 0.020918413996696472, 0.02131921797990799, 0.016103297472000122, 0.012029876001179218, 0.012159040197730064, 0.015596030279994011, 0.017116744071245193, 0.014853419736027718, 0.01186849270015955, 0.011004820466041565, 0.0121137211099267, 0.013953085988759995, 0.01328257005661726, 0.011764656752347946, 0.010511836037039757, 0.011223175562918186, 0.012219637632369995, 0.012295850552618504, 0.01135327573865652, 0.01039021834731102, 0.010539839044213295, 0.0111244423314929, 0.011212619952857494, 0.010984410531818867, 0.010579545050859451, 0.010352359153330326, 0.010702000930905342, 0.011119549162685871, 0.010563168674707413, 0.010340767912566662, 0.010221192613244057, 0.01043510902673006, 0.010289030149579048, 0.010519682429730892, 0.010380164720118046, 0.010244657285511494, 0.010330352000892162, 0.010514284484088421, 0.010418232530355453, 0.010272347368299961, 0.010273986496031284, 0.010346910916268826, 0.010267256759107113, 0.010223964229226112, 0.01019655168056488, 0.010176844894886017, 0.010322661139070988, 0.01043685618788004, 0.010352415964007378, 0.010257315821945667, 0.010300524532794952, 0.010162681341171265, 0.010405121371150017, 0.010167261585593224, 0.01030421070754528, 0.010435275733470917, 0.010508531704545021, 0.010292687453329563, 0.0104898726567626, 0.0101779131218791, 0.01024214830249548, 0.010200411081314087, 0.010307605378329754, 0.010388311930000782, 0.010356850922107697, 0.010583696886897087, 0.01042358297854662, 0.010457885451614857, 0.01022602990269661, 0.010366179049015045, 0.010448871180415154, 0.01031518541276455, 0.010396651923656464, 0.010473519563674927, 0.010302555747330189, 0.010407252237200737, 0.010415703989565372, 0.010250868275761604, 0.010597364977002144, 0.010561717674136162, 0.010513052344322205, 0.010447748005390167, 0.010702489875257015, 0.010615169070661068, 0.0105415228754282, 0.010552888736128807, 0.010373994708061218, 0.010345688089728355, 0.010399525985121727, 0.010429571382701397, 0.010444553568959236, 0.010502020828425884], "bpp_loss": [4.635499000549316, 4.658090114593506, 4.639456272125244, 4.622323513031006, 4.616964340209961, 4.619962215423584, 4.6270527839660645, 4.6342387199401855, 4.63837194442749, 4.637864589691162, 4.633795261383057, 4.627444744110107, 4.6209187507629395, 4.6160569190979, 4.613790035247803, 4.614014625549316, 4.616363525390625, 4.6191792488098145, 4.62167501449585, 4.622432708740234, 4.6208720207214355, 4.61765718460083, 4.613389015197754, 4.609170913696289, 4.606276035308838, 4.605068683624268, 4.605038642883301, 4.606125831604004, 4.607584476470947, 4.608185291290283, 4.607426643371582, 4.6059417724609375, 4.603111743927002, 4.60033655166626, 4.597759246826172, 4.5962605476379395, 4.595672130584717, 4.595757484436035, 4.596004486083984, 4.596017360687256, 4.5951619148254395, 4.593825340270996, 4.591872215270996, 4.589980125427246, 4.588405609130859, 4.587067127227783, 4.586272716522217, 4.585875511169434, 4.585596561431885, 4.585132122039795, 4.5840888023376465, 4.582804203033447, 4.581369400024414, 4.579689025878906, 4.5782599449157715, 4.577226161956787, 4.576357364654541, 4.5758891105651855, 4.575321674346924, 4.574604034423828, 4.573625564575195, 4.572324275970459, 4.570824146270752, 4.569663047790527, 4.5686516761779785, 4.5678935050964355, 4.5672101974487305, 4.566462516784668, 4.565377712249756, 4.564130783081055, 4.562820911407471, 4.561492919921875, 4.560439586639404, 4.55961275100708, 4.559148788452148, 4.558382987976074, 4.557582855224609, 4.556347370147705, 4.555254936218262, 4.553893566131592, 4.552857875823975, 4.552093505859375, 4.551199436187744, 4.5503716468811035, 4.549556732177734, 4.548355579376221, 4.547281265258789, 4.546223163604736, 4.545406341552734, 4.544525146484375, 4.543901443481445, 4.543011665344238, 4.541991710662842, 4.540937900543213, 4.539915561676025, 4.539017200469971, 4.538194179534912, 4.537308216094971, 4.535979270935059, 4.535017490386963],