{"loss": [5.843199253082275, 12.876325607299805, 6.548386573791504, 7.842220306396484, 9.725337982177734, 8.354104042053223, 6.610454082489014, 6.377810001373291, 7.31911563873291, 7.736346244812012, 7.130430698394775, 6.319131374359131, 6.2005228996276855, 6.6258544921875, 6.916779518127441, 6.68721866607666, 6.251749515533447, 6.034209728240967, 6.2161760330200195, 6.430242538452148, 6.43644380569458, 6.189501762390137, 5.983259677886963, 5.991787910461426, 6.1618123054504395, 6.250773906707764, 6.14300012588501, 5.982273578643799, 5.9352545738220215, 5.985050201416016, 6.075046062469482, 6.043278217315674, 5.949919700622559, 5.905561923980713, 5.936104774475098, 5.991791725158691, 5.979725360870361, 5.925662040710449, 5.892977237701416, 5.907858848571777, 5.9381585121154785, 5.947946071624756, 5.889881610870361, 5.89382266998291, 5.915508270263672, 5.915234088897705, 5.903220176696777, 5.885931015014648, 5.876753807067871, 5.8766374588012695, 5.891867160797119, 5.903117656707764, 5.880373954772949, 5.866123199462891, 5.887154579162598, 5.873467445373535, 5.868693828582764, 5.886052131652832, 5.892988204956055, 5.8760576248168945, 5.868210792541504, 5.870217800140381, 5.8832502365112305, 5.867429733276367, 5.882680892944336, 5.877051830291748, 5.862248420715332, 5.879537582397461, 5.860409736633301, 5.84903621673584, 5.859910011291504, 5.88689661026001, 5.881171703338623, 5.854674339294434, 5.8692426681518555, 5.844694137573242, 5.870190143585205, 5.848555564880371, 5.8611907958984375, 5.864480972290039, 5.866583824157715, 5.886681079864502, 5.84409236907959, 5.847323894500732, 5.862860679626465, 5.85428524017334, 5.850849628448486, 5.858982563018799, 5.837496757507324, 5.8490095138549805, 5.857147216796875, 5.840158462524414, 5.835248947143555, 5.848502159118652, 5.852851867675781, 5.842728614807129, 5.835699081420898, 5.818366527557373, 5.843372821807861, 5.851901531219482], "adaptive_loss": [0.009661374613642693, 0.07972022145986557, 0.016651922836899757, 0.029785051941871643, 0.048691537231206894, 0.03495205566287041, 0.017437724396586418, 0.015024608932435513, 0.02438225783407688, 0.028547488152980804, 0.022526493296027184, 0.01447979360818863, 0.01336806919425726, 0.017684519290924072, 0.020627444609999657, 0.01833324134349823, 0.013960235752165318, 0.011750278994441032, 0.013541223481297493, 0.015669753775000572, 0.015740331262350082, 0.013300511986017227, 0.011281752958893776, 0.011416127905249596, 0.013150282204151154, 0.014060206711292267, 0.012984141707420349, 0.011368388310074806, 0.010882725939154625, 0.011371991597115993, 0.012271508574485779, 0.011971413157880306, 0.011062818579375744, 0.010654548183083534, 0.010991223156452179, 0.0115700364112854, 0.011460327543318272, 0.010920041240751743, 0.010588317178189754, 0.010732448659837246, 0.011038266122341156, 0.011149399913847446, 0.010590113699436188, 0.010653754696249962, 0.010893230326473713, 0.010908573865890503, 0.010797419585287571, 0.010627340525388718, 0.010536248795688152, 0.01053905300796032, 0.010698656551539898, 0.01082606241106987, 0.010617892257869244, 0.01049536932259798, 0.010722850449383259, 0.010598297230899334, 0.010559121146798134, 0.010735499672591686, 0.010810796171426773, 0.010649259202182293, 0.010583297349512577, 0.010619673877954483, 0.010769314132630825, 0.010625932365655899, 0.010789523832499981, 0.01074155792593956, 0.010598788037896156, 0.010778901167213917, 0.010596787557005882, 0.010498103685677052, 0.010621384717524052, 0.01090572401881218, 0.01086126733571291, 0.010605182498693466, 0.010759761556982994, 0.010523608885705471, 0.010788126848638058, 0.010581957176327705, 0.010721730999648571, 0.010767784900963306, 0.010799657553434372, 0.011011790484189987, 0.01059443224221468, 0.010637291707098484, 0.010802478529512882, 0.010727246291935444, 0.01070608664304018, 0.010799473151564598, 0.01059621199965477, 0.010722246952354908, 0.010814694687724113, 0.01065328810364008, 0.010613996535539627, 0.01075760368257761, 0.010813289321959019, 0.010725096799433231, 0.010664133355021477, 0.010500974021852016, 0.010759646072983742, 0.010855074040591717], "bpp_loss": [4.87706184387207, 4.904303550720215, 4.883194446563721, 4.863715171813965, 4.856184482574463, 4.858898162841797, 4.8666815757751465, 4.875349044799805, 4.880889892578125, 4.881597518920898, 4.877781391143799, 4.871151924133301, 4.863716125488281, 4.857402801513672, 4.854034900665283, 4.8538947105407715, 4.8557257652282715, 4.859181880950928, 4.862053871154785, 4.863267421722412, 4.862410545349121, 4.859450817108154, 4.855084419250488, 4.850175380706787, 4.8467841148376465, 4.844753265380859, 4.84458589553833, 4.845434665679932, 4.846982002258301, 4.847850799560547, 4.84789514541626, 4.846137046813965, 4.843637943267822, 4.840106964111328, 4.836982250213623, 4.834787845611572, 4.83369255065918, 4.833657741546631, 4.834145545959473, 4.834613800048828, 4.83433198928833, 4.833005905151367, 4.830870151519775, 4.828447341918945, 4.82618522644043, 4.824376583099365, 4.8234782218933105, 4.823196887969971, 4.823128700256348, 4.822731971740723, 4.8220014572143555, 4.820511341094971, 4.818584442138672, 4.816586017608643, 4.814869403839111, 4.813637733459473, 4.812781810760498, 4.812502384185791, 4.811908721923828, 4.811131477355957, 4.809881210327148, 4.808250427246094, 4.806318759918213, 4.804836273193359, 4.8037285804748535, 4.802896022796631, 4.802369594573975, 4.801647663116455, 4.800731182098389, 4.799225807189941, 4.797771453857422, 4.796324253082275, 4.795044898986816, 4.794156074523926, 4.793266296386719, 4.792333126068115, 4.791377544403076, 4.790359973907471, 4.789017677307129, 4.787702560424805, 4.786618232727051, 4.785501956939697, 4.784648895263672, 4.783594608306885, 4.7826128005981445, 4.78156042098999, 4.780241012573242, 4.7790350914001465, 4.7778754234313965, 4.776784896850586, 4.775677680969238, 4.774829387664795, 4.7738494873046875, 4.772741794586182, 4.7715229988098145, 4.770218849182129, 4.769285678863525, 4.768269062042236, 4.76740837097168, 4.766394138336182],