{"loss": [4.870502471923828, 6.668292999267578, 5.282275676727295, 5.268790245056152, 5.6544928550720215, 5.661031246185303, 5.397426605224609, 5.172120571136475, 5.114451885223389, 5.191415786743164, 5.269698143005371, 5.264642715454102, 5.194062232971191, 5.118967533111572, 5.072179317474365, 5.0812668800354, 5.103809356689453, 5.08613920211792, 5.096762180328369, 5.070796489715576, 5.038269519805908, 5.0321760177612305, 5.020015239715576, 5.037906169891357, 5.044301986694336, 5.038156032562256, 5.028016567230225, 5.015537261962891, 5.006964683532715, 4.991607666015625, 5.001486778259277, 5.011976718902588, 4.994582653045654, 4.993133068084717, 4.98578405380249, 4.997341632843018, 4.996613502502441, 4.993663787841797, 4.984957695007324, 4.987740993499756, 4.993825912475586, 4.994174003601074, 4.977832794189453, 4.970037460327148, 4.987931251525879, 4.973725318908691, 4.9835205078125, 4.965500831604004, 4.9762115478515625, 5.003135681152344, 4.991461277008057, 4.980850696563721, 4.974327564239502, 4.974221229553223, 4.99504280090332, 4.981659412384033, 4.986318588256836, 4.986387729644775, 4.9778852462768555, 4.972405433654785, 4.9881815910339355, 4.988529682159424, 4.979130744934082, 4.98128080368042, 4.969216346740723, 4.974654197692871, 4.966328144073486, 4.995947360992432, 4.991054534912109, 4.9815192222595215, 4.977893352508545, 4.970664978027344, 4.983936309814453, 4.982770919799805, 4.987941265106201, 4.972442626953125, 4.979129791259766, 4.969009876251221, 4.968424320220947, 4.9751973152160645, 4.987689971923828, 4.9788360595703125, 4.978063106536865, 4.973045825958252, 4.969905853271484, 4.975928783416748, 4.975509166717529, 5.00040340423584, 4.9752421379089355, 4.980697154998779, 4.967528343200684, 4.962954044342041, 4.9772515296936035, 4.981032848358154, 4.9875712394714355, 4.9788336753845215, 4.982579231262207, 4.973082542419434, 4.9671630859375, 4.974553108215332], "adaptive_loss": [0.007879884913563728, 0.02573947049677372, 0.011984442360699177, 0.011948386207222939, 0.015845252200961113, 0.015897849574685097, 0.013226580806076527, 0.01094088051468134, 0.010349654592573643, 0.011124365963041782, 0.011929546482861042, 0.011907942593097687, 0.011229507625102997, 0.010497150011360645, 0.01003641914576292, 0.010127986781299114, 0.010349737480282784, 0.010171514935791492, 0.010278841480612755, 0.010025406256318092, 0.009709691628813744, 0.009661217220127583, 0.009550746530294418, 0.009738803841173649, 0.009809195064008236, 0.009752163663506508, 0.009655572474002838, 0.009537290781736374, 0.009460743516683578, 0.009318098425865173, 0.009425999596714973, 0.009539338760077953, 0.009371175430715084, 0.009361174888908863, 0.00929415225982666, 0.009414592757821083, 0.009415521286427975, 0.00939754769206047, 0.009321348741650581, 0.009359074756503105, 0.009427765384316444, 0.009438450448215008, 0.009279554709792137, 0.009207581169903278, 0.00939041469246149, 0.009255527518689632, 0.009360895492136478, 0.009190933778882027, 0.009308150969445705, 0.009585242718458176, 0.00947438832372427, 0.009370902553200722, 0.009309978224337101, 0.00931740365922451, 0.009534931741654873, 0.009408783167600632, 0.009463919326663017, 0.009470302611589432, 0.00939101167023182, 0.009342678822577, 0.00950637273490429, 0.009516458958387375, 0.009432034566998482, 0.009462062269449234, 0.009349190630018711, 0.009410697966814041, 0.009329957887530327, 0.009625538252294064, 0.009577440097928047, 0.009488014504313469, 0.009463386610150337, 0.009402015246450901, 0.009543190710246563, 0.009538929909467697, 0.00959227979183197, 0.009439199231564999, 0.009508482180535793, 0.009415683336555958, 0.009419061243534088, 0.009494220837950706, 0.009624401107430458, 0.00953991711139679, 0.009534681215882301, 0.00948911253362894, 0.009462172165513039, 0.009528552182018757, 0.009532402269542217, 0.009788605384528637, 0.009541239589452744, 0.009598479606211185, 0.009469092823565006, 0.009427991695702076, 0.009579158388078213, 0.009622483514249325, 0.009695534594357014, 0.009610221721231937, 0.009646009653806686, 0.009553059935569763, 0.00949888490140438, 0.009580233134329319], "bpp_loss": [4.082513809204102, 4.094346046447754, 4.083831310272217, 4.073951721191406, 4.069967746734619, 4.071246147155762, 4.074768543243408, 4.078032493591309, 4.07948637008667, 4.078979015350342, 4.0767436027526855, 4.073848724365234, 4.07111120223999, 4.0692524909973145, 4.06853723526001, 4.06846809387207, 4.068835735321045, 4.068987846374512, 4.068878173828125, 4.06825590133667, 4.067300319671631, 4.066054344177246, 4.064940452575684, 4.06402587890625, 4.063382625579834, 4.062939643859863, 4.062459468841553, 4.061808109283447, 4.060890197753906, 4.059797763824463, 4.058887004852295, 4.058043003082275, 4.057465076446533, 4.057015419006348, 4.056368827819824, 4.055882453918457, 4.055061340332031, 4.053908824920654, 4.052822589874268, 4.051833629608154, 4.05104923248291, 4.050328731536865, 4.049877166748047, 4.04927921295166, 4.048889636993408, 4.048172473907471, 4.047430992126465, 4.046407699584961, 4.045396327972412, 4.04461145401001, 4.044022560119629, 4.043760299682617, 4.04332971572876, 4.042480945587158, 4.0415496826171875, 4.040781021118164, 4.039926528930664, 4.039357662200928, 4.038784027099609, 4.038137435913086, 4.037544250488281, 4.03688383102417, 4.0359272956848145, 4.035074710845947, 4.034297466278076, 4.0335845947265625, 4.033332347869873, 4.033393383026123, 4.033310413360596, 4.032717704772949, 4.031554698944092, 4.030463695526123, 4.0296173095703125, 4.0288777351379395, 4.028713226318359, 4.028522968292236, 4.0282816886901855, 4.027441501617432, 4.02651834487915, 4.02577543258667, 4.02524995803833, 4.024844169616699, 4.024594783782959, 4.024134635925293, 4.023688793182373, 4.023073673248291, 4.022268772125244, 4.021543025970459, 4.0211181640625, 4.020849227905273, 4.020618915557861, 4.02015495300293, 4.019335746765137, 4.018784523010254, 4.018017768859863, 4.017811298370361, 4.017978191375732, 4.0177764892578125, 4.017274856567383, 4.0165300369262695],