{"loss": [3.9919159412384033, 4.718961238861084, 4.471370220184326, 4.286396503448486, 4.198784828186035, 4.312768459320068, 4.319689750671387, 4.241419792175293, 4.2116265296936035, 4.188325881958008, 4.147848129272461, 4.131377220153809, 4.154301643371582, 4.153084754943848, 4.136973857879639, 4.125069618225098, 4.129286289215088, 4.115805149078369, 4.105684280395508, 4.09220552444458, 4.1025919914245605, 4.090418815612793, 4.078916072845459, 4.062175750732422, 4.066359996795654, 4.060753345489502, 4.0617523193359375, 4.06715726852417, 4.065983295440674, 4.060200214385986, 4.0450334548950195, 4.057046413421631, 4.035090446472168, 4.036855220794678, 4.0357985496521, 4.045981407165527, 4.029685020446777, 4.040955543518066, 4.0425825119018555, 4.0299530029296875, 4.021812438964844, 4.021834850311279, 4.042503833770752, 4.036073207855225, 4.02980375289917, 4.027162075042725, 4.025784492492676, 4.016695499420166, 4.023616790771484, 4.0262627601623535, 4.021824836730957, 4.018618583679199, 4.027782440185547, 4.0133256912231445, 4.0149970054626465, 4.0188679695129395, 4.011651992797852, 4.0133819580078125, 4.015861511230469, 4.015228271484375, 4.010298728942871, 4.007924556732178, 4.014681339263916, 4.018222808837891, 4.006995677947998, 4.020824432373047, 4.015572547912598, 4.0145955085754395, 4.004842758178711, 4.009829521179199, 4.004249095916748, 4.006027698516846, 4.010679244995117, 4.023935794830322, 4.005557537078857, 4.011179447174072, 4.001791000366211, 4.0120930671691895, 4.002035617828369, 4.005681991577148, 4.00577449798584, 4.009678363800049, 4.008735179901123, 4.004100799560547, 4.011040210723877, 4.0006022453308105, 4.00834321975708, 4.000190734863281, 3.996035099029541, 4.005115032196045, 3.993495464324951, 3.9984564781188965, 4.011056423187256, 4.005589008331299, 3.991124153137207, 3.995431900024414, 3.9965507984161377, 3.9970855712890625, 3.9993672370910645, 3.98838472366333], "adaptive_loss": [0.006461376324295998, 0.013715623877942562, 0.01124300342053175, 0.0093911811709404, 0.00851011648774147, 0.009640713222324848, 0.009701547212898731, 0.008912801742553711, 0.008610321208834648, 0.008371574804186821, 0.007962490431964397, 0.007792063523083925, 0.008016172796487808, 0.00799710676074028, 0.007829451002180576, 0.007703213021159172, 0.007737728767096996, 0.007593930698931217, 0.0074846879579126835, 0.0073427786119282246, 0.007440029643476009, 0.007313099689781666, 0.0071913450956344604, 0.007018486503511667, 0.007054363377392292, 0.006992315873503685, 0.0069952961057424545, 0.007043152581900358, 0.007023441605269909, 0.006958087906241417, 0.006798913236707449, 0.006910851690918207, 0.0066845170222222805, 0.0066955736838281155, 0.006679002661257982, 0.006775417365133762, 0.006605990696698427, 0.006714496295899153, 0.006724941544234753, 0.006593285594135523, 0.006507425103336573, 0.006501601077616215, 0.0067025343887507915, 0.006632302422076464, 0.00656203692778945, 0.006531044375151396, 0.006509467959403992, 0.00641414150595665, 0.006475725211203098, 0.006497577764093876, 0.006448093336075544, 0.006410932168364525, 0.006498347036540508, 0.006351017393171787, 0.0063635436818003654, 0.006397287826985121, 0.006321354303508997, 0.006332797463983297, 0.006352377124130726, 0.006342167500406504, 0.0062874238938093185, 0.006258552893996239, 0.00632083835080266, 0.006351341959089041, 0.0062362863682210445, 0.006371540017426014, 0.006317840423434973, 0.0063042775727808475, 0.006204408127814531, 0.006250898819416761, 0.006192459259182215, 0.006207666359841824, 0.006250949576497078, 0.006380235776305199, 0.006192708853632212, 0.006246387492865324, 0.006150917150080204, 0.006251639220863581, 0.006146315019577742, 0.006181692238897085, 0.006180666387081146, 0.00621635839343071, 0.006205123383551836, 0.00615744898095727, 0.00622646976262331, 0.006120874080806971, 0.006197745446115732, 0.006117051932960749, 0.006072057876735926, 0.006161888595670462, 0.006044088862836361, 0.006091221701353788, 0.00621529808267951, 0.0061571672558784485, 0.006011746823787689, 0.006055031903088093, 0.006067259702831507, 0.006072350312024355, 0.0060968887992203236, 0.005988012533634901], "bpp_loss": [3.345778226852417, 3.3473989963531494, 3.3470699787139893, 3.347278356552124, 3.3477730751037598, 3.3486971855163574, 3.3495349884033203, 3.3501393795013428, 3.3505942821502686, 3.351168632507324, 3.3515992164611816, 3.352170944213867, 3.352684497833252, 3.3533740043640137, 3.3540289402008057, 3.354748249053955, 3.355513572692871, 3.356411933898926, 3.357215404510498, 3.3579275608062744, 3.358588933944702, 3.3591086864471436, 3.359781503677368, 3.3603270053863525, 3.3609235286712646, 3.3615219593048096, 3.362222909927368, 3.362842082977295, 3.3636391162872314, 3.364391326904297, 3.3651418685913086, 3.3659610748291016, 3.366638660430908, 3.367297887802124, 3.367898464202881, 3.3684394359588623, 3.3690860271453857, 3.3695061206817627, 3.3700883388519287, 3.370624303817749, 3.3710696697235107, 3.3716745376586914, 3.3722503185272217, 3.372842788696289, 3.3736000061035156, 3.3740575313568115, 3.374837636947632, 3.37528133392334, 3.376044511795044, 3.376505136489868, 3.3770155906677246, 3.377525568008423, 3.3779475688934326, 3.3782241344451904, 3.3786427974700928, 3.3791391849517822, 3.3795166015625, 3.3801021575927734, 3.3806238174438477, 3.381011724472046, 3.381556510925293, 3.3820693492889404, 3.3825974464416504, 3.3830888271331787, 3.3833670616149902, 3.3836705684661865, 3.383788585662842, 3.3841679096221924, 3.384401798248291, 3.384739875793457, 3.385003089904785, 3.385261058807373, 3.3855841159820557, 3.3859121799468994, 3.386286497116089, 3.386540651321411, 3.3866994380950928, 3.3869292736053467, 3.387404203414917, 3.387512683868408, 3.3877077102661133, 3.388042449951172, 3.3882229328155518, 3.3883557319641113, 3.3883931636810303, 3.388514995574951, 3.388568878173828, 3.3884854316711426, 3.388829231262207, 3.3889260292053223, 3.3890867233276367, 3.389334201812744, 3.389526605606079, 3.3898723125457764, 3.389949321746826, 3.3899285793304443, 3.389824867248535, 3.389850616455078, 3.3896782398223877, 3.3895833492279053],