{"loss": [6.227657794952393, 13.289169311523438, 6.8093671798706055, 8.227116584777832, 10.347312927246094, 8.856927871704102, 6.782013416290283, 6.598937034606934, 7.8558244705200195, 8.34738540649414, 7.586580753326416, 6.555192947387695, 6.342959880828857, 6.883528232574463, 7.422710418701172, 7.234633445739746, 6.683433532714844, 6.308452606201172, 6.408281326293945, 6.7210283279418945, 6.914201736450195, 6.656716823577881, 6.333481788635254, 6.271181106567383, 6.428436756134033, 6.605711936950684, 6.588740348815918, 6.381030559539795, 6.243865966796875, 6.323801040649414, 6.421614170074463, 6.411983013153076, 6.336294651031494, 6.223270893096924, 6.247978210449219, 6.320522308349609, 6.338203430175781, 6.283179759979248, 6.2245774269104, 6.219112396240234, 6.269396781921387, 6.287981986999512, 6.266364574432373, 6.200203895568848, 6.219235897064209, 6.233459949493408, 6.251076698303223, 6.235369682312012, 6.2226786613464355, 6.21134090423584, 6.242973804473877, 6.231391429901123, 6.215658664703369, 6.1907453536987305, 6.198230266571045, 6.208013534545898, 6.218708515167236, 6.182762622833252, 6.1825947761535645, 6.192522048950195, 6.207149505615234, 6.200430393218994, 6.18708610534668, 6.179142475128174, 6.179680347442627, 6.174181938171387, 6.191329002380371, 6.168859481811523, 6.187953948974609, 6.168736457824707, 6.1830596923828125, 6.1782307624816895, 6.182120323181152, 6.177437782287598, 6.182703495025635, 6.181856155395508, 6.1949896812438965, 6.159719467163086, 6.168002128601074, 6.173578262329102, 6.177270412445068, 6.178822994232178, 6.177051544189453, 6.157418727874756, 6.184861183166504, 6.175817489624023, 6.1707916259765625, 6.167716026306152, 6.165590763092041, 6.144027233123779, 6.160693168640137, 6.154831409454346, 6.175323486328125, 6.177855014801025, 6.147944927215576, 6.148178577423096, 6.155638694763184, 6.154565811157227, 6.155100345611572, 6.15916109085083], "adaptive_loss": [0.010182864032685757, 0.08051551878452301, 0.01595136895775795, 0.03034796193242073, 0.05163409933447838, 0.03670313581824303, 0.01586752012372017, 0.013942760415375233, 0.02644757740199566, 0.03135458007454872, 0.023791002109646797, 0.013552184216678143, 0.011517887935042381, 0.01699713058769703, 0.022434113547205925, 0.020559776574373245, 0.015027199871838093, 0.011241622269153595, 0.012204899452626705, 0.015312652103602886, 0.017250461503863335, 0.014707185328006744, 0.011522619053721428, 0.010956072248518467, 0.01257633138448, 0.014381294138729572, 0.014222245663404465, 0.012137588113546371, 0.010749796405434608, 0.011533587239682674, 0.012506569735705853, 0.012423633597791195, 0.01169327087700367, 0.010602636262774467, 0.010886396281421185, 0.011645433492958546, 0.011840413324534893, 0.011295828968286514, 0.010708669200539589, 0.010649020783603191, 0.011151980608701706, 0.0113457553088665, 0.011150455102324486, 0.010514991357922554, 0.010736026801168919, 0.010902810841798782, 0.01109711080789566, 0.010949413292109966, 0.010825062170624733, 0.010715759359300137, 0.011037901975214481, 0.010934957303106785, 0.010799364186823368, 0.01057074498385191, 0.01066693663597107, 0.010783949866890907, 0.010903977788984776, 0.010553592815995216, 0.01055723987519741, 0.01066590566188097, 0.010823423974215984, 0.010770569555461407, 0.010655996389687061, 0.010595818981528282, 0.01061832346022129, 0.010575934313237667, 0.010759693570435047, 0.010546430945396423, 0.010748679749667645, 0.010569686070084572, 0.01072902511805296, 0.010694597847759724, 0.010747365653514862, 0.010714593343436718, 0.01077892817556858, 0.010781694203615189, 0.010925817303359509, 0.010587384924292564, 0.010683557949960232, 0.010754525661468506, 0.010806472972035408, 0.010836769826710224, 0.010831751860678196, 0.010647567920386791, 0.010934560559689999, 0.010855402797460556, 0.010818663984537125, 0.010799828916788101, 0.010791621170938015, 0.01058875024318695, 0.010768827982246876, 0.010726138018071651, 0.01094508171081543, 0.010985514149069786, 0.010696997866034508, 0.010710521601140499, 0.010798320174217224, 0.010801856406033039, 0.010822364129126072, 0.01087706908583641], "bpp_loss": [5.209371566772461, 5.237617492675781, 5.214230060577393, 5.192320346832275, 5.183903694152832, 5.186614036560059, 5.195261478424072, 5.204660892486572, 5.211066722869873, 5.21192741394043, 5.207480430603027, 5.199974536895752, 5.191171169281006, 5.183815002441406, 5.1792988777160645, 5.178656101226807, 5.180713653564453, 5.184290409088135, 5.187791347503662, 5.189763069152832, 5.189155578613281, 5.185998439788818, 5.181220054626465, 5.175573825836182, 5.170803546905518, 5.1675825119018555, 5.166515827178955, 5.167271614074707, 5.168886184692383, 5.1704421043396, 5.170957088470459, 5.169619560241699, 5.166967391967773, 5.1630072593688965, 5.159338474273682, 5.155979156494141, 5.1541619300842285, 5.153596878051758, 5.15371036529541, 5.154210090637207, 5.15419864654541, 5.153406620025635, 5.1513190269470215, 5.148705005645752, 5.145633220672607, 5.143178939819336, 5.1413655281066895, 5.140428066253662, 5.140172481536865, 5.13976526260376, 5.139183521270752, 5.137895584106445, 5.1357221603393555, 5.133670806884766, 5.131536483764648, 5.1296186447143555, 5.128310680389404, 5.127403259277344, 5.126870632171631, 5.125931262969971, 5.124806880950928, 5.123373508453369, 5.121486663818359, 5.119560718536377, 5.117847919464111, 5.116588592529297, 5.115359783172607, 5.114216327667236, 5.113086223602295, 5.111767768859863, 5.110157012939453, 5.108770847320557, 5.107383728027344, 5.105978488922119, 5.10481071472168, 5.103686809539795, 5.102407932281494, 5.10098123550415, 5.099646091461182, 5.098125457763672, 5.096622943878174, 5.095146179199219, 5.093876361846924, 5.0926618576049805, 5.091405391693115, 5.090277194976807, 5.088925361633301, 5.087733268737793, 5.086428642272949, 5.0851521492004395, 5.083810329437256, 5.082217693328857, 5.080815315246582, 5.079303741455078, 5.078245162963867, 5.077126502990723, 5.075806617736816, 5.074380397796631, 5.072864055633545, 5.071454048156738],