{"loss": [3.9108200073242188, 4.542540550231934, 4.341559410095215, 4.136898517608643, 4.157155990600586, 4.199741840362549, 4.144835472106934, 4.143943786621094, 4.121979713439941, 4.062568664550781, 4.014461040496826, 4.025817394256592, 4.039226531982422, 4.043231010437012, 4.033696174621582, 4.017906665802002, 3.996286392211914, 3.9839212894439697, 3.986814260482788, 3.9947195053100586, 3.9892351627349854, 3.973109245300293, 3.968989372253418, 3.9701623916625977, 3.958691120147705, 3.9538488388061523, 3.9372758865356445, 3.9510533809661865, 3.938570022583008, 3.9521336555480957, 3.937617063522339, 3.9384117126464844, 3.9357075691223145, 3.9243595600128174, 3.926145315170288, 3.9319653511047363, 3.9195759296417236, 3.917036533355713, 3.9221689701080322, 3.921591281890869, 3.920170307159424, 3.910839557647705, 3.913522243499756, 3.9164180755615234, 3.907813787460327, 3.9120631217956543, 3.9048633575439453, 3.8992984294891357, 3.90409517288208, 3.907680034637451, 3.8992085456848145, 3.8989977836608887, 3.907545566558838, 3.899017095565796, 3.899550437927246, 3.9032623767852783, 3.8946337699890137, 3.889768362045288, 3.8923332691192627, 3.899235248565674, 3.890981674194336, 3.8992390632629395, 3.890207290649414, 3.8963499069213867, 3.891331195831299, 3.889157772064209, 3.893524646759033, 3.8822102546691895, 3.88908052444458, 3.8731892108917236, 3.88045597076416, 3.887561321258545, 3.8835349082946777, 3.881420612335205, 3.886969566345215, 3.8827061653137207, 3.884321689605713, 3.8846452236175537, 3.875692844390869, 3.880258560180664, 3.8738532066345215, 3.883779525756836, 3.873196601867676, 3.874499559402466, 3.8755412101745605, 3.8679862022399902, 3.8749122619628906, 3.867701768875122, 3.8798091411590576, 3.8651416301727295, 3.868955373764038, 3.870349884033203, 3.873922824859619, 3.863645076751709, 3.8690457344055176, 3.8714427947998047, 3.865574359893799, 3.8579797744750977, 3.866401195526123, 3.8659214973449707], "adaptive_loss": [0.006327561102807522, 0.012631185352802277, 0.010624676011502743, 0.008576826192438602, 0.008773183450102806, 0.009191101416945457, 0.008635303936898708, 0.008619877509772778, 0.00839482992887497, 0.0077959345653653145, 0.007311094086617231, 0.00741932587698102, 0.007547108456492424, 0.0075827413238584995, 0.0074814194813370705, 0.0073181516490876675, 0.00709452573210001, 0.006963515654206276, 0.006985321640968323, 0.007057255133986473, 0.006996171548962593, 0.006827648729085922, 0.006778727751225233, 0.006784163415431976, 0.006662210915237665, 0.006605950649827719, 0.006433333270251751, 0.006564334034919739, 0.006432469002902508, 0.006561108864843845, 0.006409738678485155, 0.006409932393580675, 0.0063752951100468636, 0.006255053915083408, 0.006265473552048206, 0.006317058578133583, 0.006186325568705797, 0.006153488997370005, 0.006199407856911421, 0.006186920218169689, 0.006165207829326391, 0.006065871100872755, 0.006086376495659351, 0.006108956877142191, 0.006016641389578581, 0.006052890792489052, 0.005974253173917532, 0.005911931861191988, 0.005952857900410891, 0.0059831286780536175, 0.005891196429729462, 0.005883696489036083, 0.005964474752545357, 0.005874993745237589, 0.005876284558326006, 0.005909521132707596, 0.005818448960781097, 0.005765068810433149, 0.005784689914435148, 0.005847640335559845, 0.005758009850978851, 0.005835758056491613, 0.005738736595958471, 0.005796083249151707, 0.00574374059215188, 0.005718535277992487, 0.005760007072240114, 0.0056439111940562725, 0.00570879178121686, 0.005545852705836296, 0.005615364294499159, 0.0056803906336426735, 0.005635207984596491, 0.005612453445792198, 0.005663796328008175, 0.00562000647187233, 0.005633984692394733, 0.0056355977430939674, 0.005543482024222612, 0.005586047191172838, 0.005519167985767126, 0.00561625836417079, 0.0055082617327570915, 0.005520389415323734, 0.005529395770281553, 0.0054528615437448025, 0.005520395934581757, 0.005445980466902256, 0.005564522463828325, 0.005416512954980135, 0.005454168189316988, 0.005467033479362726, 0.005502831190824509, 0.0053998143412172794, 0.0054546319879591465, 0.005479378160089254, 0.005419161636382341, 0.005343543365597725, 0.005427258554846048, 0.005421722773462534], "bpp_loss": [3.278064012527466, 3.2794222831726074, 3.2790915966033936, 3.2792158126831055, 3.2798378467559814, 3.2806315422058105, 3.2813050746917725, 3.2819559574127197, 3.282496690750122, 3.282975435256958, 3.2833516597747803, 3.2838847637176514, 3.284515619277954, 3.284956693649292, 3.2855541706085205, 3.2860913276672363, 3.2868337631225586, 3.287569761276245, 3.2882821559906006, 3.288994073867798, 3.2896180152893066, 3.290344476699829, 3.29111647605896, 3.291746139526367, 3.2924699783325195, 3.2932536602020264, 3.293942451477051, 3.2946200370788574, 3.295323133468628, 3.296022653579712, 3.2966432571411133, 3.2974185943603516, 3.29817795753479, 3.298854112625122, 3.299597978591919, 3.300259590148926, 3.300943374633789, 3.301687717437744, 3.3022282123565674, 3.3028993606567383, 3.303649663925171, 3.3042523860931396, 3.304884672164917, 3.3055224418640137, 3.30614972114563, 3.3067739009857178, 3.3074381351470947, 3.308105230331421, 3.308809280395508, 3.3093671798706055, 3.310088872909546, 3.3106281757354736, 3.311098098754883, 3.3115177154541016, 3.311922073364258, 3.312310218811035, 3.312788963317871, 3.3132615089416504, 3.313864231109619, 3.3144712448120117, 3.315180540084839, 3.3156633377075195, 3.316333770751953, 3.316741704940796, 3.3169569969177246, 3.3173041343688965, 3.317523956298828, 3.317819118499756, 3.3182013034820557, 3.318603992462158, 3.3189196586608887, 3.3195223808288574, 3.320014238357544, 3.3201751708984375, 3.320590019226074, 3.3207054138183594, 3.320923089981079, 3.3210854530334473, 3.3213446140289307, 3.3216538429260254, 3.3219363689422607, 3.3221538066864014, 3.3223705291748047, 3.322460651397705, 3.322601556777954, 3.322700023651123, 3.3228726387023926, 3.323103666305542, 3.323356866836548, 3.3234903812408447, 3.3235385417938232, 3.3236465454101562, 3.3236396312713623, 3.3236637115478516, 3.323582649230957, 3.32350492477417, 3.3236582279205322, 3.3236255645751953, 3.3236753940582275, 3.323749303817749],