{"loss": [6.156867980957031, 12.23798656463623, 6.6644511222839355, 7.992626190185547, 9.689603805541992, 8.290002822875977, 6.595335483551025, 6.5634331703186035, 7.584280014038086, 7.914844512939453, 7.234457969665527, 6.455343723297119, 6.325882434844971, 6.7879109382629395, 7.109931945800781, 6.951604843139648, 6.494409561157227, 6.212058067321777, 6.339652061462402, 6.624607086181641, 6.689508438110352, 6.481805324554443, 6.231091022491455, 6.225691318511963, 6.355538845062256, 6.436454772949219, 6.430521011352539, 6.252294540405273, 6.175985336303711, 6.26475191116333, 6.351194381713867, 6.299707412719727, 6.205593109130859, 6.160000801086426, 6.177753925323486, 6.242425441741943, 6.245038032531738, 6.18565034866333, 6.15422248840332, 6.184831142425537, 6.214140892028809, 6.1848673820495605, 6.173436164855957, 6.148598670959473, 6.1435370445251465, 6.185906887054443, 6.192799091339111, 6.171317100524902, 6.153406620025635, 6.156169414520264, 6.16286563873291, 6.163185119628906, 6.137949466705322, 6.133913993835449, 6.141899585723877, 6.160974502563477, 6.147587776184082, 6.14915657043457, 6.138885974884033, 6.131798267364502, 6.134417533874512, 6.150968551635742, 6.121851444244385, 6.12639045715332, 6.1442036628723145, 6.134563446044922, 6.121461868286133, 6.118419647216797, 6.126369953155518, 6.120227813720703, 6.128405570983887, 6.117348670959473, 6.1205644607543945, 6.1254987716674805, 6.111011981964111, 6.103732109069824, 6.131516456604004, 6.110466003417969, 6.125943183898926, 6.118844985961914, 6.128314018249512, 6.104508399963379, 6.110856533050537, 6.10265588760376, 6.107287406921387, 6.113241672515869, 6.100009441375732, 6.1150407791137695, 6.106372833251953, 6.103717803955078, 6.096714019775391, 6.10201358795166, 6.096086025238037, 6.109223365783691, 6.119326591491699, 6.095749855041504, 6.102630615234375, 6.094001770019531, 6.097713470458984, 6.095008850097656], "adaptive_loss": [0.0099190017208457, 0.07044977694749832, 0.014946111477911472, 0.02844344452023506, 0.04549442604184151, 0.03146591782569885, 0.014435113407671452, 0.014025215990841389, 0.024174889549613, 0.027477938681840897, 0.020720357075333595, 0.013004094362258911, 0.01179757621139288, 0.01648850366473198, 0.01974642463028431, 0.018165847286581993, 0.013573959469795227, 0.010714421980082989, 0.011957867071032524, 0.01479435246437788, 0.015455690212547779, 0.013411499559879303, 0.01095492485910654, 0.010954184457659721, 0.012298272922635078, 0.013134081847965717, 0.013081521727144718, 0.01128917932510376, 0.01051323488354683, 0.01138565968722105, 0.01225342322140932, 0.011755891144275665, 0.010847380384802818, 0.01042608730494976, 0.010640133172273636, 0.011315923184156418, 0.01135651022195816, 0.010767518542706966, 0.010448778048157692, 0.010753701440989971, 0.011049548164010048, 0.010771004483103752, 0.010678795166313648, 0.01045875996351242, 0.010436535812914371, 0.010884777642786503, 0.010968071408569813, 0.010761164128780365, 0.010584644973278046, 0.010612845420837402, 0.010686974972486496, 0.010706383734941483, 0.01047475915402174, 0.010457749478518963, 0.010561331175267696, 0.010768790729343891, 0.010648318566381931, 0.0106716463342309, 0.010575440712273121, 0.010513368993997574, 0.010554497130215168, 0.010734084993600845, 0.010464605875313282, 0.010528658516705036, 0.010726000182330608, 0.010641206055879593, 0.010518097318708897, 0.010496716946363449, 0.010586930438876152, 0.010538189671933651, 0.010638712905347347, 0.010543042793869972, 0.010594116523861885, 0.010658545419573784, 0.010525441728532314, 0.010461971163749695, 0.010750009678304195, 0.010553250089287758, 0.010724027641117573, 0.010667653754353523, 0.01078188605606556, 0.010556531138718128, 0.010630982927978039, 0.010558150708675385, 0.010615439154207706, 0.010686574503779411, 0.010569518432021141, 0.010737353004515171, 0.0106690414249897, 0.010655700229108334, 0.010599693283438683, 0.010659958235919476, 0.010612794198095798, 0.010756319388747215, 0.010871178470551968, 0.0106505136936903, 0.010733764618635178, 0.010660411790013313, 0.010708700865507126, 0.010695182718336582], "bpp_loss": [5.164968013763428, 5.193008899688721, 5.169839859008789, 5.148282051086426, 5.140161514282227, 5.143410682678223, 5.151823997497559, 5.160911560058594, 5.166790962219238, 5.167050361633301, 5.162422180175781, 5.154934406280518, 5.146124839782715, 5.1390604972839355, 5.135289669036865, 5.1350202560424805, 5.1370134353637695, 5.140615940093994, 5.14386510848999, 5.145172119140625, 5.14393949508667, 5.140655517578125, 5.135598659515381, 5.13027286529541, 5.125711441040039, 5.123046875, 5.122368812561035, 5.123376846313477, 5.124661922454834, 5.126185894012451, 5.125852108001709, 5.124118328094482, 5.12085485458374, 5.117392063140869, 5.11374044418335, 5.110833168029785, 5.109386920928955, 5.108898639678955, 5.109344959259033, 5.109460830688477, 5.109186172485352, 5.107767105102539, 5.105556488037109, 5.102722644805908, 5.099883556365967, 5.097429275512695, 5.095992088317871, 5.095200538635254, 5.094942092895508, 5.094884872436523, 5.094168186187744, 5.092546463012695, 5.090473651885986, 5.088139057159424, 5.085766315460205, 5.084095478057861, 5.082756042480469, 5.081991672515869, 5.081341743469238, 5.080461502075195, 5.078967571258545, 5.077559947967529, 5.075390815734863, 5.073524475097656, 5.071603775024414, 5.0704426765441895, 5.069652080535889, 5.0687479972839355, 5.067677021026611, 5.066409111022949, 5.0645341873168945, 5.063044548034668, 5.061152935028076, 5.0596442222595215, 5.058467864990234, 5.057535171508789, 5.056515216827393, 5.055140972137451, 5.0535407066345215, 5.052079677581787, 5.0501251220703125, 5.048855304718018, 5.047758102416992, 5.046840667724609, 5.045743465423584, 5.044584274291992, 5.043057441711426, 5.0413055419921875, 5.039468765258789, 5.038147926330566, 5.036744594573975, 5.036017894744873, 5.034806728363037, 5.033591270446777, 5.0322089195251465, 5.030698299407959, 5.029253959655762, 5.027960777282715, 5.026843547821045, 5.025490760803223],