{
    "ppl": {
        "wikitext2": 6.783707141876221,
        "c4": 8.552276611328125,
        "ptb": 26.779464721679688
    }
}