{
    "ppl": {
        "c4": 8.88062572479248,
        "wikitext2": 6.135671615600586
    }
}