{
    "ppl": {
        "c4": 10.431412696838379,
        "wikitext2": 7.813621997833252
    }
}