{
    "ppl": {
        "wikitext2": 5.472108364105225,
        "c4": 6.972610950469971
    }
}