{
    "ppl": {
        "wikitext2": 4.883530616760254,
        "c4": 6.467609882354736
    }
}