{
  "compressed_layers": 21,
  "compressed_params": 11678912,
  "fp32_bits": 373725184.0,
  "use_codes": false,
  "metadata_bits": 63270.0,
  "estimated_bits": 41134087.955078125,
  "actual_bits": null,
  "estimated_bits_per_param": 3.522082190111384,
  "actual_bits_per_param": null,
  "estimated_compression_ratio": 9.085534712915946,
  "actual_compression_ratio": null,
  "weighted_mse": 6.79771740535815e-06,
  "eval_before": {
    "top1": 69.764,
    "top5": 89.07,
    "num_samples": 50000.0
  },
  "eval_after": {
    "top1": 56.94,
    "top5": 80.682,
    "num_samples": 50000.0
  }
}