{
  "compressed_layers": 21,
  "compressed_params": 11678912,
  "fp32_bits": 373725184.0,
  "use_codes": false,
  "metadata_bits": 63296.0,
  "estimated_bits": 35233181.134765625,
  "actual_bits": null,
  "estimated_bits_per_param": 3.016820499612089,
  "actual_bits_per_param": null,
  "estimated_compression_ratio": 10.6071938997082,
  "actual_compression_ratio": null,
  "weighted_mse": 1.3436858578634405e-05,
  "eval_before": {
    "top1": 69.764,
    "top5": 89.07,
    "num_samples": 50000.0
  },
  "eval_after": {
    "top1": 57.93,
    "top5": 80.792,
    "num_samples": 50000.0
  }
}