{
  "compressed_layers": 21,
  "compressed_params": 11678912,
  "fp32_bits": 373725184.0,
  "use_codes": false,
  "metadata_bits": 63296.0,
  "estimated_bits": 36762645.056640625,
  "actual_bits": null,
  "estimated_bits_per_param": 3.1477799521599805,
  "actual_bits_per_param": null,
  "estimated_compression_ratio": 10.165894848539798,
  "actual_compression_ratio": null,
  "weighted_mse": 2.727600926272026e-05,
  "eval_before": {
    "top1": 69.764,
    "top5": 89.07,
    "num_samples": 50000.0
  },
  "eval_after": {
    "top1": 69.198,
    "top5": 88.724,
    "num_samples": 50000.0
  }
}