{
  "wikitext2": 6.842454433441162,
  "c4": 8.612601280212402,
  "ptb": 26.92415428161621
}