{
  "wikitext2": 6.825998306274414,
  "c4": 8.600831031799316,
  "ptb": 27.005847930908203
}