{
  "wikitext2": 8.541297912597656,
  "c4": 10.176789283752441,
  "ptb": 32.146331787109375
}