{
  "wikitext2": 7.0452399253845215,
  "c4": 8.815235137939453,
  "ptb": 27.461240768432617
}