{
  "wikitext2": 5.523437023162842,
  "c4": 7.030472755432129,
  "ptb": 22.63103675842285
}