{
  "0_q": {
    "mse": 0.0009211070137098432,
    "num_pixels": 16777216
  },
  "0_k": {
    "mse": 0.0009670693543739617,
    "num_pixels": 16777216
  },
  "0_v": {
    "mse": 0.0008590347715653479,
    "num_pixels": 16777216
  },
  "0_o": {
    "mse": 0.0007918092887848616,
    "num_pixels": 16777216
  },
  "0_up": {
    "mse": 0.0009980276226997375,
    "num_pixels": 45088768
  },
  "0_gate": {
    "mse": 0.0010065195383504033,
    "num_pixels": 45088768
  },
  "0_down": {
    "mse": 0.0010209492174908519,
    "num_pixels": 45088768
  },
  "1_q": {
    "mse": 0.001439575687982142,
    "num_pixels": 16777216
  },
  "1_k": {
    "mse": 0.0014344413066282868,
    "num_pixels": 16777216
  },
  "1_v": {
    "mse": 0.0008369643473997712,
    "num_pixels": 16777216
  },
  "1_o": {
    "mse": 0.0008095774101093411,
    "num_pixels": 16777216
  },
  "1_up": {
    "mse": 0.001032237778417766,
    "num_pixels": 45088768
  },
  "1_gate": {
    "mse": 0.0010704966261982918,
    "num_pixels": 45088768
  },
  "1_down": {
    "mse": 0.0010379175655543804,
    "num_pixels": 45088768
  },
  "2_q": {
    "mse": 0.0014460748061537743,
    "num_pixels": 16777216
  },
  "2_k": {
    "mse": 0.0015231455909088254,
    "num_pixels": 16777216
  },
  "2_v": {
    "mse": 0.0009426370379514992,
    "num_pixels": 16777216
  },
  "2_o": {
    "mse": 0.0009321188554167747,
    "num_pixels": 16777216
  },
  "2_up": {
    "mse": 0.001041483017615974,
    "num_pixels": 45088768
  },
  "2_gate": {
    "mse": 0.001088032964617014,
    "num_pixels": 45088768
  },
  "2_down": {
    "mse": 0.001044530887156725,
    "num_pixels": 45088768
  },
  "3_q": {
    "mse": 0.0013722097501158714,
    "num_pixels": 16777216
  },
  "3_k": {
    "mse": 0.0014246255159378052,
    "num_pixels": 16777216
  },
  "3_v": {
    "mse": 0.0009214718011207879,
    "num_pixels": 16777216
  },
  "3_o": {
    "mse": 0.0009139358880929649,
    "num_pixels": 16777216
  },
  "3_up": {
    "mse": 0.0010450840927660465,
    "num_pixels": 45088768
  },
  "3_gate": {
    "mse": 0.001097254455089569,
    "num_pixels": 45088768
  },
  "3_down": {
    "mse": 0.0010463836370036006,
    "num_pixels": 45088768
  },
  "4_q": {
    "mse": 0.001426924136467278,
    "num_pixels": 16777216
  },
  "4_k": {
    "mse": 0.0014567571924999356,
    "num_pixels": 16777216
  },
  "4_v": {
    "mse": 0.0009424157324247062,
    "num_pixels": 16777216
  },
  "4_o": {
    "mse": 0.0009345627040602267,
    "num_pixels": 16777216
  },
  "4_up": {
    "mse": 0.0010407381923869252,
    "num_pixels": 45088768
  },
  "4_gate": {
    "mse": 0.001112058642320335,
    "num_pixels": 45088768
  },
  "4_down": {
    "mse": 0.0010389104718342423,
    "num_pixels": 45088768
  },
  "5_q": {
    "mse": 0.0014333215076476336,
    "num_pixels": 16777216
  },
  "5_k": {
    "mse": 0.0014926032163202763,
    "num_pixels": 16777216
  },
  "5_v": {
    "mse": 0.0009526123758405447,
    "num_pixels": 16777216
  },
  "5_o": {
    "mse": 0.0009435098618268967,
    "num_pixels": 16777216
  },
  "5_up": {
    "mse": 0.0010408998932689428,
    "num_pixels": 45088768
  },
  "5_gate": {
    "mse": 0.0011163827730342746,
    "num_pixels": 45088768
  },
  "5_down": {
    "mse": 0.0010389734525233507,
    "num_pixels": 45088768
  },
  "6_q": {
    "mse": 0.0013589132577180862,
    "num_pixels": 16777216
  },
  "6_k": {
    "mse": 0.0013823759509250522,
    "num_pixels": 16777216
  },
  "6_v": {
    "mse": 0.0009226695401594043,
    "num_pixels": 16777216
  },
  "6_o": {
    "mse": 0.0009167158277705312,
    "num_pixels": 16777216
  },
  "6_up": {
    "mse": 0.001038053771480918,
    "num_pixels": 45088768
  },
  "6_gate": {
    "mse": 0.0011296899756416678,
    "num_pixels": 45088768
  },
  "6_down": {
    "mse": 0.0010354320984333754,
    "num_pixels": 45088768
  },
  "7_q": {
    "mse": 0.001356103690341115,
    "num_pixels": 16777216
  },
  "7_k": {
    "mse": 0.0013619292294606566,
    "num_pixels": 16777216
  },
  "7_v": {
    "mse": 0.0009273986797779799,
    "num_pixels": 16777216
  },
  "7_o": {
    "mse": 0.0009193810983560979,
    "num_pixels": 16777216
  },
  "7_up": {
    "mse": 0.001040211645886302,
    "num_pixels": 45088768
  },
  "7_gate": {
    "mse": 0.0011292670387774706,
    "num_pixels": 45088768
  },
  "7_down": {
    "mse": 0.0010370508534833789,
    "num_pixels": 45088768
  },
  "8_q": {
    "mse": 0.0013680304400622845,
    "num_pixels": 16777216
  },
  "8_k": {
    "mse": 0.0013752635568380356,
    "num_pixels": 16777216
  },
  "8_v": {
    "mse": 0.0009383222786709666,
    "num_pixels": 16777216
  },
  "8_o": {
    "mse": 0.0009307818254455924,
    "num_pixels": 16777216
  },
  "8_up": {
    "mse": 0.0010482404613867402,
    "num_pixels": 45088768
  },
  "8_gate": {
    "mse": 0.0011168086202815175,
    "num_pixels": 45088768
  },
  "8_down": {
    "mse": 0.0010431897826492786,
    "num_pixels": 45088768
  },
  "9_q": {
    "mse": 0.0013685785233974457,
    "num_pixels": 16777216
  },
  "9_k": {
    "mse": 0.0014012354658916593,
    "num_pixels": 16777216
  },
  "9_v": {
    "mse": 0.0009461791487410665,
    "num_pixels": 16777216
  },
  "9_o": {
    "mse": 0.0009399511036463082,
    "num_pixels": 16777216
  },
  "9_up": {
    "mse": 0.0010521512012928724,
    "num_pixels": 45088768
  },
  "9_gate": {
    "mse": 0.0011096162488684058,
    "num_pixels": 45088768
  },
  "9_down": {
    "mse": 0.0010473472066223621,
    "num_pixels": 45088768
  },
  "10_q": {
    "mse": 0.0013661999255418777,
    "num_pixels": 16777216
  },
  "10_k": {
    "mse": 0.001407015137374401,
    "num_pixels": 16777216
  },
  "10_v": {
    "mse": 0.0009417675319127738,
    "num_pixels": 16777216
  },
  "10_o": {
    "mse": 0.0009385686134919524,
    "num_pixels": 16777216
  },
  "10_up": {
    "mse": 0.0010592970065772533,
    "num_pixels": 45088768
  },
  "10_gate": {
    "mse": 0.001106930780224502,
    "num_pixels": 45088768
  },
  "10_down": {
    "mse": 0.0010526864789426327,
    "num_pixels": 45088768
  },
  "11_q": {
    "mse": 0.0013047512620687485,
    "num_pixels": 16777216
  },
  "11_k": {
    "mse": 0.0013027851236984134,
    "num_pixels": 16777216
  },
  "11_v": {
    "mse": 0.0009592427522875369,
    "num_pixels": 16777216
  },
  "11_o": {
    "mse": 0.0009554686839692295,
    "num_pixels": 16777216
  },
  "11_up": {
    "mse": 0.0010650313924998045,
    "num_pixels": 45088768
  },
  "11_gate": {
    "mse": 0.0011043769773095846,
    "num_pixels": 45088768
  },
  "11_down": {
    "mse": 0.0010572016471996903,
    "num_pixels": 45088768
  },
  "12_q": {
    "mse": 0.0013317132834345102,
    "num_pixels": 16777216
  },
  "12_k": {
    "mse": 0.0013676296221092343,
    "num_pixels": 16777216
  },
  "12_v": {
    "mse": 0.0009537941077724099,
    "num_pixels": 16777216
  },
  "12_o": {
    "mse": 0.0009490830125287175,
    "num_pixels": 16777216
  },
  "12_up": {
    "mse": 0.0010707860346883535,
    "num_pixels": 45088768
  },
  "12_gate": {
    "mse": 0.0010994499316439033,
    "num_pixels": 45088768
  },
  "12_down": {
    "mse": 0.0010621887631714344,
    "num_pixels": 45088768
  },
  "13_q": {
    "mse": 0.0013180887326598167,
    "num_pixels": 16777216
  },
  "13_k": {
    "mse": 0.0013399346498772502,
    "num_pixels": 16777216
  },
  "13_v": {
    "mse": 0.0009703297982923687,
    "num_pixels": 16777216
  },
  "13_o": {
    "mse": 0.0009656131733208895,
    "num_pixels": 16777216
  },
  "13_up": {
    "mse": 0.0010776786366477609,
    "num_pixels": 45088768
  },
  "13_gate": {
    "mse": 0.001097136060707271,
    "num_pixels": 45088768
  },
  "13_down": {
    "mse": 0.0010674389777705073,
    "num_pixels": 45088768
  },
  "14_q": {
    "mse": 0.00131715158931911,
    "num_pixels": 16777216
  },
  "14_k": {
    "mse": 0.00133802171330899,
    "num_pixels": 16777216
  },
  "14_v": {
    "mse": 0.000961644749622792,
    "num_pixels": 16777216
  },
  "14_o": {
    "mse": 0.000955736730247736,
    "num_pixels": 16777216
  },