{
  "wikitext2": 5.503762245178223,
  "c4": 7.003785610198975
}