{
  "0_q": {
    "mse": 0.0009211036376655102,
    "num_pixels": 16777216
  },
  "0_k": {
    "mse": 0.000967043568380177,
    "num_pixels": 16777216
  },
  "0_v": {
    "mse": 0.0008590382058173418,
    "num_pixels": 16777216
  },
  "0_o": {
    "mse": 0.0007917929906398058,
    "num_pixels": 16777216
  },
  "0_up": {
    "mse": 0.0009980375180020928,
    "num_pixels": 45088768
  },
  "0_gate": {
    "mse": 0.0010065027745440602,
    "num_pixels": 45088768
  },
  "0_down": {
    "mse": 0.0010209600441157818,
    "num_pixels": 45088768
  },
  "1_q": {
    "mse": 0.0014395443722605705,
    "num_pixels": 16777216
  },
  "1_k": {
    "mse": 0.0014344346709549427,
    "num_pixels": 16777216
  },
  "1_v": {
    "mse": 0.0008369511924684048,
    "num_pixels": 16777216
  },
  "1_o": {
    "mse": 0.0008095420198515058,
    "num_pixels": 16777216
  },
  "1_up": {
    "mse": 0.0010322221787646413,
    "num_pixels": 45088768
  },
  "1_gate": {
    "mse": 0.0010704912710934877,
    "num_pixels": 45088768
  },
  "1_down": {
    "mse": 0.001037920592352748,
    "num_pixels": 45088768
  },
  "2_q": {
    "mse": 0.001446048030629754,
    "num_pixels": 16777216
  },
  "2_k": {
    "mse": 0.0015231273137032986,
    "num_pixels": 16777216
  },
  "2_v": {
    "mse": 0.0009426276665180922,
    "num_pixels": 16777216
  },
  "2_o": {
    "mse": 0.0009321763645857573,
    "num_pixels": 16777216
  },
  "2_up": {
    "mse": 0.0010415154974907637,
    "num_pixels": 45088768
  },
  "2_gate": {
    "mse": 0.001088041695766151,
    "num_pixels": 45088768
  },
  "2_down": {
    "mse": 0.0010445283260196447,
    "num_pixels": 45088768
  },
  "3_q": {
    "mse": 0.0013722137082368135,
    "num_pixels": 16777216
  },
  "3_k": {
    "mse": 0.0014246494974941015,
    "num_pixels": 16777216
  },
  "3_v": {
    "mse": 0.0009214607998728752,
    "num_pixels": 16777216
  },
  "3_o": {
    "mse": 0.0009139214525930583,
    "num_pixels": 16777216
  },
  "3_up": {
    "mse": 0.0010450795525684953,
    "num_pixels": 45088768
  },
  "3_gate": {
    "mse": 0.001097237691283226,
    "num_pixels": 45088768
  },
  "3_down": {
    "mse": 0.0010463881772011518,
    "num_pixels": 45088768
  },
  "4_q": {
    "mse": 0.0014268991071730852,
    "num_pixels": 16777216
  },
  "4_k": {
    "mse": 0.00145675428211689,
    "num_pixels": 16777216
  },
  "4_v": {
    "mse": 0.0009424198651686311,
    "num_pixels": 16777216
  },
  "4_o": {
    "mse": 0.0009345784783363342,
    "num_pixels": 16777216
  },
  "4_up": {
    "mse": 0.0010407244553789496,
    "num_pixels": 45088768
  },
  "4_gate": {
    "mse": 0.0011120460694655776,
    "num_pixels": 45088768
  },
  "4_down": {
    "mse": 0.00103891477920115,
    "num_pixels": 45088768
  },
  "5_q": {
    "mse": 0.0014333452563732862,
    "num_pixels": 16777216
  },
  "5_k": {
    "mse": 0.0014925925061106682,
    "num_pixels": 16777216
  },
  "5_v": {
    "mse": 0.0009525996283628047,
    "num_pixels": 16777216
  },
  "5_o": {
    "mse": 0.0009435453685000539,
    "num_pixels": 16777216
  },
  "5_up": {
    "mse": 0.0010409035021439195,
    "num_pixels": 45088768
  },
  "5_gate": {
    "mse": 0.001116391969844699,
    "num_pixels": 45088768
  },
  "5_down": {
    "mse": 0.0010389715898782015,
    "num_pixels": 45088768
  },
  "6_q": {
    "mse": 0.0013589287409558892,
    "num_pixels": 16777216
  },
  "6_k": {
    "mse": 0.0013823674526065588,
    "num_pixels": 16777216
  },
  "6_v": {
    "mse": 0.000922664999961853,
    "num_pixels": 16777216
  },
  "6_o": {
    "mse": 0.0009167466778308153,
    "num_pixels": 16777216
  },
  "6_up": {
    "mse": 0.0010380513267591596,
    "num_pixels": 45088768
  },
  "6_gate": {
    "mse": 0.001129675772972405,
    "num_pixels": 45088768
  },
  "6_down": {
    "mse": 0.001035433728247881,
    "num_pixels": 45088768
  },
  "7_q": {
    "mse": 0.0013561109080910683,
    "num_pixels": 16777216
  },
  "7_k": {
    "mse": 0.0013619556557387114,
    "num_pixels": 16777216
  },
  "7_v": {
    "mse": 0.0009274055482819676,
    "num_pixels": 16777216
  },
  "7_o": {
    "mse": 0.0009194194572046399,
    "num_pixels": 16777216
  },
  "7_up": {
    "mse": 0.0010402135085314512,
    "num_pixels": 45088768
  },
  "7_gate": {
    "mse": 0.0011292599374428391,
    "num_pixels": 45088768
  },
  "7_down": {
    "mse": 0.0010370432864874601,
    "num_pixels": 45088768
  },
  "8_q": {
    "mse": 0.0013680346310138702,
    "num_pixels": 16777216
  },
  "8_k": {
    "mse": 0.001375266001559794,
    "num_pixels": 16777216
  },
  "8_v": {
    "mse": 0.0009383253054693341,
    "num_pixels": 16777216
  },
  "8_o": {
    "mse": 0.0009307482978329062,
    "num_pixels": 16777216
  },
  "8_up": {
    "mse": 0.0010482394136488438,
    "num_pixels": 45088768
  },
  "8_gate": {
    "mse": 0.0011168249184265733,
    "num_pixels": 45088768
  },
  "8_down": {
    "mse": 0.0010431918781250715,
    "num_pixels": 45088768
  },
  "9_q": {
    "mse": 0.0013686004094779491,
    "num_pixels": 16777216
  },
  "9_k": {
    "mse": 0.0014012132305651903,
    "num_pixels": 16777216
  },
  "9_v": {
    "mse": 0.0009461712324991822,
    "num_pixels": 16777216
  },
  "9_o": {
    "mse": 0.0009399533737450838,
    "num_pixels": 16777216
  },
  "9_up": {
    "mse": 0.0010521458461880684,
    "num_pixels": 45088768
  },
  "9_gate": {
    "mse": 0.001109605305828154,
    "num_pixels": 45088768
  },
  "9_down": {
    "mse": 0.0010473305592313409,
    "num_pixels": 45088768
  },
  "10_q": {
    "mse": 0.0013661892153322697,
    "num_pixels": 16777216
  },
  "10_k": {
    "mse": 0.0014070335309952497,
    "num_pixels": 16777216
  },
  "10_v": {
    "mse": 0.00094175327103585,
    "num_pixels": 16777216
  },
  "10_o": {
    "mse": 0.0009386106394231319,
    "num_pixels": 16777216
  },
  "10_up": {
    "mse": 0.001059302594512701,
    "num_pixels": 45088768
  },
  "10_gate": {
    "mse": 0.0011069257743656635,
    "num_pixels": 45088768
  },
  "10_down": {
    "mse": 0.0010526957921683788,
    "num_pixels": 45088768
  },
  "11_q": {
    "mse": 0.0013047081883996725,
    "num_pixels": 16777216
  },
  "11_k": {
    "mse": 0.0013027722015976906,
    "num_pixels": 16777216
  },
  "11_v": {
    "mse": 0.0009592294809408486,
    "num_pixels": 16777216
  },
  "11_o": {
    "mse": 0.000955453549977392,
    "num_pixels": 16777216
  },
  "11_up": {
    "mse": 0.0010650315089151263,
    "num_pixels": 45088768
  },
  "11_gate": {
    "mse": 0.001104382099583745,
    "num_pixels": 45088768
  },
  "11_down": {
    "mse": 0.001057207235135138,
    "num_pixels": 45088768
  },
  "12_q": {
    "mse": 0.0013317177072167397,
    "num_pixels": 16777216
  },
  "12_k": {
    "mse": 0.0013676194939762354,
    "num_pixels": 16777216
  },
  "12_v": {
    "mse": 0.0009537911973893642,
    "num_pixels": 16777216
  },
  "12_o": {
    "mse": 0.0009490695083513856,
    "num_pixels": 16777216
  },
  "12_up": {
    "mse": 0.0010707867331802845,
    "num_pixels": 45088768
  },
  "12_gate": {
    "mse": 0.001099434681236744,
    "num_pixels": 45088768
  },
  "12_down": {
    "mse": 0.0010622041299939156,
    "num_pixels": 45088768
  },
  "13_q": {
    "mse": 0.0013180994428694248,
    "num_pixels": 16777216
  },
  "13_k": {
    "mse": 0.0013399343006312847,
    "num_pixels": 16777216
  },
  "13_v": {
    "mse": 0.0009703250834718347,
    "num_pixels": 16777216
  },
  "13_o": {
    "mse": 0.0009655851754359901,
    "num_pixels": 16777216
  },
  "13_up": {
    "mse": 0.0010776700219139457,
    "num_pixels": 45088768
  },
  "13_gate": {
    "mse": 0.0010971486335620284,
    "num_pixels": 45088768
  },
  "13_down": {
    "mse": 0.0010674357181414962,
    "num_pixels": 45088768
  },
  "14_q": {
    "mse": 0.0013171203900128603,
    "num_pixels": 16777216
  },
  "14_k": {
    "mse": 0.0013380289310589433,
    "num_pixels": 16777216
  },
  "14_v": {
    "mse": 0.0009616570314392447,
    "num_pixels": 16777216
  },
  "14_o": {
    "mse": 0.0009557235753163695,
    "num_pixels": 16777216
  },