{
  "wikitext2": 9.221311569213867,
  "c4": 12.63308334350586
}