{
  "wikitext2": 6.432938575744629,
  "c4": 9.238601684570312
}