{
  "compressed_layers": 54,
  "compressed_params": 25502912,
  "fp32_bits": 816093184.0,
  "use_codes": false,
  "metadata_bits": 109888.0,
  "estimated_bits": 57345102.77734375,
  "actual_bits": null,
  "estimated_bits_per_param": 2.2485707819304617,
  "actual_bits_per_param": null,
  "estimated_compression_ratio": 14.231262034156245,
  "actual_compression_ratio": null,
  "weighted_mse": 0.00013796367005973592,
  "eval_before": {
    "top1": 80.852,
    "top5": 95.428,
    "num_samples": 50000.0
  },
  "eval_after": {
    "top1": 0.174,
    "top5": 0.796,
    "num_samples": 50000.0
  }
}