{
    "ppl": {
        "wikitext2": 6.354516506195068,
        "c4": 9.14610767364502
    }
}