{
    "ppl": {
        "wikitext2": 6.139619827270508,
        "c4": 8.884255409240723
    }
}