{
    "ppl": {
        "wikitext2": 6.992000102996826,
        "c4": 9.997003555297852
    }
}