{
    "ppl": {
        "wikitext2": 6.195767402648926,
        "c4": 8.958009719848633
    }
}