{
    "ppl": {
        "wikitext2": 6.147845268249512,
        "c4": 8.896822929382324
    }
}