{
  "wikitext2": 16.80889129638672,
  "c4": 21.629013061523438
}