{
  "wikitext2": 11.086795806884766,
  "c4": 15.267918586730957
}