{
  "wikitext2": 10.89631175994873,
  "c4": 15.08681869506836
}