{
    "ppl": {
        "wikitext2": 6.673256874084473,
        "c4": 8.265782356262207
    }
}