{
    "ppl": {
        "wikitext2": 5.788556098937988,
        "c4": 7.19807243347168
    }
}