{
  "compressed_layers": 21,
  "compressed_params": 11678912,
  "fp32_bits": 373725184.0,
  "use_codes": false,
  "metadata_bits": 63296.0,
  "estimated_bits": 38666828.12890625,
  "actual_bits": null,
  "estimated_bits_per_param": 3.3108245124979323,
  "actual_bits_per_param": null,
  "estimated_compression_ratio": 9.665266123047042,
  "actual_compression_ratio": null,
  "weighted_mse": 9.00425896680044e-06,
  "eval_before": {
    "top1": 69.764,
    "top5": 89.07,
    "num_samples": 50000.0
  },
  "eval_after": {
    "top1": 64.504,
    "top5": 85.842,
    "num_samples": 50000.0
  }
}