{
  "compressed_layers": 54,
  "compressed_params": 25502912,
  "fp32_bits": 816093184.0,
  "use_codes": false,
  "metadata_bits": 109888.0,
  "estimated_bits": 37587924.998535156,
  "actual_bits": null,
  "estimated_bits_per_param": 1.4738679645106862,
  "actual_bits_per_param": null,
  "estimated_compression_ratio": 21.71157849314119,
  "actual_compression_ratio": null,
  "weighted_mse": 0.0003951224697378994,
  "eval_before": {
    "top1": 80.852,
    "top5": 95.428,
    "num_samples": 50000.0
  },
  "eval_after": {
    "top1": 15.096,
    "top5": 33.392,
    "num_samples": 50000.0
  }
}