{
  "compressed_layers": 21,
  "compressed_params": 11678912,
  "fp32_bits": 373725184.0,
  "use_codes": false,
  "metadata_bits": 63270.0,
  "estimated_bits": 31040118.51171875,
  "actual_bits": null,
  "estimated_bits_per_param": 2.657791968268855,
  "actual_bits_per_param": null,
  "estimated_compression_ratio": 12.040069494544792,
  "actual_compression_ratio": null,
  "weighted_mse": 2.2313740466892904e-05,
  "eval_before": {
    "top1": 69.764,
    "top5": 89.07,
    "num_samples": 50000.0
  },
  "eval_after": {
    "top1": 46.188,
    "top5": 71.564,
    "num_samples": 50000.0
  }
}