{
  "wikitext2": 5.776057720184326,
  "c4": 7.320657253265381,
  "ptb": 24.051576614379883
}