{
  "compressed_layers": 21,
  "compressed_params": 11678912,
  "fp32_bits": 373725184.0,
  "use_codes": false,
  "metadata_bits": 63270.0,
  "estimated_bits": 50664984.546875,
  "actual_bits": null,
  "estimated_bits_per_param": 4.338159628814311,
  "actual_bits_per_param": null,
  "estimated_compression_ratio": 7.376399841871683,
  "actual_compression_ratio": null,
  "weighted_mse": 2.3384663268879046e-06,
  "eval_before": {
    "top1": 69.764,
    "top5": 89.07,
    "num_samples": 50000.0
  },
  "eval_after": {
    "top1": 64.726,
    "top5": 86.272,
    "num_samples": 50000.0
  }
}