{
  "compressed_layers": 21,
  "compressed_params": 11678912,
  "fp32_bits": 373725184.0,
  "use_codes": false,
  "metadata_bits": 63296.0,
  "estimated_bits": 17966976.470703125,
  "actual_bits": null,
  "estimated_bits_per_param": 1.5384118375669862,
  "actual_bits_per_param": null,
  "estimated_compression_ratio": 20.80067197780298,
  "actual_compression_ratio": null,
  "weighted_mse": 0.000216571776897893,
  "eval_before": {
    "top1": 69.764,
    "top5": 89.07,
    "num_samples": 50000.0
  },
  "eval_after": {
    "top1": 50.756,
    "top5": 75.22,
    "num_samples": 50000.0
  }
}