{
  "wikitext2": 8.10886001586914,
  "c4": 11.34353256225586
}