{
  "compressed_layers": 21,
  "compressed_params": 11678912,
  "fp32_bits": 373725184.0,
  "use_codes": false,
  "metadata_bits": 63270.0,
  "estimated_bits": 55712815.6796875,
  "actual_bits": null,
  "estimated_bits_per_param": 4.770377213193104,
  "actual_bits_per_param": null,
  "estimated_compression_ratio": 6.708064911827057,
  "actual_compression_ratio": null,
  "weighted_mse": 1.3059223453957587e-06,
  "eval_before": {
    "top1": 69.764,
    "top5": 89.07,
    "num_samples": 50000.0
  },
  "eval_after": {
    "top1": 68.274,
    "top5": 88.168,
    "num_samples": 50000.0
  }
}