iter,TEST BPP,TEST MSE,TEST loss,Best Loss,Best BPP,Best MSE
1,5.47111328125,0.1273447411507368,10.214084887504578,10.214084887504578,inf,0.1273447411507368
5000,0.33203125,0.0001573596500311396,0.3953583885282278,0.3953583885282278,inf,0.0001573596500311396
10000,0.00390625,0.00015735951928218128,0.005577562049496919,0.005577562049496919,inf,0.00015735951928218128
15000,0.00390625,0.00015735949583904586,0.004720784881152212,0.004720784881152212,inf,0.00015735949583904586
20000,0.00390625,0.00015736011029366637,0.00472080330667086,0.004720784881152212,inf,0.00015735949583904586
25000,0.00390625,0.0001573607981481473,0.004720823941519484,0.004720784881152212,inf,0.00015735949583904586
30000,0.00390625,0.0001573611333660665,0.004720833998871968,0.004720784881152212,inf,0.00015735949583904586
35000,0.00390625,0.0001573655894753756,0.004720967680681497,0.004720784881152212,inf,0.00015735949583904586
40000,0.00390625,0.00015735955414129422,0.0047207866271492096,0.004720784881152212,inf,0.00015735949583904586
45000,0.00390625,0.00015736220884718933,0.004720866262447089,0.004720784881152212,inf,0.00015735949583904586
50000,0.00390625,0.00015736304165329785,0.004720891240984202,0.004720784881152212,inf,0.00015735949583904586
55000,0.00390625,0.00015735960548045113,0.004720788166392594,0.004720784881152212,inf,0.00015735949583904586
60000,0.00390625,0.00015736157532228389,0.004720847265562042,0.004720784881152212,inf,0.00015735949583904586
65000,0.00390625,0.00015735986141226022,0.00472079584794119,0.004720784881152212,inf,0.00015735949583904586
70000,0.00390625,0.00015736148034920915,0.004720844412688166,0.004720784881152212,inf,0.00015735949583904586
75000,0.00390625,0.00015736141465458786,0.004720842440845445,0.004720784881152212,inf,0.00015735949583904586
80000,0.00390625,0.00015736045037192524,0.004720813510473818,0.004720784881152212,inf,0.00015735949583904586
85000,0.00390625,0.0001573656212349306,0.00472096864040941,0.004720784881152212,inf,0.00015735949583904586
90000,0.00390625,0.00015736043192009675,0.00472081296169199,0.004720784881152212,inf,0.00015735949583904586
95000,0.00390625,0.00015736062153155216,0.004720818666508421,0.004720784881152212,inf,0.00015735949583904586
