{
  "wikitext2": 13.374075889587402,
  "c4": 18.721445083618164
}