{
    "t=1": {
        "mses": [
            0.236460198520373,
            0.236460198520373,
            0.236460198520373,
            0.236460198520373,
            0.236460198520373,
            0.236460198520373,
            0.236460198520373,
            0.236460198520373,
            0.236460198520373
        ],
        "mse_from_npy": [
            0.5203558833290286,
            0.5203558833290286,
            0.5203558833290286,
            0.5203558833290286,
            0.5203558833290286,
            0.5203558833290286,
            0.5203558833290286,
            0.5203558833290286,
            0.5203558833290286
        ],
        "bpps": [
            1.2736531066894532,
            1.2736531066894532,
            1.2736531066894532,
            1.2736531066894532,
            1.2736531066894532,
            1.2736531066894532,
            1.2736531066894532,
            1.2736531066894532,
            1.2736531066894532
        ]
    },
    "t=1.2": {
        "mses": [
            0.34393410340356256,
            0.34393410340356256,
            0.34393410340356256,
            0.34393410340356256,
            0.34393410340356256,
            0.34393410340356256,
            0.34393410340356256,
            0.34393410340356256,
            0.34393410340356256
        ],
        "mse_from_npy": [
            0.5641626973452151,
            0.5641626973452151,
            0.5641626973452151,
            0.5641626973452151,
            0.5641626973452151,
            0.5641626973452151,
            0.5641626973452151,
            0.5641626973452151,
            0.5641626973452151
        ],
        "bpps": [
            1.1559277114868165,
            1.1559277114868165,
            1.1559277114868165,
            1.1559277114868165,
            1.1559277114868165,
            1.1559277114868165,
            1.1559277114868165,
            1.1559277114868165,
            1.1559277114868165
        ]
    },
    "t=1.5": {
        "mses": [
            0.5154757078023552,
            0.5154757078023552,
            0.5154757078023552,
            0.5154757078023552,
            0.5154757078023552,
            0.5154757078023552,
            0.5154757078023552,
            0.5154757078023552,
            0.5130135346156166
        ],
        "mse_from_npy": [
            0.6672709995738437,
            0.6672709995738437,
            0.6672709995738437,
            0.6672709995738437,
            0.6672709995738437,
            0.6672709995738437,
            0.6672709995738437,
            0.6672709995738437,
            0.6644995500996511
        ],
        "bpps": [
            0.9683633651733399,
            0.9683633651733399,
            0.9683633651733399,
            0.9683633651733399,
            0.9683633651733399,
            0.9683633651733399,
            0.9683633651733399,
            0.9683633651733399,
            0.9738611831665039
        ]
    },
    "t=2": {
        "mses": [
            0.7503898971086842,
            0.7503898971086842,
            0.7503898971086842,
            0.7503898971086842,
            0.7436702107504652,
            0.7303069611077284,
            0.7179464836902975,
            0.7028516471533995,
            0.671374167554201
        ],
        "mse_from_npy": [
            0.8322694275187184,
            0.8322694275187184,
            0.8322694275187184,
            0.8322694275187184,
            0.8252126864418835,
            0.8113088070591539,
            0.7985470473186621,
            0.7827957530516221,
            0.7486037531599873
        ],
        "bpps": [
            0.6220400619506836,
            0.6220400619506836,
            0.6220400619506836,
            0.6220400619506836,
            0.6402775192260742,
            0.6784748229980468,
            0.7176890563964844,
            0.7643699188232422,
            0.8338116836547852
        ]
    },
    "t=2.5": {
        "mses": [
            0.8830553177286752,
            0.8830553177286752,
            0.8735552082164215,
            0.861106020454702,
            0.8473536001560792,
            0.8093978370044784,
            0.7649051698287961,
            0.7241048277151064,
            0.6884782012470347
        ],
        "mse_from_npy": [
            0.927183718563274,
            0.927183718563274,
            0.9175897640928973,
            0.9050452742058391,
            0.89096747455974,
            0.8508867453648321,
            0.8041093648137664,
            0.7616807804927065,
            0.7245655164857159
        ],
        "bpps": [
            0.3420138626098633,
            0.3420138626098633,
            0.3724686126708984,
            0.41675018310546874,
            0.45410904693603515,
            0.5420851364135743,
            0.637490104675293,
            0.7346502151489258,
            0.8286707611083984
        ]
    },
    "t=3": {
        "mses": [
            0.9454776706060782,
            0.9454776706060782,
            0.9296699715201528,
            0.8884860891130437,
            0.8444732800992075,
            0.8007362233815981,
            0.7664883917289254,
            0.7295205693225449,
            0.6964134030497139
        ],
        "mse_from_npy": [
            0.9696771017663289,
            0.9696771017663289,
            0.9538602631645327,
            0.9112625256629432,
            0.8661059545360305,
            0.8212536984806802,
            0.7862220895091273,
            0.7486511770962947,
            0.7149500148890304
        ],
        "bpps": [
            0.19326199340820313,
            0.19326199340820313,
            0.2464518508911133,
            0.3378616409301758,
            0.4377327423095703,
            0.5399356079101563,
            0.6265602188110352,
            0.7281028823852539,
            0.8249372634887695
        ]
    },
    "t=3.5": {
        "mses": [
            0.9724708777925659,
            0.9724708777925659,
            0.9289849628657696,
            0.8850171715896678,
            0.8451807464955764,
            0.803261426192856,
            0.7711176181989134,
            0.7356389097113568,
            0.7032125364011653
        ],
        "mse_from_npy": [
            0.9864300806714008,
            0.9864300806714008,
            0.9421638375301734,
            0.897472792734336,
            0.8570892139945109,
            0.81477234184519,
            0.7823024671723464,
            0.7464575626370042,
            0.71353705091391
        ],
        "bpps": [
            0.13479335021972655,
            0.13479335021972655,
            0.23178619384765625,
            0.3363194351196289,
            0.43180491638183593,
            0.5295484924316406,
            0.6232221450805664,
            0.7261480407714844,
            0.8274432449340821
        ]
    },
    "t=4": {
        "mses": [
            0.9851246402649164,
            0.9851246402649164,
            0.9346858959714854,
            0.8884016479533953,
            0.8438193362359547,
            0.8106562414071324,
            0.7734644674082158,
            0.7403180692822802,
            0.7113652483511905
        ],
        "mse_from_npy": [
            0.993046191910023,
            0.993046191910023,
            0.9420521428550556,
            0.895491573110328,
            0.8507536466699056,
            0.8174434748389859,
            0.7800556897533081,
            0.7466398210534291,
            0.7173773812255708
        ],
        "bpps": [
            0.11471921539306641,
            0.11471921539306641,
            0.2260367660522461,
            0.32840992736816405,
            0.4317377166748047,
            0.5231827087402344,
            0.6212761993408203,
            0.7227012634277343,
            0.8219935455322266
        ]
    },