{
  "wikitext2": 11.951549530029297,
  "c4": 15.241390228271484
}