{
  "wikitext2": 11.186739921569824,
  "c4": 14.618612289428711
}