{
  "compressed_layers": 21,
  "compressed_params": 11678912,
  "fp32_bits": 373725184.0,
  "use_codes": false,
  "metadata_bits": 63296.0,
  "estimated_bits": 41078611.548828125,
  "actual_bits": null,
  "estimated_bits_per_param": 3.5173320553171497,
  "actual_bits_per_param": null,
  "estimated_compression_ratio": 9.097804670339729,
  "actual_compression_ratio": null,
  "weighted_mse": 6.803261437774168e-06,
  "eval_before": {
    "top1": 69.764,
    "top5": 89.07,
    "num_samples": 50000.0
  },
  "eval_after": {
    "top1": 66.83,
    "top5": 87.416,
    "num_samples": 50000.0
  }
}