{
  "wikitext2": 8.99893569946289,
  "c4": 11.237195014953613
}