{
  "wikitext2": 6.222774982452393,
  "c4": 8.982028007507324
}