{
  "AWQ": {
    "bpp": [
      2.25,
      3.25,
      4.25,
      5.25,
      6.25,
      7.25,
      8.25
    ],
    "ppl_wikitext2": [
      124179.172,
      5.32,
      4.974,
      4.909,
      4.888,
      4.884,
      4.882
    ]
  },
  "OMNIQ": {
    "bpp": [
      2,
      3,
      4
    ],
    "ppl_wikitext2": [
      17.2,
      5.58,
      5.02
    ]
  },
  "QUIP#_no_ft": {
    "bpp": [
      2,
      3,
      4
    ],
    "ppl_wikitext2": [
      7.6,
      5.34,
      5.0
    ]
  },
  "QUIP#": {
    "bpp": [
      2,
      3,
      4
    ],
    "ppl_wikitext2": [
      5.74,
      5.1,
      4.95
    ]
  },
  "QTIP_no_ft": {
    "bpp": [
      2,
      3,
      4
    ],
    "ppl_wikitext2": [
      6.048793315887451,
      5.083630561828613,
      4.933897972106934
    ]
  },
  "QTIP": {
    "bpp": [
      2,
      3,
      4
    ],
    "ppl_wikitext2": [
      5.455090522766113,
      5.012054443359375,
      4.916851043701172
    ]
  },
  "SeedLM": {
    "bpp": [
      3,
      4
    ],
    "ppl_wikitext2": [
      5.8,
      5.1
    ]
  },
  "NWC_row16_bundle": {
    "bpp": [
      3.3001,
      3.7982,
      4.297,
      5.4459,
      6.451,
      6.6196
    ],
    "ppl_wikitext2": [
      5.243,
      5.028,
      4.965,
      4.901,
      4.896,
      4.896
    ]
  },
  "NWC_ql_random_seq16": {
    "bpp": [
      2.648769,
      3.147446,
      3.65101,
      3.94146191,
      4.776916,
      5.97267,
      6.2108
    ],
    "ppl_wikitext2": [
      5.461,
      5.11,
      4.992,
      4.956,
      4.904,
      4.895,
      4.895
    ]
  },
  "NWC_ql_random_seq16(2-13B)": {
    "bpp": [
      2.657869,
      3.160482,
      3.94592,
      4.76725,
      5.913
    ],
    "ppl_wikitext2": [
      5.421,
      5.121,
      4.97,
      4.934,
      4.902
    ]
  },
  "NWC_ql_random_seq16_gptq": {
    "bpp": [
      2.6571,
      3.1517,
      3.6533,
      3.943,
      4.7774,
      5.9728,
      6.2109
    ],
    "ppl_wikitext2": [
      5.424,
      5.09,
      4.991,
      4.955,
      4.903,
      4.889,
      4.891
    ]
  },
  "Ours_gptq": {
    "bpp": [
      2.6571,
      3.1517,
      3.6533,
      3.943,
      4.7774,
      5.9728,
      6.2109
    ],
    "ppl_wikitext2": [
      5.424,
      5.09,
      4.991,
      4.955,
      4.903,
      4.889,
      4.891
    ]
  },
  "NWC_ql_random_seq16_ldlq": {
    "bpp": [
      2.6568,
      3.1515,
      3.6532,
      3.943
    ],
    "ppl_wikitext2": [
      5.373,
      5.093,
      4.977,
      4.953
    ]
  },
  "Ours_ql_ldlq": {
    "bpp": [
      2.6568,
      3.1515,
      3.6532,
      3.943
    ],
    "ppl_wikitext2": [
      5.373,
      5.093,
      4.977,
      4.953
    ]
  },
  "NWC_ql_random_seq16_n6144": {
    "bpp": [
      2.6486,
      3.1472,
      3.6508,
      3.9413,
      5.9726,
      6.2108
    ],
    "ppl_wikitext2": [
      5.515,
      5.122,
      5.005,
      4.955,
      4.901,
      4.889
    ]
  },
  "Ours_n6144": {
    "bpp": [
      2.6486,
      3.1472,
      3.6508,
      3.9413,
      5.9726,
      6.2108
    ],
    "ppl_wikitext2": [
      5.515,
      5.122,
      5.005,
      4.955,
      4.901,
      4.889
    ]
  },
  "FP16": 4.88,
  "NWC": {
    "bpp": [
      3.3001,
      3.7982,
      4.297,
      5.4459,
      6.451,
      6.6196
    ],
    "ppl_wikitext2": [
      5.243,
      5.028,
      4.965,
      4.901,
      4.896,
      4.896
    ]
  },
  "Ours_base": {
    "bpp": [
      3.3001,
      3.7982,
      4.297,
      5.4459,
      6.451,
      6.6196
    ],
    "ppl_wikitext2": [
      5.243,
      5.028,
      4.965,
      4.901,
      4.896,
      4.896
    ]
  },
  "Ours_ql": {
    "bpp": [
      2.648769,
      3.147446,
      3.65101,
      3.94146191,
      4.776916,
      5.97267,
      6.2108
    ],
    "ppl_wikitext2": [
      5.461,
      5.11,
      4.992,
      4.956,
      4.904,
      4.895,
      4.895
    ]
  },
  "Ours_in_domain": {
    "bpp": [
      2.657869,
      3.160482,
      3.94592,
      4.76725,
      5.913
    ],
    "ppl_wikitext2": [
      5.421,
      5.121,
      4.97,
      4.934,
      4.902
    ]
  }
}