{
  "AWQ": {
    "bpp": [
      2.25,
      3.25,
      4.25,
      5.25,
      6.25,
      7.25,
      8.25
    ],
    "ppl_wikitext2": [
      227242.422,
      6.208,
      5.608,
      5.505,
      5.481,
      5.469,
      5.47
    ]
  },
  "OMNIQ": {
    "bpp": [
      2,
      3,
      4
    ],
    "ppl_wikitext2": [
      37.4,
      6.58,
      5.74
    ]
  },
  "QUIP#_no_ft": {
    "bpp": [
      2,
      3,
      4
    ],
    "ppl_wikitext2": [
      12.3,
      6.19,
      5.66
    ]
  },
  "QUIP#": {
    "bpp": [
      2,
      3,
      4
    ],
    "ppl_wikitext2": [
      6.66,
      5.79,
      5.56
    ]
  },
  "QTIP_no_ft": {
    "bpp": [
      2,
      3,
      4
    ],
    "ppl_wikitext2": [
      6.85181999206543,
      5.77194,
      5.5444
    ]
  },
  "QTIP": {
    "bpp": [
      2,
      3,
      4
    ],
    "ppl_wikitext2": [
      6.285030841827393,
      5.6509785652160645,
      5.530890464782715
    ]
  },
  "GPTQ": {
    "bpp": [
      2,
      3,
      4
    ],
    "ppl_wikitext2": [
      165.151,
      6.673,
      5.788
    ]
  },
  "SeedLM": {
    "bpp": [
      3,
      4
    ],
    "ppl_wikitext2": [
      6.6,
      5.7
    ]
  },
  "NWC_row16_bundle": {
    "bpp": [
      2.923,
      3.292,
      3.7914,
      4.2906,
      5.4399,
      6.445,
      6.6136
    ],
    "ppl_wikitext2": [
      7.265,
      6.132,
      5.72,
      5.605,
      5.495,
      5.476,
      5.485
    ]
  },
  "NWC": {
    "bpp": [
      2.923,
      3.292,
      3.7914,
      4.2906,
      5.4399,
      6.445,
      6.6136
    ],
    "ppl_wikitext2": [
      7.265,
      6.132,
      5.72,
      5.605,
      5.495,
      5.476,
      5.485
    ]
  },
  "Ours_base": {
    "bpp": [
      2.923,
      3.292,
      3.7914,
      4.2906,
      5.4399,
      6.445,
      6.6136
    ],
    "ppl_wikitext2": [
      7.265,
      6.132,
      5.72,
      5.605,
      5.495,
      5.476,
      5.485
    ]
  },
  "NWC_row16_bundle_rht": {
    "bpp": [
      3.31003,
      3.80728,
      4.30509,
      5.45322,
      6.45817405
    ],
    "ppl_wikitext2": [
      6.0841,
      5.7096,
      5.605,
      5.4826,
      5.4730243
    ]
  },
  "Ours_RHT_no_ql": {
    "bpp": [
      3.31003,
      3.80728,
      4.30509,
      5.45322,
      6.45817405
    ],
    "ppl_wikitext2": [
      6.0841,
      5.7096,
      5.605,
      5.4826,
      5.4730243
    ]
  },
  "NWC_row16_bundle_rht_trained": {
    "bpp": [
      3.307,
      3.807,
      4.31,
      4.602
    ],
    "ppl_wikitext2": [
      6.098,
      5.717,
      5.583,
      5.541
    ]
  },
  "Ours_RHT_no_ql_trained": {
    "bpp": [
      3.307,
      3.807,
      4.31,
      4.602
    ],
    "ppl_wikitext2": [
      6.098,
      5.717,
      5.583,
      5.541
    ]
  },
  "NWC_ql_random_seq16": {
    "bpp": [
      2.269,
      2.6401,
      3.138932,
      3.64297201,
      3.9338092,
      4.770383,
      5.96783319
    ],
    "ppl_wikitext2": [
      7.891,
      6.354,
      5.83,
      5.636,
      5.587,
      5.501,
      5.487
    ]
  },
  "Ours_ql": {
    "bpp": [
      2.269,
      2.6401,
      3.138932,
      3.64297201,
      3.9338092,
      4.770383,
      5.96783319
    ],
    "ppl_wikitext2": [
      7.891,
      6.354,
      5.83,
      5.636,
      5.587,
      5.501,
      5.487
    ]
  },
  "NWC_ql_random_seq16_rht": {
    "bpp": [
      3.32,
      3.857,
      4.396,
      4.696
    ],
    "ppl_wikitext2": [
      6.414,
      5.793,
      5.606,
      5.559
    ]
  },
  "Ours_RHT": {
    "bpp": [
      3.32,
      3.857,
      4.396,
      4.696
    ],
    "ppl_wikitext2": [
      6.414,
      5.793,
      5.606,
      5.559
    ]
  },
  "NWC_ql_random_seq16_ft": {
    "bpp": [
      2.640922043993683,
      3.1394193181719805,
      3.643218957389575,
      3.9339819589118266
    ],
    "ppl_wikitext2": [
      6.095,
      5.737,
      5.607,
      5.56
    ]
  },
  "Ours_ft": {
    "bpp": [
      2.640922043993683,
      3.1394193181719805,
      3.643218957389575,
      3.9339819589118266
    ],
    "ppl_wikitext2": [
      6.095,
      5.737,
      5.607,
      5.56
    ]
  },
  "NWC_ql_random_seq16_gptq": {
    "bpp": [
      2.648347,
      3.143081,
      3.64518,
      3.935356,
      4.77088256,
      5.967929,
      6.20653
    ],
    "ppl_wikitext2": [
      6.263,
      5.77,
      5.628,
      5.583,
      5.516,
      5.484,
      5.488
    ]
  },
  "Ours_gptq": {
    "bpp": [
      2.648347,
      3.143081,
      3.64518,
      3.935356,
      4.77088256,
      5.967929,
      6.20653
    ],
    "ppl_wikitext2": [
      6.263,
      5.77,
      5.628,
      5.583,
      5.516,
      5.484,
      5.488
    ]
  },
  "NWC_ql_random_seq16_ldlq": {
    "bpp": [
      2.648,
      3.1429,
      3.6451,
      3.9353,
      4.7709,
      5.9679
    ],
    "ppl_wikitext2": [
      6.177,
      5.755,
      5.592,
      5.562,
      5.497,
      5.478
    ]
  },
  "Ours_ql_ldlq": {
    "bpp": [
      2.648,
      3.1429,
      3.6451,
      3.9353,
      4.7709,
      5.9679
    ],
    "ppl_wikitext2": [
      6.177,
      5.755,
      5.592,
      5.562,
      5.497,
      5.478
    ]
  },
  "Ours": {
    "bpp": [
      2.28240699,
      2.648025293,
      3.143159624,
      3.64486945,
      4.771,
      5.968
    ],
    "ppl_wikitext2": [
      6.580651283,
      5.996817589,
      5.7018013,
      5.577580929,
      5.492,
      5.475
    ]
  },
  "NWC_ql_random_seq16_n6144": {
    "bpp": [
      2.639781555,
      3.1386,
      3.6427,
      3.9335,
      4.7701,
      5.9677,
      6.02065
    ],
    "ppl_wikitext2": [
      6.346,
      5.837,
      5.627,
      5.58,
      5.506,
      5.485,
      5.495
    ]
  },
  "Ours_n6144": {
    "bpp": [
      2.639781555,
      3.1386,
      3.6427,
      3.9335,
      4.7701,
      5.9677,
      6.02065
    ],
    "ppl_wikitext2": [
      6.346,
      5.837,
      5.627,
      5.58,
      5.506,
      5.485,
      5.495
    ]
  },
  "NWC_ql_random_seq16(2-7b)": {
    "bpp": [
      2.64962,
      3.15262,
      3.940098,
      4.762928095,
      5.93973
    ],
    "ppl_wikitext2": [
      6.384,
      5.813,
      5.573,
      5.513,
      5.497
    ]
  },
  "Ours_in_domain": {
    "bpp": [
      2.64962,
      3.15262,
      3.940098,
      4.762928095,
      5.93973
    ],
    "ppl_wikitext2": [
      6.384,
      5.813,
      5.573,
      5.513,
      5.497
    ]
  },
  "NWC_RHT_scaled": {
    "bpp": [
      2.136,
      3.297,
      3.798,
      4.589
    ],
    "ppl_wikitext2": [
      7.635,
      5.698,
      5.575,
      5.503
    ]
  },
  "NWC_global_ql": {
    "bpp": [
      2.619,
      3.118,
      3.913,
      4.752
    ],
    "ppl_wikitext2": [
      6.349,
      5.793,
      5.566,
      5.501
    ]
  },
  "NWC_global_ql_v2": {
    "bpp": [
      2.6516477477982874,
      3.150353873023097,
      3.9453540001199654
    ],
    "ppl_wikitext2": [
      6.241876125335693,
      5.752368927001953,
      5.557637691497803
    ]
  },
  "FP16": 5.47
}