{
  "AWQ": {
    "bpp": [
      2.25,
      3.25,
      4.25,
      5.25,
      6.25,
      7.25,
      8.25
    ],
    "ppl_wikitext2": [
      1706217.75,
      8.243,
      6.531,
      6.237,
      6.157,
      6.141,
      6.138
    ],
    "mse": [
      23,
      21,
      18,
      189,
      21,
      18,
      23
    ]
  },
  "OMNIQ": {
    "bpp": [
      null
    ],
    "ppl_wikitext2": [
      null
    ]
  },
  "QUIP#_no_ft": {
    "bpp": [
      2,
      3,
      4
    ],
    "ppl_wikitext2": [
      11.754,
      6.801,
      6.08
    ],
    "ppl_c4": [
      16.809,
      10.37,
      8.874
    ]
  },
  "QUIP#": {
    "bpp": [
      2,
      3,
      4
    ],
    "ppl_wikitext2": [
      9.312,
      6.99,
      6.424
    ],
    "ppl_c4": [
      12.773,
      10.023,
      9.335
    ]
  },
  "QTIP": {
    "bpp": [
      2,
      3,
      4
    ],
    "ppl_wikitext2": [
      8.106,
      6.664,
      6.297
    ]
  },
  "QTIP_no_ft": {
    "bpp": [
      2,
      3,
      4
    ],
    "ppl_wikitext2": [
      9.744,
      6.84,
      6.339
    ]
  },
  "AQLM": {
    "bpp": [
      2,
      3,
      4
    ],
    "ppl_wikitext2": [
      9.744,
      6.84,
      6.339
    ]
  },
  "NWC_ql_tuned_ldlq_ft": {
    "bpp": [
      2.3503167743289954,
      2.7167603686044073,
      3.213820520092283,
      3.9955983058457254,
      4.806541982468179,
      5.974153137660603
    ],
    "ppl_wikitext2": [
      8.618568420410156,
      7.426833152770996,
      6.740654945373535,
      6.3390212059021,
      6.201639652252197,
      null
    ],
    "ppl_c4": [
      12.045183181762695,
      10.615286827087402,
      9.707376480102539,
      9.121989250183105,
      8.955321311950684,
      8.901552200317383
    ]
  },
  "RTNg128": {
    "bpp": [
      2.25,
      3.25,
      4.25,
      5.25,
      6.25,
      7.25,
      8.25
    ],
    "ppl_wikitext2": [
      295954.625,
      12.141,
      6.731,
      6.304,
      6.186,
      6.15,
      6.14
    ],
    "mse": [
      0.2619,
      0.0489,
      0.0107,
      0.0025,
      0.0006,
      0.0002,
      4.624e-05
    ]
  },
  "RTN": {
    "bpp": [
      2,
      3,
      4,
      5,
      6,
      7,
      8
    ],
    "ppl_wikitext2": [
      1385877.125,
      2276.227,
      8.537,
      6.561,
      6.27,
      6.173,
      6.149
    ],
    "mse": [
      0.5205,
      0.1124,
      0.0253,
      null,
      0.0015,
      null,
      9.9967e-05
    ]
  },
  "VQVAE_old": {
    "bpp": [
      2,
      3,
      4,
      5,
      6,
      8
    ],
    "ppl_wikitext2": [
      801779,
      110.0668,
      10.7364,
      7.8319,
      7.6031,
      7.5663
    ],
    "mse": [
      0.1144,
      0.0389,
      0.0186,
      0.0049,
      0.0028,
      0.002
    ]
  },
  "VQVAE": {
    "bpp": [
      3,
      4,
      5,
      6,
      8
    ],
    "ppl_wikitext2": [
      24.881,
      7.194,
      6.47,
      6.215,
      6.177
    ],
    "mse": [
      0.03701,
      0.01228,
      0.00365,
      0.00101,
      9e-05
    ]
  },
  "VQVAE_idx": {
    "bpp": [
      3,
      4,
      6,
      8
    ],
    "ppl_wikitext2": [
      50.871,
      7.739,
      null,
      6.223
    ],
    "mse": [
      0.0369,
      0.0192,
      0.0027,
      0.001
    ]
  },
  "VQVAE_idx_row": {
    "bpp": [
      3,
      4,
      5,
      6,
      7,
      8
    ],
    "ppl_wikitext2": [
      159.215,
      7.852,
      null,
      6.545,
      null,
      6.166
    ],
    "mse": [
      0.041,
      0.0123,
      0.0064,
      0.0033,
      0.0026,
      0.0002
    ]
  },
  "SeedLM": {
    "bpp": [
      3,
      4
    ],
    "ppl_wikitext2": [
      10.1,
      7.0
    ],
    "mse": [
      0.0388,
      0.0081
    ]
  },
  "NWC_row16": {
    "bpp": [
      6.014,
      6.39,
      8.22
    ],
    "ppl_wikitext2": [
      7.796,
      6.844,
      6.217
    ],
    "mse": [
      0.0145,
      0.00725,
      0.00076
    ]
  },
  "NWC_col128": {
    "bpp": [
      3.27539,
      3.77784,
      4.57791,
      5.44646,
      7.08356,
      7.8364
    ],
    "ppl_wikitext2": [
      9.072,
      7.492,
      6.392,
      6.222,
      6.142,
      6.14
    ],
    "mse": [
      0.01454,
      0.00729,
      0.00245,
      0.00075,
      8e-05,
      3e-05
    ]
  },
  "NWC_row128": {
    "bpp": [
      3.64225,
      4.14475,
      4.9485,
      5.828,
      7.466,
      8.2165
    ],
    "ppl_wikitext2": [
      8.0,
      6.922,
      6.375,
      6.225,
      6.146,
      6.142
    ],
    "mse": [
      0.01454,
      0.00729,
      0.00245,
      0.00075,
      8e-05,
      3e-05
    ]
  },
  "NWC_row16_bundle": {
    "bpp": [
      2.898,
      3.311,
      3.81,
      4.27,
      5.47,
      6.474,
      6.644
    ],
    "ppl_wikitext2": [
      11.542,
      7.724,
      6.876,
      6.501,
      6.228,
      6.167,
      6.16
    ],
    "mse": [
      0.0145,
      0.0072,
      0.00363,
      0.0008,
      0.0003,
      0.0002
    ]
  },
  "NWC": {
    "bpp": [
      2.898,
      3.311,
      3.81,
      4.27,
      5.47,
      6.474,
      6.644
    ],
    "ppl_wikitext2": [
      11.542,
      7.724,
      6.876,
      6.501,
      6.228,
      6.167,
      6.16
    ],
    "mse": [
      0.0145,
      0.0072,
      0.00363,
      0.0008,
      0.0003,
      0.0002
    ]
  },
  "Ours_base": {
    "bpp": [
      2.898,
      3.311,
      3.81,
      4.27,
      5.47,
      6.474,
      6.644
    ],
    "ppl_wikitext2": [
      11.542,
      7.724,
      6.876,
      6.501,
      6.228,
      6.167,
      6.16
    ],
    "mse": [
      0.0145,
      0.0072,
      0.00363,
      0.0008,
      0.0003,
      0.0002
    ]
  },
  "NWC_col_tr": {
    "bpp": [
      3.249,
      3.752,
      4.529,
      5.325,
      6.613,
      7.142
    ],
    "ppl_wikitext2": [
      8.558,
      7.841,
      6.903,
      6.535,
      6.283,
      6.288
    ]
  },
  "NWC_tr": {
    "bpp": [
      3.249,
      3.752,
      4.529,
      5.325,
      6.613,
      7.142
    ],
    "ppl_wikitext2": [
      8.558,
      7.841,
      6.903,
      6.535,
      6.283,
      6.288
    ]
  },
  "NWC_col_tr_hpy": {
    "bpp": [
      3.266,
      3.753,
      4.511,
      5.311,
      6.443,
      6.715
    ],
    "ppl_wikitext2": [
      10.579,
      7.981,
      6.941,
      6.655,
      6.435,
      6.383
    ]
  },
  "NWC_tr_hpy": {
    "bpp": [
      3.266,
      3.753,
      4.511,
      5.311,
      6.443,
      6.715
    ],
    "ppl_wikitext2": [
      10.579,
      7.981,
      6.941,
      6.655,
      6.435,
      6.383
    ]
  },
  "NWC_row16_bundle_rht_trained": {
    "bpp": [
      3.29,
      3.791,
      4.296,
      4.589
    ],
    "ppl_wikitext2": [
      7.703,
      6.838,
      6.493,
      6.378
    ]
  },
  "Ours_RHT_no_ql_trained": {
    "bpp": [
      3.29,
      3.791,
      4.296,
      4.589
    ],
    "ppl_wikitext2": [
      7.703,
      6.838,
      6.493,
      6.378
    ]
  },
  "NWC_row16_bundle_ROWCOL": {
    "bpp": [
      3.311,
      3.81,
      4.27,
      5.47,
      6.474,
      6.644
    ],
    "ppl_wikitext2": [
      7.724,
      6.876,
      6.501,
      6.228,
      6.167,
      6.16
    ],
    "mse": [
      0.0145,
      0.0072,
      0.00363,
      0.0008,
      0.0003,
      0.0002
    ]
  },
  "NWC_ql_random_seq16(loss)": {
    "bpp": [
      2.56,
      3.058,
      3.56,
      3.86,
      4.7,
      5.93
    ],
    "ppl_wikitext2": [
      11.939,
      7.735,
      6.891,
      6.64,
      6.294,
      6.187
    ],
    "mse": [
      0.04085,
      0.02041,
      0.01026,
      0.0069,
      0.00215,
      0.00052
    ]
  },
  "NWC_ql_random_seq16": {
    "bpp": [
      2.573,
      3.0733,
      3.579,
      3.873,
      4.7203,
      5.9474
    ],
    "ppl_wikitext2": [
      11.939,
      7.735,
      6.891,
      6.64,
      6.294,
      6.187
    ],
    "mse": [
      0.04085,
      0.02041,
      0.01026,
      0.0069,
      0.00215,
      0.00052
    ]
  },