{
  "QTIP_no_ft": {
    "bpp": [
      2,
      3,
      4
    ],
    "ppl_wikitext2": [
      15.250215530395508,
      11.438995361328125,
      10.693965911865234
    ]
  },
  "NWC_ql": {
    "bpp": [
      2.6231791056869995,
      3.124863289740114,
      3.9177045791986442,
      4.7482673814963725,
      5.957555295988207,
      6.325075975841
    ],
    "ppl_wikitext2": [
      11.37783145904541,
      9.04037094116211,
      8.13940715789795,
      7.917189121246338,
      7.842419624328613,
      7.840927600860596
    ],
    "ppl_c4": []
  },
  "NWC_ql_tuned": {
    "bpp": [
      2.768731965195565,
      3.266897928413181,
      4.044620982415619,
      4.844627256017356,
      5.9917048668222765,
      6.336610458613861
    ],
    "ppl_wikitext2": [
      10.109051704406738,
      8.70792007446289,
      8.065073013305664,
      7.904245376586914,
      7.845890998840332,
      7.8435492515563965
    ],
    "ppl_c4": []
  },
  "FP16": 6.13
}