{
  "wikitext2": 6.6578779220581055,
  "c4": 9.52362060546875
}