{
  "wikitext2": 6.296416282653809,
  "c4": 9.071026802062988
}