{
  "mode": "compare",
  "model_id": "../Wparam_dataset/hf_model/meta-llama--Meta-Llama-3-8B",
  "dtype": "float16",
  "gpu_id": 0,
  "prompt_length": 1024,
  "max_new_tokens": 16,
  "num_runs": 5,
  "compressed_bitwidth_assumption": 4.0,
  "fullvram": {
    "mode": "fullvram-run",
    "model_id": "../Wparam_dataset/hf_model/meta-llama--Meta-Llama-3-8B",
    "dtype": "float16",
    "gpu_id": 0,
    "prompt_length": 1024,
    "max_new_tokens": 16,
    "num_runs": 5,
    "ttft_ms": 361.6922065615654,
    "ttft_std_ms": 35.46240819300784,
    "tpot_ms": 37.877198159694665,
    "tpot_std_ms": 0.3994639992113818,
    "per_token_decode_ms": [
      38.24758976697922,
      35.090869665145874,
      34.788283705711365,
      34.909436106681824,
      34.80526506900787,
      34.885273873806,
      34.84475612640381,
      34.891797602176666,
      34.87385809421539,
      34.916673600673676,
      36.01599186658859,
      36.77164912223816,
      38.058869540691376,
      48.11328798532486,
      56.94437026977539
    ],
    "generated_text_preview": " prompt is repeated to reach a target token count. Latency benchmarking input",
    "prompt_preview": "Latency benchmarking input for Llama. This synthetic prompt is repeated to reach a target token count. Latency benchmarking input for Llama. This synthetic prompt is repeated to reach a target token count. Latency benchmarking input for Llama. This synthetic prompt is repeated to reach a target token",
    "analytical_decode": {
      "num_hidden_layers": 32,
      "decoder_layer_params_avg": 218112000.0,
      "decoder_layer_params_total": 6979584000,
      "total_model_params": 8030261248,
      "counted_decode_params": 6979584000,
      "decode_param_scope": "decoder_layers_only_excluding_embeddings_and_lm_head",
      "decode_ms_per_4096x4096": 1.25,
      "decode_overhead_scale": 1.0,
      "include_non_layer_params_in_decode": false,
      "per_forward_decode_overhead_ms": 520.01953125
    },
    "runs": [
      {
        "run_index": 1,
        "ttft_ms": 336.91634982824326,
        "tpot_ms": 37.24817285935084,
        "per_token_decode_ms": [
          41.226133704185486,
          34.18953716754913,
          34.66834872961044,
          34.84202176332474,
          34.57482159137726,
          34.56871211528778,
          34.69998389482498,
          34.764230251312256,
          34.670114517211914,
          34.75581854581833,
          40.296778082847595,
          43.728165328502655,
          47.176480293273926,
          37.52171993255615,
          37.039726972579956
        ],
        "generated_token_count": 16,
        "generated_text_preview": " prompt is repeated to reach a target token count. Latency benchmarking input"
      },
      {
        "run_index": 2,
        "ttft_ms": 347.73583710193634,
        "tpot_ms": 37.676869332790375,
        "per_token_decode_ms": [
          37.354566156864166,
          35.414114594459534,
          34.39747542142868,
          34.66968983411789,
          34.723758697509766,
          35.08765995502472,
          34.45422649383545,
          34.8237082362175,
          34.69426929950714,
          34.93981063365936,
          34.54073518514633,
          34.80050712823868,
          34.75150465965271,
          46.521611511707306,
          63.97940218448639
        ],
        "generated_token_count": 16,
        "generated_text_preview": " prompt is repeated to reach a target token count. Latency benchmarking input"
      },
      {
        "run_index": 3,
        "ttft_ms": 427.2058457136154,
        "tpot_ms": 38.27624718348185,
        "per_token_decode_ms": [
          37.72512823343277,
          35.09768098592758,
          35.01603752374649,
          35.14138609170914,
          34.97675061225891,
          34.77296978235245,
          34.880831837654114,
          34.963950514793396,
          34.82142090797424,
          34.80406105518341,
          34.99675542116165,
          34.944579005241394,
          36.32904589176178,
          52.02561616897583,
          63.64749372005463
        ],
        "generated_token_count": 16,
        "generated_text_preview": " prompt is repeated to reach a target token count. Latency benchmarking input"
      },
      {
        "run_index": 4,
        "ttft_ms": 368.656225502491,
        "tpot_ms": 38.327118257681526,
        "per_token_decode_ms": [
          37.29906678199768,
          35.300202667713165,
          34.771472215652466,
          34.77606177330017,
          34.666307270526886,
          35.1317822933197,
          34.67543423175812,
          34.984298050403595,
          35.16408056020737,
          35.00336408615112,
          34.66420620679855,
          35.18944978713989,
          36.96639835834503,
          55.291615426540375,
          61.023034155368805
        ],
        "generated_token_count": 16,
        "generated_text_preview": " prompt is repeated to reach a target token count. Latency benchmarking input"
      },
      {
        "run_index": 5,
        "ttft_ms": 327.946774661541,
        "tpot_ms": 37.85758316516876,
        "per_token_decode_ms": [
          37.633053958415985,
          35.452812910079956,
          35.088084638118744,
          35.118021070957184,
          35.08468717336655,
          34.86524522304535,
          35.51330417394638,
          34.922800958156586,
          35.0194051861763,
          35.08031368255615,
          35.58148443698883,
          35.195544362068176,
          35.07091850042343,
          49.205876886844635,
          59.03219431638718
        ],
        "generated_token_count": 16,
        "generated_text_preview": " prompt is repeated to reach a target token count. Latency benchmarking input"
      }
    ]
  },
  "baseline_runs": [
    {
      "mode": "baseline-run",
      "model_id": "../Wparam_dataset/hf_model/meta-llama--Meta-Llama-3-8B",
      "dtype": "float16",
      "gpu_id": 0,
      "prompt_length": 1024,
      "max_new_tokens": 16,
      "num_runs": 5,
      "baseline_vram_gb": 12.0,
      "baseline_runtime_reserve_gb": 1.5,
      "memory_fraction": 0.252440847016286,
      "bandwidth_gbps": 1000.0,
      "native_bandwidth_gbps": null,
      "ttft_ms": 1317.093425989151,
      "ttft_std_ms": 30.004085341037182,
      "tpot_ms": 479.51527684926987,
      "tpot_std_ms": 48.583181968684606,
      "per_token_decode_ms": [
        475.8599519729614,
        574.0100264549255,
        558.3309710025787,
        485.7528269290924,
        441.81053787469864,
        445.766219496727,
        507.05271661281586,
        481.8004459142685,
        464.75037038326263,
        467.46493577957153,
        489.9362549185753,
        468.2836562395096,
        441.8592631816864,
        438.8735055923462,
        451.1774703860283
      ],
      "generated_text_preview": " prompt is repeated to reach a target token count. Latency benchmarking input",
      "prompt_preview": "Latency benchmarking input for Llama. This synthetic prompt is repeated to reach a target token count. Latency benchmarking input for Llama. This synthetic prompt is repeated to reach a target token count. Latency benchmarking input for Llama. This synthetic prompt is repeated to reach a target token",
      "hooked_offloaded_modules": [
        "lm_head",
        "model.norm",
        "model.rotary_emb",
        "model.layers.21",
        "model.layers.22",
        "model.layers.23",
        "model.layers.24",
        "model.layers.25",
        "model.layers.26",
        "model.layers.27",
        "model.layers.28",
        "model.layers.29",
        "model.layers.30",
        "model.layers.31"
      ],
      "offloaded_parameter_gb": 5.447443962097168,
      "injected_sleep_ms": 93.58637465599973,
      "injected_sleep_std_ms": 0.0,
      "hook_call_count": 224.0,
      "hook_call_count_std": 0.0,
      "emulated_transfer_gb": 87.15910339355469,
      "emulated_transfer_std_gb": 0.0,
      "hf_device_map": {
        "model.embed_tokens": 0,