{
  "mode": "compare",
  "model_id": "../Wparam_dataset/hf_model/meta-llama--Meta-Llama-3-8B",
  "dtype": "float16",
  "gpu_id": 0,
  "prompt_length": 512,
  "max_new_tokens": 16,
  "num_runs": 5,
  "compressed_bitwidth_assumption": 4.0,
  "fullvram": {
    "mode": "fullvram-run",
    "model_id": "../Wparam_dataset/hf_model/meta-llama--Meta-Llama-3-8B",
    "dtype": "float16",
    "gpu_id": 0,
    "prompt_length": 512,
    "max_new_tokens": 16,
    "num_runs": 5,
    "ttft_ms": 205.52175045013428,
    "ttft_std_ms": 41.37000889381146,
    "tpot_ms": 32.61877755324046,
    "tpot_std_ms": 0.06555278375142685,
    "per_token_decode_ms": [
      36.755503714084625,
      32.82749503850937,
      32.305602729320526,
      32.387858629226685,
      32.208770513534546,
      32.243598997592926,
      32.34228789806366,
      32.268933951854706,
      32.315635681152344,
      32.09760636091232,
      32.31511563062668,
      32.31640011072159,
      32.22309947013855,
      32.24497586488724,
      32.42877870798111
    ],
    "generated_text_preview": " for Llama. This synthetic prompt is repeated to reach a target token count.",
    "prompt_preview": "Latency benchmarking input for Llama. This synthetic prompt is repeated to reach a target token count. Latency benchmarking input for Llama. This synthetic prompt is repeated to reach a target token count. Latency benchmarking input for Llama. This synthetic prompt is repeated to reach a target token",
    "analytical_decode": {
      "num_hidden_layers": 32,
      "decoder_layer_params_avg": 218112000.0,
      "decoder_layer_params_total": 6979584000,
      "total_model_params": 8030261248,
      "counted_decode_params": 6979584000,
      "decode_param_scope": "decoder_layers_only_excluding_embeddings_and_lm_head",
      "decode_ms_per_4096x4096": 1.25,
      "decode_overhead_scale": 1.0,
      "include_non_layer_params_in_decode": false,
      "per_forward_decode_overhead_ms": 520.01953125
    },
    "runs": [
      {
        "run_index": 1,
        "ttft_ms": 179.6819418668747,
        "tpot_ms": 32.72861043612162,
        "per_token_decode_ms": [
          39.16240483522415,
          31.73457831144333,
          32.06171840429306,
          32.40765631198883,
          32.177142798900604,
          32.76612609624863,
          32.219454646110535,
          32.40551054477692,
          32.07352012395859,
          32.10357576608658,
          32.26984292268753,
          32.2122722864151,
          32.293327152729034,
          32.31493383646011,
          32.72709250450134
        ],
        "generated_token_count": 16,
        "generated_text_preview": " for Llama. This synthetic prompt is repeated to reach a target token count."
      },
      {
        "run_index": 2,
        "ttft_ms": 284.6330478787422,
        "tpot_ms": 32.531432807445526,
        "per_token_decode_ms": [
          35.79581528902054,
          33.405207097530365,
          32.06264227628708,
          32.13682025671005,
          32.544493675231934,
          31.847544014453888,
          32.60544687509537,
          32.10970014333725,
          32.1502760052681,
          32.03926980495453,
          32.33860433101654,
          32.26333111524582,
          32.2515070438385,
          32.17192739248276,
          32.248906791210175
        ],
        "generated_token_count": 16,
        "generated_text_preview": " for Llama. This synthetic prompt is repeated to reach a target token count."
      },
      {
        "run_index": 3,
        "ttft_ms": 200.1189962029457,
        "tpot_ms": 32.578423619270325,
        "per_token_decode_ms": [
          36.225415766239166,
          32.94315189123154,
          32.39743411540985,
          32.764069736003876,
          31.939782202243805,
          32.260023057460785,
          32.18632936477661,
          32.13818371295929,
          32.95868635177612,
          31.89820796251297,
          32.064005732536316,
          32.32363611459732,
          32.20248222351074,
          32.18991309404373,
          32.18503296375275
        ],
        "generated_token_count": 16,
        "generated_text_preview": " for Llama. This synthetic prompt is repeated to reach a target token count."
      },
      {
        "run_index": 4,
        "ttft_ms": 196.69032096862793,
        "tpot_ms": 32.62606163819631,
        "per_token_decode_ms": [
          36.20380163192749,
          33.05273503065109,
          32.35176205635071,
          32.21835941076279,
          32.22578763961792,
          32.23429620265961,
          32.47465938329697,
          32.24601596593857,
          32.042182981967926,
          32.359398901462555,
          32.701119780540466,
          32.30249881744385,
          32.22639113664627,
          32.24401921033859,
          32.507896423339844
        ],
        "generated_token_count": 16,
        "generated_text_preview": " for Llama. This synthetic prompt is repeated to reach a target token count."
      },
      {
        "run_index": 5,
        "ttft_ms": 166.48444533348083,
        "tpot_ms": 32.62935926516851,
        "per_token_decode_ms": [
          36.39008104801178,
          33.00180286169052,
          32.65445679426193,
          32.41238743066788,
          32.15664625167847,
          32.110005617141724,
          32.22554922103882,
          32.445259392261505,
          32.353512942790985,
          32.08757936954498,
          32.20200538635254,
          32.48026221990585,
          32.1417897939682,
          32.30408579111099,
          32.47496485710144
        ],
        "generated_token_count": 16,
        "generated_text_preview": " for Llama. This synthetic prompt is repeated to reach a target token count."
      }
    ]
  },
  "baseline_runs": [
    {
      "mode": "baseline-run",
      "model_id": "../Wparam_dataset/hf_model/meta-llama--Meta-Llama-3-8B",
      "dtype": "float16",
      "gpu_id": 0,
      "prompt_length": 512,
      "max_new_tokens": 16,
      "num_runs": 5,
      "baseline_vram_gb": 12.0,
      "baseline_runtime_reserve_gb": 1.5,
      "memory_fraction": 0.252440847016286,
      "bandwidth_gbps": 1000.0,
      "native_bandwidth_gbps": null,
      "ttft_ms": 980.6498929858208,
      "ttft_std_ms": 113.62725514766998,
      "tpot_ms": 704.9420544505119,
      "tpot_std_ms": 64.2924063869755,
      "per_token_decode_ms": [
        772.2610086202621,
        708.9335396885872,
        718.6373725533485,
        739.5359322428703,
        741.7786881327629,
        717.812380194664,
        696.8621641397476,
        813.3252263069153,
        565.4276326298714,
        788.3840888738632,
        639.863033592701,
        689.808252453804,
        635.238453745842,
        732.3650658130646,
        613.8979777693748
      ],
      "generated_text_preview": " for Llama. This synthetic prompt is repeated to reach a target token count.",
      "prompt_preview": "Latency benchmarking input for Llama. This synthetic prompt is repeated to reach a target token count. Latency benchmarking input for Llama. This synthetic prompt is repeated to reach a target token count. Latency benchmarking input for Llama. This synthetic prompt is repeated to reach a target token",
      "hooked_offloaded_modules": [
        "lm_head",
        "model.norm",
        "model.rotary_emb",
        "model.layers.21",
        "model.layers.22",
        "model.layers.23",
        "model.layers.24",
        "model.layers.25",
        "model.layers.26",
        "model.layers.27",
        "model.layers.28",
        "model.layers.29",
        "model.layers.30",
        "model.layers.31"
      ],
      "offloaded_parameter_gb": 5.447443962097168,
      "injected_sleep_ms": 93.58637465599973,
      "injected_sleep_std_ms": 0.0,
      "hook_call_count": 224.0,
      "hook_call_count_std": 0.0,
      "emulated_transfer_gb": 87.15910339355469,
      "emulated_transfer_std_gb": 0.0,
      "hf_device_map": {
        "model.embed_tokens": 0,