{
  "mode": "compare",
  "model_id": "../Wparam_dataset/hf_model/meta-llama--Meta-Llama-3-8B",
  "dtype": "float16",
  "gpu_id": 0,
  "prompt_length": 1024,
  "max_new_tokens": 16,
  "compressed_bitwidth_assumption": 4.0,
  "fullvram": {
    "mode": "fullvram-run",
    "model_id": "../Wparam_dataset/hf_model/meta-llama--Meta-Llama-3-8B",
    "dtype": "float16",
    "gpu_id": 0,
    "prompt_length": 1024,
    "max_new_tokens": 16,
    "ttft_ms": 167.58227348327637,
    "tpot_ms": 29.95206167300542,
    "per_token_decode_ms": [
      35.66163778305054,
      28.840281069278717,
      28.64474058151245,
      28.67981791496277,
      28.754211962223053,
      39.89101201295853,
      29.02901917695999,
      29.01376783847809,
      28.649866580963135,
      28.708167374134064,
      28.667494654655457,
      28.91000360250473,
      28.611555695533752,
      28.616473078727722,
      28.602875769138336
    ],
    "generated_text_preview": " prompt is repeated to reach a target token count. Latency benchmarking input",
    "prompt_preview": "Latency benchmarking input for Llama. This synthetic prompt is repeated to reach a target token count. Latency benchmarking input for Llama. This synthetic prompt is repeated to reach a target token count. Latency benchmarking input for Llama. This synthetic prompt is repeated to reach a target token",
    "analytical_decode": {
      "num_hidden_layers": 32,
      "decoder_layer_params_avg": 218112000.0,
      "decoder_layer_params_total": 6979584000,
      "total_model_params": 8030261248,
      "counted_decode_params": 6979584000,
      "decode_param_scope": "decoder_layers_only_excluding_embeddings_and_lm_head",
      "decode_ms_per_4096x4096": 1.17,
      "decode_overhead_scale": 1.0,
      "include_non_layer_params_in_decode": false,
      "per_forward_decode_overhead_ms": 486.73828124999994
    }
  },
  "baseline_runs": [
    {
      "mode": "baseline-run",
      "model_id": "../Wparam_dataset/hf_model/meta-llama--Meta-Llama-3-8B",
      "dtype": "float16",
      "gpu_id": 0,
      "prompt_length": 1024,
      "max_new_tokens": 16,
      "baseline_vram_gb": 16.0,
      "baseline_runtime_reserve_gb": 1.5,
      "memory_fraction": 0.3365877960217147,
      "bandwidth_gbps": 4.0,
      "native_bandwidth_gbps": null,
      "ttft_ms": 1175.4199415445328,
      "tpot_ms": 744.5184171199799,
      "per_token_decode_ms": [
        707.1461752057076,
        733.2534715533257,
        774.7098878026009,
        832.5656875967979,
        970.0834974646568,
        787.961333990097,
        813.3302330970764,
        768.5261517763138,
        787.7726852893829,
        675.7589057087898,
        658.475250005722,
        662.4789983034134,
        670.0924336910248,
        664.6886691451073,
        660.9328761696815
      ],
      "generated_text_preview": " prompt is repeated to reach a target token count. Latency benchmarking input",
      "prompt_preview": "Latency benchmarking input for Llama. This synthetic prompt is repeated to reach a target token count. Latency benchmarking input for Llama. This synthetic prompt is repeated to reach a target token count. Latency benchmarking input for Llama. This synthetic prompt is repeated to reach a target token",
      "hooked_offloaded_modules": [
        "lm_head",
        "model.norm",
        "model.rotary_emb",
        "model.layers.30",
        "model.layers.31"
      ],
      "offloaded_parameter_gb": 1.7910544872283936,
      "injected_sleep_ms": 7692.520447999996,
      "hook_call_count": 80,
      "emulated_transfer_gb": 28.656871795654297,
      "hf_device_map": {
        "model.embed_tokens": 0,
        "model.layers.0": 0,
        "model.layers.1": 0,
        "model.layers.2": 0,
        "model.layers.3": 0,
        "model.layers.4": 0,
        "model.layers.5": 0,
        "model.layers.6": 0,
        "model.layers.7": 0,
        "model.layers.8": 0,
        "model.layers.9": 0,
        "model.layers.10": 0,
        "model.layers.11": 0,
        "model.layers.12": 0,
        "model.layers.13": 0,
        "model.layers.14": 0,
        "model.layers.15": 0,
        "model.layers.16": 0,
        "model.layers.17": 0,
        "model.layers.18": 0,
        "model.layers.19": 0,
        "model.layers.20": 0,
        "model.layers.21": 0,
        "model.layers.22": 0,
        "model.layers.23": 0,
        "model.layers.24": 0,
        "model.layers.25": 0,
        "model.layers.26": 0,
        "model.layers.27": 0,
        "model.layers.28": 0,
        "model.layers.29": 0,
        "model.layers.30": "cpu",
        "model.layers.31": "cpu",
        "model.norm": "cpu",
        "model.rotary_emb": "cpu",
        "lm_head": "cpu"
      },
      "baseline_device_map_planning": {
        "planning_gpu_gb": "14.500",
        "runtime_gpu_gb": "16.000",
        "runtime_reserve_gb": "1.500"
      },
      "model_architectures": [
        "LlamaForCausalLM"
      ]
    },
    {
      "mode": "baseline-run",
      "model_id": "../Wparam_dataset/hf_model/meta-llama--Meta-Llama-3-8B",
      "dtype": "float16",
      "gpu_id": 0,
      "prompt_length": 1024,
      "max_new_tokens": 16,
      "baseline_vram_gb": 16.0,
      "baseline_runtime_reserve_gb": 1.5,
      "memory_fraction": 0.3365877960217147,
      "bandwidth_gbps": 8.0,
      "native_bandwidth_gbps": null,
      "ttft_ms": 754.1125044226646,
      "tpot_ms": 528.5791238149008,
      "per_token_decode_ms": [
        444.12168115377426,
        464.4707068800926,
        473.2425585389137,
        469.1314697265625,
        515.4641345143318,
        436.3825395703316,
        507.5358599424362,
        478.41256856918335,
        479.5942157506943,
        550.6578162312508,
        627.6741400361061,
        645.4710215330124,
        776.6984477639198,
        548.8732233643532,
        510.9564736485481
      ],
      "generated_text_preview": " prompt is repeated to reach a target token count. Latency benchmarking input",
      "prompt_preview": "Latency benchmarking input for Llama. This synthetic prompt is repeated to reach a target token count. Latency benchmarking input for Llama. This synthetic prompt is repeated to reach a target token count. Latency benchmarking input for Llama. This synthetic prompt is repeated to reach a target token",
      "hooked_offloaded_modules": [
        "lm_head",
        "model.norm",
        "model.rotary_emb",
        "model.layers.30",
        "model.layers.31"
      ],
      "offloaded_parameter_gb": 1.7910544872283936,
      "injected_sleep_ms": 3846.260223999998,
      "hook_call_count": 80,
      "emulated_transfer_gb": 28.656871795654297,
      "hf_device_map": {
        "model.embed_tokens": 0,
        "model.layers.0": 0,
        "model.layers.1": 0,
        "model.layers.2": 0,
        "model.layers.3": 0,
        "model.layers.4": 0,
        "model.layers.5": 0,
        "model.layers.6": 0,
        "model.layers.7": 0,
        "model.layers.8": 0,
        "model.layers.9": 0,
        "model.layers.10": 0,
        "model.layers.11": 0,
        "model.layers.12": 0,
        "model.layers.13": 0,
        "model.layers.14": 0,
        "model.layers.15": 0,
        "model.layers.16": 0,
        "model.layers.17": 0,
        "model.layers.18": 0,
        "model.layers.19": 0,
        "model.layers.20": 0,
        "model.layers.21": 0,
        "model.layers.22": 0,
        "model.layers.23": 0,
        "model.layers.24": 0,
        "model.layers.25": 0,
        "model.layers.26": 0,
        "model.layers.27": 0,
        "model.layers.28": 0,
        "model.layers.29": 0,
        "model.layers.30": "cpu",
        "model.layers.31": "cpu",
        "model.norm": "cpu",
        "model.rotary_emb": "cpu",
        "lm_head": "cpu"
      },
      "baseline_device_map_planning": {
        "planning_gpu_gb": "14.500",
        "runtime_gpu_gb": "16.000",
        "runtime_reserve_gb": "1.500"
      },