{
  "mode": "compare",
  "model_id": "../Wparam_dataset/hf_model/meta-llama--Meta-Llama-3-8B",
  "dtype": "float16",
  "gpu_id": 0,
  "prompt_length": 128,
  "max_new_tokens": 16,
  "num_runs": 5,
  "compressed_bitwidth_assumption": 4.0,
  "fullvram": {
    "mode": "fullvram-run",
    "model_id": "../Wparam_dataset/hf_model/meta-llama--Meta-Llama-3-8B",
    "dtype": "float16",
    "gpu_id": 0,
    "prompt_length": 128,
    "max_new_tokens": 16,
    "num_runs": 5,
    "ttft_ms": 77.40356177091599,
    "ttft_std_ms": 41.20969011226902,
    "tpot_ms": 32.15499381224315,
    "tpot_std_ms": 0.7668293787756881,
    "per_token_decode_ms": [
      60.95757931470871,
      29.41700965166092,
      29.425984621047974,
      29.93052750825882,
      30.290240049362183,
      29.99228686094284,
      30.055290460586548,
      30.09341210126877,
      30.21935522556305,
      30.82040697336197,
      30.222444236278534,
      29.969805479049683,
      30.69092184305191,
      29.908201098442078,
      30.33144176006317
    ],
    "generated_text_preview": " target token count.  Latency benchmarking input for Llama. This synthetic",
    "prompt_preview": "Latency benchmarking input for Llama. This synthetic prompt is repeated to reach a target token count. Latency benchmarking input for Llama. This synthetic prompt is repeated to reach a target token count. Latency benchmarking input for Llama. This synthetic prompt is repeated to reach a target token",
    "analytical_decode": {
      "num_hidden_layers": 32,
      "decoder_layer_params_avg": 218112000.0,
      "decoder_layer_params_total": 6979584000,
      "total_model_params": 8030261248,
      "counted_decode_params": 6979584000,
      "decode_param_scope": "decoder_layers_only_excluding_embeddings_and_lm_head",
      "decode_ms_per_4096x4096": 1.25,
      "decode_overhead_scale": 1.0,
      "include_non_layer_params_in_decode": false,
      "per_forward_decode_overhead_ms": 520.01953125
    },
    "runs": [
      {
        "run_index": 1,
        "ttft_ms": 83.11460167169571,
        "tpot_ms": 32.21901059150696,
        "per_token_decode_ms": [
          62.4641478061676,
          30.755646526813507,
          29.87588942050934,
          30.0547257065773,
          29.339805245399475,
          29.561661183834076,
          29.95855361223221,
          29.948823153972626,
          30.146338045597076,
          31.485870480537415,
          29.53615039587021,
          29.61810678243637,
          30.148573219776154,
          30.00040352344513,
          30.390463769435883
        ],
        "generated_token_count": 16,
        "generated_text_preview": " target token count.  Latency benchmarking input for Llama. This synthetic"
      },
      {
        "run_index": 2,
        "ttft_ms": 44.20872777700424,
        "tpot_ms": 31.458033621311188,
        "per_token_decode_ms": [
          46.93799465894699,
          30.81892430782318,
          30.41185438632965,
          30.18493950366974,
          30.19300103187561,
          30.08032590150833,
          30.273914337158203,
          30.41938692331314,
          30.138887465000153,
          30.886732041835785,
          30.040226876735687,
          30.311092734336853,
          30.40887415409088,
          30.168883502483368,
          30.59546649456024
        ],
        "generated_token_count": 16,
        "generated_text_preview": " target token count.  Latency benchmarking input for Llama. This synthetic"
      },
      {
        "run_index": 3,
        "ttft_ms": 58.06876718997955,
        "tpot_ms": 31.877805789311726,
        "per_token_decode_ms": [
          56.35368824005127,
          28.547003865242004,
          29.02274578809738,
          29.950417578220367,
          31.449049711227417,
          29.864445328712463,
          29.749669134616852,
          30.30727058649063,
          30.68186342716217,
          30.80156445503235,
          31.029023230075836,
          29.733136296272278,
          30.01169115304947,
          30.24229407310486,
          30.423223972320557
        ],
        "generated_token_count": 16,
        "generated_text_preview": " target token count.  Latency benchmarking input for Llama. This synthetic"
      },
      {
        "run_index": 4,
        "ttft_ms": 46.55949026346207,
        "tpot_ms": 33.599827686945595,
        "per_token_decode_ms": [
          82.59936422109604,
          29.465816915035248,
          28.554923832416534,
          29.88293021917343,
          29.851049184799194,
          29.918856918811798,
          30.04574030637741,
          29.91364151239395,
          30.136622488498688,
          30.960403382778168,
          30.248157680034637,
          30.31839430332184,
          32.83374011516571,
          29.13239598274231,
          30.135378241539
        ],
        "generated_token_count": 16,
        "generated_text_preview": " target token count.  Latency benchmarking input for Llama. This synthetic"
      },
      {
        "run_index": 5,
        "ttft_ms": 155.06622195243835,
        "tpot_ms": 31.620291372140247,
        "per_token_decode_ms": [
          56.43270164728165,
          27.497656643390656,
          29.264509677886963,
          29.57962453365326,
          30.618295073509216,
          30.536144971847534,
          30.248574912548065,
          29.877938330173492,
          29.99306470155716,
          29.96746450662613,
          30.2586629986763,
          29.868297278881073,
          30.051730573177338,
          29.997028410434723,
          30.112676322460175
        ],
        "generated_token_count": 16,
        "generated_text_preview": " target token count.  Latency benchmarking input for Llama. This synthetic"
      }
    ]
  },
  "baseline_runs": [
    {
      "mode": "baseline-run",
      "model_id": "../Wparam_dataset/hf_model/meta-llama--Meta-Llama-3-8B",
      "dtype": "float16",
      "gpu_id": 0,
      "prompt_length": 128,
      "max_new_tokens": 16,
      "num_runs": 5,
      "baseline_vram_gb": 12.0,
      "baseline_runtime_reserve_gb": 1.5,
      "memory_fraction": 0.252440847016286,
      "bandwidth_gbps": 1000.0,
      "native_bandwidth_gbps": null,
      "ttft_ms": 1196.9935446977615,
      "ttft_std_ms": 252.525246300919,
      "tpot_ms": 952.6101011037827,
      "tpot_std_ms": 91.77472543638955,
      "per_token_decode_ms": [
        1028.8004130125046,
        1082.6162055134773,
        1035.069528222084,
        1055.9782922267914,
        912.2488856315613,
        873.8715812563896,
        964.3608897924423,
        902.3101553320885,
        831.302173435688,
        867.8122088313103,
        934.3995407223701,
        888.1093755364418,
        919.5196732878685,
        1000.6623312830925,
        992.0902624726295
      ],
      "generated_text_preview": " target token count.  Latency benchmarking input for Llama. This synthetic",
      "prompt_preview": "Latency benchmarking input for Llama. This synthetic prompt is repeated to reach a target token count. Latency benchmarking input for Llama. This synthetic prompt is repeated to reach a target token count. Latency benchmarking input for Llama. This synthetic prompt is repeated to reach a target token",
      "hooked_offloaded_modules": [
        "lm_head",
        "model.norm",
        "model.rotary_emb",
        "model.layers.21",
        "model.layers.22",
        "model.layers.23",
        "model.layers.24",
        "model.layers.25",
        "model.layers.26",
        "model.layers.27",
        "model.layers.28",
        "model.layers.29",
        "model.layers.30",
        "model.layers.31"
      ],
      "offloaded_parameter_gb": 5.447443962097168,
      "injected_sleep_ms": 93.58637465599973,
      "injected_sleep_std_ms": 0.0,
      "hook_call_count": 224.0,
      "hook_call_count_std": 0.0,
      "emulated_transfer_gb": 87.15910339355469,
      "emulated_transfer_std_gb": 0.0,
      "hf_device_map": {
        "model.embed_tokens": 0,