{
  "wikitext2": 15.513915061950684,
  "c4": 18.392675399780273
}