{
  "wikitext2": 11.106709480285645,
  "c4": 14.623266220092773
}