{
  "wikitext2": 11.1015625,
  "c4": 14.60366153717041
}