{
  "compressed_layers": 21,
  "compressed_params": 11678912,
  "fp32_bits": 373725184.0,
  "use_codes": false,
  "metadata_bits": 63296.0,
  "estimated_bits": 74196339.16015625,
  "actual_bits": null,
  "estimated_bits_per_param": 6.353018085944671,
  "actual_bits_per_param": null,
  "estimated_compression_ratio": 5.036976058795796,
  "actual_compression_ratio": null,
  "weighted_mse": 2.552338426805069e-07,
  "eval_before": {
    "top1": 69.764,
    "top5": 89.07,
    "num_samples": 50000.0
  },
  "eval_after": {
    "top1": 69.626,
    "top5": 88.978,
    "num_samples": 50000.0
  }
}