{
  "wikitext2": 9.330430030822754,
  "c4": 12.764946937561035
}