{
  "wikitext2": 6.992838382720947,
  "c4": 10.025390625
}