{
  "wikitext2": 6.433553218841553,
  "c4": 9.237207412719727
}