{
  "wikitext2": 37.72747039794922,
  "c4": 104.75684356689453
}