{
  "results": {
    "arc_easy": {
      "acc": 0.3531144781144781,
      "acc_stderr": 0.009807078935467606,
      "acc_norm": 0.3265993265993266,
      "acc_norm_stderr": 0.00962304703826764
    },
    "boolq": {
      "acc": 0.5107033639143731,
      "acc_stderr": 0.008743051044836895
    },
    "arc_challenge": {
      "acc": 0.2158703071672355,
      "acc_stderr": 0.012022975360030675,
      "acc_norm": 0.26109215017064846,
      "acc_norm_stderr": 0.012835523909473855
    },
    "winogrande": {
      "acc": 0.5153906866614049,
      "acc_stderr": 0.01404582678978367
    },
    "piqa": {
      "acc": 0.5750816104461371,
      "acc_stderr": 0.011533547946654767,
      "acc_norm": 0.5729053318824809,
      "acc_norm_stderr": 0.011541145832753235
    },
    "hellaswag": {
      "acc": 0.2940649273053177,
      "acc_stderr": 0.004546901132945142,
      "acc_norm": 0.3174666401115316,
      "acc_norm_stderr": 0.004645393477680681
    }
  },
  "versions": {
    "arc_easy": 0,
    "boolq": 1,
    "arc_challenge": 0,
    "winogrande": 0,
    "piqa": 0,
    "hellaswag": 0
  },
  "config": {
    "model": 