{
  "results": {
    "arc_easy": {
      "acc": 0.625,
      "acc_stderr": 0.009933992677987828,
      "acc_norm": 0.49663299663299665,
      "acc_norm_stderr": 0.010259550893798932
    },
    "arc_challenge": {
      "acc": 0.3532423208191126,
      "acc_stderr": 0.013967822714840055,
      "acc_norm": 0.3626279863481229,
      "acc_norm_stderr": 0.01404910656495501
    },
    "boolq": {
      "acc": 0.6574923547400612,
      "acc_stderr": 0.008299903219506759
    },
    "piqa": {
      "acc": 0.735582154515778,
      "acc_stderr": 0.010289787244767168,
      "acc_norm": 0.7399347116430903,
      "acc_norm_stderr": 0.010234893249061293
    },
    "winogrande": {
      "acc": 0.6369376479873717,
      "acc_stderr": 0.013515191866479221
    },
    "hellaswag": {
      "acc": 0.5209121688906593,
      "acc_stderr": 0.004985415250690904,
      "acc_norm": 0.6761601274646485,
      "acc_norm_stderr": 0.004669834130977057
    }
  },
  "versions": {
    "arc_easy": 0,
    "arc_challenge": 0,
    "boolq": 1,
    "piqa": 0,
    "winogrande": 0,
    "hellaswag": 0
  },
  "config": {
    "model": 