{
  "wikitext2": 6.574862957000732,
  "c4": 8.541238784790039
}