{
  "results": {
    "piqa": {
      "acc": 0.7704026115342764,
      "acc_stderr": 0.009812682950815178,
      "acc_norm": 0.7758433079434167,
      "acc_norm_stderr": 0.009729897956410057
    },
    "hellaswag": {
      "acc": 0.5534754033061143,
      "acc_stderr": 0.0049611615892284095,
      "acc_norm": 0.7123083051185023,
      "acc_norm_stderr": 0.004517614647703245
    },
    "winogrande": {
      "acc": 0.67008681925809,
      "acc_stderr": 0.013214432542517543
    },
    "arc_easy": {
      "acc": 0.678030303030303,
      "acc_stderr": 0.009587386696300385,
      "acc_norm": 0.5370370370370371,
      "acc_norm_stderr": 0.010231597249131062
    },
    "boolq": {
      "acc": 0.6896024464831805,
      "acc_stderr": 0.00809191069822925
    },
    "arc_challenge": {
      "acc": 0.378839590443686,
      "acc_stderr": 0.01417591549000032,
      "acc_norm": 0.39078498293515357,
      "acc_norm_stderr": 0.014258563880513778
    }
  },
  "versions": {
    "piqa": 0,
    "hellaswag": 0,
    "winogrande": 0,
    "arc_easy": 0,
    "boolq": 1,
    "arc_challenge": 0
  },
  "config": {
    "model": 