{
  "wikitext2": 5.7438812255859375,
  "c4": 7.358278751373291
}