{
  "wikitext2": 8.707367897033691,
  "c4": 12.154271125793457
}