{
  "compressed_layers": 21,
  "compressed_params": 11678912,
  "fp32_bits": 373725184.0,
  "use_codes": false,
  "metadata_bits": 63296.0,
  "estimated_bits": 62882567.0703125,
  "actual_bits": null,
  "estimated_bits_per_param": 5.384282976899946,
  "actual_bits_per_param": null,
  "estimated_compression_ratio": 5.9432240350829995,
  "actual_compression_ratio": null,
  "weighted_mse": 2.3671772872519485e-06,
  "eval_before": {
    "top1": 69.764,
    "top5": 89.07,
    "num_samples": 50000.0
  },
  "eval_after": {
    "top1": 68.878,
    "top5": 88.554,
    "num_samples": 50000.0
  }
}