{
    "ppl": {
        "wikitext2": 124196.2265625,
        "c4": 96497.46875
    }
}