{
    "ppl": {
        "wikitext2": 5.321292877197266,
        "c4": 6.950444221496582
    }
}