{
    "ppl": {
        "wikitext2": 4.9757466316223145,
        "c4": 6.557677745819092
    }
}