{
    "ppl": {
        "wikitext2": 4.910181999206543,
        "c4": 6.489396572113037
    }
}