{
    "ppl": {
        "wikitext2": 4.889833450317383,
        "c4": 6.472911357879639
    }
}