{
    "ppl": {
        "wikitext2": 4.885225296020508,
        "c4": 6.468842029571533
    }
}