{
    "ppl": {
        "wikitext2": 4.884011268615723,
        "c4": 6.468070983886719
    }
}