{
  "results": {
    "arc_challenge": {
      "acc": 0.378839590443686,
      "acc_stderr": 0.014175915490000322,
      "acc_norm": 0.4069965870307167,
      "acc_norm_stderr": 0.014356399418009128
    },
    "arc_easy": {
      "acc": 0.7159090909090909,
      "acc_stderr": 0.009253921261885768,
      "acc_norm": 0.678030303030303,
      "acc_norm_stderr": 0.009587386696300375
    },
    "boolq": {
      "acc": 0.7862385321100918,
      "acc_stderr": 0.007170251899911528
    },
    "piqa": {
      "acc": 0.7421109902067464,
      "acc_stderr": 0.010206956662056253,
      "acc_norm": 0.7388465723612623,
      "acc_norm_stderr": 0.010248738649935587
    },
    "winogrande": {
      "acc": 0.675611681136543,
      "acc_stderr": 0.01315722572664164
    }
  },
  "versions": {
    "arc_challenge": 0,
    "arc_easy": 0,
    "boolq": 1,
    "piqa": 0,
    "winogrande": 0
  },
  "config": {
    "model": "./hf/3_8b_2bit",
    "model_args": null,
    "num_fewshot": 0,
    "batch_size": 4,
    "device": null,
    "no_cache": true,
    "limit": null,
    "bootstrap_iters": 100000,
    "description_dict": null
  }
}