{
  "wikitext2": 9.312065124511719,
  "c4": 12.773486137390137
}