{
  "results": {
    "arc_challenge": {
      "acc": 0.4718430034129693,
      "acc_stderr": 0.014588204105102203,
      "acc_norm": 0.5110921501706485,
      "acc_norm_stderr": 0.014607794914013057
    },
    "arc_easy": {
      "acc": 0.7866161616161617,
      "acc_stderr": 0.00840679364124598,
      "acc_norm": 0.7752525252525253,
      "acc_norm_stderr": 0.008565193882762157
    },
    "boolq": {
      "acc": 0.7975535168195719,
      "acc_stderr": 0.007027932397259828
    },
    "piqa": {
      "acc": 0.7823721436343852,
      "acc_stderr": 0.009627407474840876,
      "acc_norm": 0.7916213275299239,
      "acc_norm_stderr": 0.00947612538304946
    },
    "winogrande": {
      "acc": 0.7245461720599842,
      "acc_stderr": 0.012555690055709536
    }
  },
  "versions": {
    "arc_challenge": 0,
    "arc_easy": 0,
    "boolq": 1,
    "piqa": 0,
    "winogrande": 0
  },
  "config": {
    "model": "./hf/3_8b_3bit",
    "model_args": null,
    "num_fewshot": 0,
    "batch_size": 4,
    "device": null,
    "no_cache": true,
    "limit": null,
    "bootstrap_iters": 100000,
    "description_dict": null
  }
}