{
  "wikitext2": 6.423613548278809,
  "c4": 9.242640495300293
}