{
  "results": {
    "arc_challenge": {
      "acc": 0.49146757679180886,
      "acc_stderr": 0.014609263165632182,
      "acc_norm": 0.5102389078498294,
      "acc_norm_stderr": 0.014608326906285019
    },
    "arc_easy": {
      "acc": 0.7794612794612794,
      "acc_stderr": 0.008507616235669013,
      "acc_norm": 0.7676767676767676,
      "acc_norm_stderr": 0.00866570124829379
    },
    "boolq": {
      "acc": 0.8113149847094802,
      "acc_stderr": 0.006843148965382366
    },
    "piqa": {
      "acc": 0.7872687704026116,
      "acc_stderr": 0.009548223123047343,
      "acc_norm": 0.7992383025027203,
      "acc_norm_stderr": 0.009345961674823405
    },
    "winogrande": {
      "acc": 0.7371744277821626,
      "acc_stderr": 0.012370922527262008
    }
  },
  "versions": {
    "arc_challenge": 0,
    "arc_easy": 0,
    "boolq": 1,
    "piqa": 0,
    "winogrande": 0
  },
  "config": {
    "model": "./hf/3_8b_4bit",
    "model_args": null,
    "num_fewshot": 0,
    "batch_size": 4,
    "device": null,
    "no_cache": true,
    "limit": null,
    "bootstrap_iters": 100000,
    "description_dict": null
  }
}