{
  "wikitext2": 9.748855590820312,
  "c4": 13.470190048217773
}