{
  "0_q.pt": {
    "mse": 0.0007037793984636664,
    "num_pixels": 16777216
  },
  "0_k.pt": {
    "mse": 0.0014853912871330976,
    "num_pixels": 4194304
  },
  "0_v.pt": {
    "mse": 9.478025458520278e-05,
    "num_pixels": 4194304
  },
  "0_o.pt": {
    "mse": 0.00012325802526902407,
    "num_pixels": 16777216
  },
  "0_up.pt": {
    "mse": 0.000246262876316905,
    "num_pixels": 58720256
  },
  "0_gate.pt": {
    "mse": 0.0002993341477122158,
    "num_pixels": 58720256
  },
  "0_down.pt": {
    "mse": 0.0002450578031130135,
    "num_pixels": 58720256
  },
  "1_q.pt": {
    "mse": 0.0007558633806183934,
    "num_pixels": 16777216
  },
  "1_k.pt": {
    "mse": 0.001544532016851008,
    "num_pixels": 4194304
  },
  "1_v.pt": {
    "mse": 0.0001344589691143483,
    "num_pixels": 4194304
  },
  "1_o.pt": {
    "mse": 0.00015924862236715853,
    "num_pixels": 16777216
  },
  "1_up.pt": {
    "mse": 0.0002537212858442217,
    "num_pixels": 58720256
  },
  "1_gate.pt": {
    "mse": 0.00030654025613330305,
    "num_pixels": 58720256
  },
  "1_down.pt": {
    "mse": 0.00025197776267305017,
    "num_pixels": 58720256
  },
  "2_q.pt": {
    "mse": 0.0006834976375102997,
    "num_pixels": 16777216
  },
  "2_k.pt": {
    "mse": 0.001612414256669581,
    "num_pixels": 4194304
  },
  "2_v.pt": {
    "mse": 9.49441091506742e-05,
    "num_pixels": 4194304
  },
  "2_o.pt": {
    "mse": 0.000134868489112705,
    "num_pixels": 16777216
  },
  "2_up.pt": {
    "mse": 0.0002512329665478319,
    "num_pixels": 58720256
  },
  "2_gate.pt": {
    "mse": 0.0003243823302909732,
    "num_pixels": 58720256
  },
  "2_down.pt": {
    "mse": 0.000252902798820287,
    "num_pixels": 58720256
  },
  "3_q.pt": {
    "mse": 0.0006900086300447583,
    "num_pixels": 16777216
  },
  "3_k.pt": {
    "mse": 0.0016092406585812569,
    "num_pixels": 4194304
  },
  "3_v.pt": {
    "mse": 0.00013392978871706873,
    "num_pixels": 4194304
  },
  "3_o.pt": {
    "mse": 0.0001762350439094007,
    "num_pixels": 16777216
  },
  "3_up.pt": {
    "mse": 0.0002420081727905199,
    "num_pixels": 58720256
  },
  "3_gate.pt": {
    "mse": 0.00036551099037751555,
    "num_pixels": 58720256
  },
  "3_down.pt": {
    "mse": 0.00024110806407406926,
    "num_pixels": 58720256
  },
  "4_q.pt": {
    "mse": 0.0006727294530719519,
    "num_pixels": 16777216
  },
  "4_k.pt": {
    "mse": 0.0015552106779068708,
    "num_pixels": 4194304
  },
  "4_v.pt": {
    "mse": 0.00015576773148495704,
    "num_pixels": 4194304
  },
  "4_o.pt": {
    "mse": 0.00018438388360664248,
    "num_pixels": 16777216
  },
  "4_up.pt": {
    "mse": 0.00022986403200775385,
    "num_pixels": 58720256
  },
  "4_gate.pt": {
    "mse": 0.0004074962926097214,
    "num_pixels": 58720256
  },
  "4_down.pt": {
    "mse": 0.00022906862432137132,
    "num_pixels": 58720256
  },
  "5_q.pt": {
    "mse": 0.0006647121626883745,
    "num_pixels": 16777216
  },
  "5_k.pt": {
    "mse": 0.001569987740367651,
    "num_pixels": 4194304
  },
  "5_v.pt": {
    "mse": 0.00010695903620216995,
    "num_pixels": 4194304
  },
  "5_o.pt": {
    "mse": 0.000157846967340447,
    "num_pixels": 16777216
  },
  "5_up.pt": {
    "mse": 0.00023251889797393233,
    "num_pixels": 58720256
  },
  "5_gate.pt": {
    "mse": 0.00040699716191738844,
    "num_pixels": 58720256
  },
  "5_down.pt": {
    "mse": 0.000231119804084301,
    "num_pixels": 58720256
  },
  "6_q.pt": {
    "mse": 0.0006915226695127785,
    "num_pixels": 16777216
  },
  "6_k.pt": {
    "mse": 0.0015650661662220955,
    "num_pixels": 4194304
  },
  "6_v.pt": {
    "mse": 0.00012689497089013457,
    "num_pixels": 4194304
  },
  "6_o.pt": {
    "mse": 0.0001718925777822733,
    "num_pixels": 16777216
  },
  "6_up.pt": {
    "mse": 0.00023245680495165288,
    "num_pixels": 58720256
  },
  "6_gate.pt": {
    "mse": 0.0004114462644793093,
    "num_pixels": 58720256
  },
  "6_down.pt": {
    "mse": 0.0002309042465640232,
    "num_pixels": 58720256
  },
  "7_q.pt": {
    "mse": 0.0006355393561534584,
    "num_pixels": 16777216
  },
  "7_k.pt": {
    "mse": 0.0015940731391310692,
    "num_pixels": 4194304
  },
  "7_v.pt": {
    "mse": 0.0001249410561285913,
    "num_pixels": 4194304
  },
  "7_o.pt": {
    "mse": 0.00017771233979146928,
    "num_pixels": 16777216
  },
  "7_up.pt": {
    "mse": 0.00023890149896033108,
    "num_pixels": 58720256
  },
  "7_gate.pt": {
    "mse": 0.00039647825178690255,
    "num_pixels": 58720256
  },
  "7_down.pt": {
    "mse": 0.0002374986361246556,
    "num_pixels": 58720256
  },
  "8_q.pt": {
    "mse": 0.0006402094732038677,
    "num_pixels": 16777216
  },
  "8_k.pt": {
    "mse": 0.0015680284705013037,
    "num_pixels": 4194304
  },
  "8_v.pt": {
    "mse": 0.00013783498434349895,
    "num_pixels": 4194304
  },
  "8_o.pt": {
    "mse": 0.00018477154662832618,
    "num_pixels": 16777216
  },
  "8_up.pt": {
    "mse": 0.00023678428260609508,
    "num_pixels": 58720256
  },
  "8_gate.pt": {
    "mse": 0.00040016681305132806,
    "num_pixels": 58720256
  },
  "8_down.pt": {
    "mse": 0.00023609318304806948,
    "num_pixels": 58720256
  },
  "9_q.pt": {
    "mse": 0.0006404652376659214,
    "num_pixels": 16777216
  },
  "9_k.pt": {
    "mse": 0.001564519014209509,
    "num_pixels": 4194304
  },
  "9_v.pt": {
    "mse": 0.00018613468273542821,
    "num_pixels": 4194304
  },
  "9_o.pt": {
    "mse": 0.00021173186542000622,
    "num_pixels": 16777216
  },
  "9_up.pt": {
    "mse": 0.0002411033638054505,
    "num_pixels": 58720256
  },
  "9_gate.pt": {
    "mse": 0.0004101264348719269,
    "num_pixels": 58720256
  },
  "9_down.pt": {
    "mse": 0.00023755410802550614,
    "num_pixels": 58720256
  },
  "10_q.pt": {
    "mse": 0.0006650112336501479,
    "num_pixels": 16777216
  },
  "10_k.pt": {
    "mse": 0.0015977532602846622,
    "num_pixels": 4194304
  },
  "10_v.pt": {
    "mse": 0.00013403594493865967,
    "num_pixels": 4194304
  },
  "10_o.pt": {
    "mse": 0.0001805039937607944,
    "num_pixels": 16777216
  },
  "10_up.pt": {
    "mse": 0.00024876921088434756,
    "num_pixels": 58720256
  },
  "10_gate.pt": {
    "mse": 0.0003905851917807013,
    "num_pixels": 58720256
  },
  "10_down.pt": {
    "mse": 0.0002444363199174404,
    "num_pixels": 58720256
  },
  "11_q.pt": {
    "mse": 0.0005969519843347371,
    "num_pixels": 16777216
  },
  "11_k.pt": {
    "mse": 0.0015545586356893182,
    "num_pixels": 4194304
  },
  "11_v.pt": {
    "mse": 0.00013123419194016606,
    "num_pixels": 4194304
  },
  "11_o.pt": {
    "mse": 0.00018842981080524623,
    "num_pixels": 16777216
  },
  "11_up.pt": {
    "mse": 0.00025220171664841473,
    "num_pixels": 58720256
  },
  "11_gate.pt": {
    "mse": 0.0003809410845860839,
    "num_pixels": 58720256
  },
  "11_down.pt": {
    "mse": 0.0002482722920831293,
    "num_pixels": 58720256
  },
  "12_q.pt": {
    "mse": 0.0006128406384959817,
    "num_pixels": 16777216
  },
  "12_k.pt": {
    "mse": 0.0014820670476183295,
    "num_pixels": 4194304
  },
  "12_v.pt": {
    "mse": 0.00018308550352230668,
    "num_pixels": 4194304
  },
  "12_o.pt": {
    "mse": 0.00021021557040512562,
    "num_pixels": 16777216
  },
  "12_up.pt": {
    "mse": 0.0002621874155011028,
    "num_pixels": 58720256
  },
  "12_gate.pt": {
    "mse": 0.00037210967275314033,
    "num_pixels": 58720256
  },
  "12_down.pt": {
    "mse": 0.00025583180831745267,
    "num_pixels": 58720256
  },
  "13_q.pt": {
    "mse": 0.0006262761307880282,
    "num_pixels": 16777216
  },
  "13_k.pt": {
    "mse": 0.001592085463926196,
    "num_pixels": 4194304
  },
  "13_v.pt": {
    "mse": 0.00015627166430931538,
    "num_pixels": 4194304
  },
  "13_o.pt": {
    "mse": 0.00020069371385034174,
    "num_pixels": 16777216
  },
  "13_up.pt": {
    "mse": 0.00026372316642664373,
    "num_pixels": 58720256
  },
  "13_gate.pt": {
    "mse": 0.0003736730432137847,
    "num_pixels": 58720256
  },
  "13_down.pt": {
    "mse": 0.0002557403058744967,
    "num_pixels": 58720256
  },