{
  "wikitext2": 6.842094421386719,
  "c4": 9.781293869018555
}