{
  "wikitext2": 6.342646598815918,
  "c4": 9.129767417907715
}