{
  "wikitext2": 6.255393981933594,
  "c4": 9.013614654541016
}