{
  "wikitext2": 6.257473945617676,
  "c4": 9.016529083251953
}