{
    "ppl": {
        "wikitext2": 6627.13134765625,
        "c4": 10250.9189453125
    }
}