{
    "ppl": {
        "wikitext2": 5.7834930419921875,
        "c4": 7.328714847564697
    }
}