{
    "ppl": {
        "wikitext2": 5.5624918937683105,
        "c4": 7.079892158508301
    }
}