{
    "ppl": {
        "wikitext2": 5.4891743659973145,
        "c4": 6.991220951080322
    }
}