{
    "ppl": {
        "wikitext2": 5.472875595092773,
        "c4": 6.972910404205322
    }
}