{
  "wikitext2": 3.8850903511047363,
  "c4": 6.902494430541992
}