{
    "t=1": {
        "mses": [
            0.22490202079899388,
            0.22490202079899388,
            0.22490202079899388,
            0.22487948202634653,
            0.22474795673226056,
            0.22451838908269234,
            0.22428754311806914,
            0.22398309085677384,
            0.2230206498458956
        ],
        "mse_from_npy": [
            0.568499419651635,
            0.568499419651635,
            0.568499419651635,
            0.5684727712460823,
            0.5683208469237314,
            0.5680634798746518,
            0.5678084347319102,
            0.5674758916454965,
            0.5663981877163196
        ],
        "bpps": [
            1.1247594356536865,
            1.1247594356536865,
            1.1247594356536865,
            1.1250180176326208,
            1.126640796661377,
            1.1294234480176653,
            1.1322709492274694,
            1.1357764857155936,
            1.1430256026131767
        ]
    },
    "t=1.2": {
        "mses": [
            0.30956078416965715,
            0.30956078416965715,
            0.309504613057787,
            0.30926751811094916,
            0.30901354034936207,
            0.30848860544095846,
            0.30713884107125955,
            0.30514857604969947,
            0.29885799051770895
        ],
        "mse_from_npy": [
            0.5908563800425534,
            0.5908563800425534,
            0.5907953633301575,
            0.5905369355341489,
            0.590266210740936,
            0.5897050861578946,
            0.5882566694261084,
            0.5860746609829809,
            0.5791072098509393
        ],
        "bpps": [
            0.9753832817077637,
            0.9753832817077637,
            0.9760451316833496,
            0.9789885452815464,
            0.9821950026920864,
            0.9869371482304165,
            0.9969780104500907,
            1.010126965386527,
            1.043142897742135
        ]
    },
    "t=1.5": {
        "mses": [
            0.4333576013959685,
            0.4333576013959685,
            0.4330512232702338,
            0.43202751031172376,
            0.42958247762240664,
            0.4227711490558157,
            0.4177348281143887,
            0.4104707596634216,
            0.40229245894726307
        ],
        "mse_from_npy": [
            0.6435343818274606,
            0.6435343818274606,
            0.6432159378638206,
            0.6421675062831602,
            0.6395684286432641,
            0.6323541779352468,
            0.627068920247449,
            0.6195064799015031,
            0.6107018821174658
        ],
        "bpps": [
            0.7613543442317418,
            0.7613543442317418,
            0.7649447577340263,
            0.7736443792070661,
            0.7890478202274868,
            0.8256767477308001,
            0.8565266472952706,
            0.8999695777893066,
            0.9431204795837402
        ]
    },
    "t=2": {
        "mses": [
            0.611366025387871,
            0.611366025387871,
            0.6050477359552643,
            0.5999568992768612,
            0.5904383498658854,
            0.5816535526233639,
            0.5708869436875487,
            0.5537620726501825,
            0.5309975347769834
        ],
        "mse_from_npy": [
            0.7446992868656119,
            0.7446992868656119,
            0.7382661617749846,
            0.733089048247869,
            0.7233794089929888,
            0.7143166528513546,
            0.7029651616075089,
            0.6844995148449498,
            0.6594455178339133
        ],
        "bpps": [
            0.4968411922454834,
            0.4968411922454834,
            0.5339751243591309,
            0.5669176237923759,
            0.6181325571877616,
            0.6646899836403983,
            0.7167368956974575,
            0.7806798389979771,
            0.8560740266527448
        ]
    },
    "t=2.5": {
        "mses": [
            0.7460340017638339,
            0.7460340017638339,
            0.7362942004046578,
            0.7270974353359259,
            0.7125999059983897,
            0.6889592398773648,
            0.6606311995211478,
            0.6319540483227618,
            0.6047586817819595
        ],
        "mse_from_npy": [
            0.8327299228187511,
            0.8327299228187511,
            0.822962886575019,
            0.8136543516126583,
            0.798602299326906,
            0.7735926395642987,
            0.7433620087316809,
            0.7129365683443452,
            0.6839223572714407
        ],
        "bpps": [
            0.3445711135864258,
            0.3445711135864258,
            0.39754830087934223,
            0.44514734404427664,
            0.5049412591116769,
            0.5764940466199603,
            0.658914497920445,
            0.7479877471923828,
            0.8365750653403146
        ]
    },
    "t=3": {
        "mses": [
            0.8403157971561578,
            0.8403157971561578,
            0.8282347198301708,
            0.8060691195924505,
            0.7746413524128516,
            0.7451917851208368,
            0.7125573741853798,
            0.6822973943831695,
            0.6485166873438548
        ],
        "mse_from_npy": [
            0.8974269751239891,
            0.8974269751239891,
            0.885297761283479,
            0.8624411380892572,
            0.8297574718658929,
            0.798993836291216,
            0.7648972604959423,
            0.733097066507187,
            0.6971819421748259
        ],
        "bpps": [
            0.24867544855390275,
            0.24867544855390275,
            0.3068722316196987,
            0.3766588142939976,
            0.4622374602726528,
            0.543353796005249,
            0.6350595610482352,
            0.7278669221060616,
            0.8228514875684466
        ]
    },
    "t=3.5": {
        "mses": [
            0.9025099300594706,
            0.9025099300594706,
            0.8785488846008621,
            0.8464131539288834,
            0.8112281300399384,
            0.7769940539541766,
            0.7383808895916745,
            0.700417934752489,
            0.6664836412259234
        ],
        "mse_from_npy": [
            0.9412623462774058,
            0.9412623462774058,
            0.9170001498657361,
            0.8839962318821485,
            0.8476183133588524,
            0.812154291857534,
            0.7719236778476246,
            0.7322662218697343,
            0.6970280211135654
        ],
        "bpps": [
            0.18426060676574707,
            0.18426060676574707,
            0.26281871114458355,
            0.34373208454677034,
            0.4375034400394985,
            0.5263246127537319,
            0.6244265692574638,
            0.7267388275691441,
            0.8230795519692558
        ]
    },
    "t=4": {
        "mses": [
            0.9409926833458993,
            0.9409926833458993,
            0.9071280262137803,
            0.8691032189678457,
            0.8267994764963135,
            0.7878673512901904,
            0.7483589395360627,
            0.7124620120634102,
            0.6797677823474438
        ],
        "mse_from_npy": [
            0.9671696677378071,
            0.9671696677378071,
            0.932900311644619,
            0.8940117156250952,
            0.8504569351441489,
            0.8103898425394086,
            0.7697196221516165,
            0.7329610460308225,
            0.6994855489708328
        ],
        "bpps": [
            0.14788212094988143,
            0.14788212094988143,
            0.2373758043561663,
            0.3318572384970529,
            0.42925688198634554,
            0.522946834564209,
            0.620161635535104,
            0.7218288694109235,
            0.8227358886173793
        ]
    },