{"loss": [328.0994873046875, 212.80145263671875, 148.80599975585938, 116.42340087890625, 104.6414794921875, 96.45164489746094, 88.29916381835938, 80.23582458496094, 71.4678726196289, 63.442726135253906, 58.07593536376953, 55.21839141845703, 53.38895797729492, 52.10035705566406, 50.94098663330078, 49.002376556396484, 46.6968879699707, 44.34107971191406, 41.87520980834961, 39.739501953125, 37.91740417480469, 36.7853889465332, 36.003604888916016, 35.12287902832031, 34.14730453491211, 33.06502914428711, 31.75946044921875, 30.47502899169922, 29.475698471069336, 28.63439178466797, 28.14226531982422, 27.68162727355957, 27.267642974853516, 26.725360870361328, 26.0416316986084, 25.37902069091797, 24.79454803466797, 24.398487091064453, 24.000946044921875, 23.610139846801758, 23.299541473388672, 22.941585540771484, 22.488643646240234, 22.108951568603516, 21.74453353881836, 21.338314056396484, 21.16019630432129, 20.759061813354492, 20.58483123779297, 20.3142032623291, 20.101253509521484, 19.803686141967773, 19.554582595825195, 19.330167770385742, 19.137826919555664, 18.934316635131836, 18.768192291259766, 18.498640060424805, 18.366744995117188, 18.214427947998047, 18.05185317993164, 17.85991668701172, 17.71311378479004, 17.52923011779785, 17.368263244628906, 17.25494384765625, 17.088180541992188, 16.95315170288086, 16.87627601623535, 16.70793914794922, 16.609804153442383, 16.43709373474121, 16.338943481445312, 16.2412109375, 16.132986068725586, 16.081035614013672, 15.907278060913086, 15.792893409729004, 15.751776695251465, 15.647306442260742, 15.506767272949219, 15.462217330932617, 15.339168548583984, 15.32080078125, 15.182113647460938, 15.135207176208496, 15.052623748779297, 14.964323997497559, 14.923959732055664, 14.866331100463867, 14.761947631835938, 14.679839134216309, 14.614316940307617, 14.553125381469727, 14.466743469238281, 14.440420150756836, 14.348322868347168, 14.300397872924805, 14.211282730102539, 14.164135932922363], "adaptive_loss": [3.2271008491516113, 2.074157238006592, 1.4342339038848877, 1.1104333400726318, 0.9926358461380005, 0.9107579588890076, 0.8292526602745056, 0.7486362457275391, 0.6609712839126587, 0.5807322859764099, 0.527076005935669, 0.4985121488571167, 0.4802300035953522, 0.4673561155796051, 0.4557742774486542, 0.4363991916179657, 0.41335490345954895, 0.3898070752620697, 0.36515891551971436, 0.34381285309791565, 0.3256034851074219, 0.3142951428890228, 0.3064892292022705, 0.2976933717727661, 0.28794869780540466, 0.2771371304988861, 0.26409247517585754, 0.2512594163417816, 0.24127723276615143, 0.23287490010261536, 0.2279641330242157, 0.2233678698539734, 0.2192385345697403, 0.21382659673690796, 0.20700055360794067, 0.20038604736328125, 0.1945531815290451, 0.1906040608882904, 0.1866399645805359, 0.1827431619167328, 0.179648295044899, 0.17608007788658142, 0.1715620458126068, 0.1677761673927307, 0.164142444729805, 0.16009068489074707, 0.15832018852233887, 0.15431997179985046, 0.15258938074111938, 0.1498948633670807, 0.1477770060300827, 0.14481285214424133, 0.1423330307006836, 0.14010033011436462, 0.13818857073783875, 0.13616521656513214, 0.13451577723026276, 0.13183175027370453, 0.1305239200592041, 0.12901198863983154, 0.12739741802215576, 0.12548930943012238, 0.12403262406587601, 0.12220492959022522, 0.120606429874897, 0.11948461085557938, 0.11782842129468918, 0.11648982763290405, 0.11573266237974167, 0.11406080424785614, 0.1130908951163292, 0.11137505620718002, 0.11040481179952621, 0.10943865031003952, 0.10836739093065262, 0.10785900801420212, 0.10613267123699188, 0.10500001162290573, 0.10460023581981659, 0.10356701165437698, 0.10217325389385223, 0.10173921287059784, 0.10052011162042618, 0.10034783184528351, 0.09897232800722122, 0.09851457923650742, 0.09770005196332932, 0.09682842344045639, 0.09643611311912537, 0.09587103873491287, 0.09483832120895386, 0.09402850270271301, 0.0933845043182373, 0.09278364479541779, 0.09193107485771179, 0.09167908877134323, 0.09076935797929764, 0.09030130505561829, 0.08942122757434845, 0.08896078169345856], "bpp_loss": [5.389401912689209, 5.385732173919678, 5.382617473602295, 5.380069255828857, 5.377895355224609, 5.375845909118652, 5.373903751373291, 5.372197151184082, 5.370739459991455, 5.369497299194336, 5.3683342933654785, 5.36717414855957, 5.365960597991943, 5.36474609375, 5.363558769226074, 5.362456798553467, 5.361397743225098, 5.360372543334961, 5.359317302703857, 5.358216762542725, 5.357054710388184, 5.355875492095947, 5.354684352874756, 5.353543758392334, 5.352433204650879, 5.351315021514893, 5.3502116203308105, 5.349086761474609, 5.3479743003845215, 5.346900939941406, 5.345852375030518, 5.344841003417969, 5.343790531158447, 5.3427019119262695, 5.3415751457214355, 5.340415000915527, 5.339228630065918, 5.338082313537598, 5.33695125579834, 5.3358235359191895, 5.334711074829102, 5.333578586578369, 5.3324384689331055, 5.33133602142334, 5.330289363861084, 5.329246520996094, 5.328176975250244, 5.3270649909973145, 5.325893878936768, 5.324717044830322, 5.323552131652832, 5.3224005699157715, 5.321279525756836, 5.320135593414307, 5.318970203399658, 5.3177947998046875, 5.316614627838135, 5.315465450286865, 5.314352035522461, 5.313228607177734, 5.312110424041748, 5.310985088348389, 5.30985164642334, 5.308736801147461, 5.307619094848633, 5.30648136138916, 5.3053388595581055, 5.304169178009033, 5.303009510040283, 5.301859378814697, 5.300714492797852, 5.299588203430176, 5.298461437225342, 5.297346115112305, 5.2962470054626465, 5.295135021209717, 5.294010639190674, 5.2928924560546875, 5.291752815246582, 5.290605068206787, 5.2894415855407715, 5.288295269012451, 5.2871575355529785, 5.286017894744873, 5.284881114959717, 5.283749580383301, 5.282618522644043, 5.281481742858887, 5.280348777770996, 5.279226779937744, 5.278115749359131, 5.276988983154297, 5.275866508483887, 5.274760723114014, 5.273635387420654, 5.272511959075928, 5.271387100219727, 5.270267486572266, 5.269160747528076, 5.268057823181152], "mse": [3.2781577110290527, 2.1607909202575684, 1.4766231775283813, 1.151693344116211, 1.0424413681030273, 0.9794830679893494, 0.9086819887161255, 0.8266433477401733, 0.7364537119865417, 0.6562095880508423, 0.604270339012146, 0.5794896483421326, 0.5695025324821472, 0.5641838312149048, 0.5558029413223267, 0.5399042367935181, 0.5171422958374023, 0.4921749234199524, 0.46742990612983704, 0.4456510841846466, 0.4287949800491333, 0.4175366759300232, 0.40912678837776184, 0.4009931683540344, 0.39111629128456116, 0.3786872625350952, 0.3637584447860718, 0.3487287759780884, 0.3364834785461426, 0.3278957009315491, 0.32212135195732117, 0.3177797496318817, 0.31305980682373047, 0.3068685531616211, 0.2998568117618561, 0.29272332787513733, 0.28658533096313477, 0.2816036343574524, 0.27754926681518555, 0.27450138330459595, 0.2713618576526642, 0.2674448788166046, 0.2631036937236786, 0.25866255164146423, 0.254165381193161, 0.25019383430480957, 0.24707725644111633, 0.24431288242340088, 0.24169014394283295, 0.23904338479042053, 0.23609599471092224, 0.2327323853969574, 0.229978546500206, 0.22761936485767365, 0.225359708070755, 0.2231680154800415, 0.22114457190036774, 0.21883583068847656, 0.21666428446769714, 0.21414002776145935, 0.21216264367103577, 0.2102230191230774, 0.20837920904159546, 0.2065361887216568, 0.20475530624389648, 0.20292530953884125, 0.2012300342321396, 0.19948579370975494, 0.19787859916687012, 0.19623178243637085, 0.19469745457172394, 0.19320048391819, 0.19162659347057343, 0.19017961621284485, 0.18868818879127502, 0.1874358057975769, 0.18601970374584198, 0.1846899688243866, 0.18349243700504303, 0.18219022452831268, 0.18098431825637817, 0.1799039989709854, 0.1787666231393814, 0.1777070313692093, 0.17670878767967224, 0.17560555040836334, 0.1746213138103485, 0.1736375391483307, 0.17270436882972717, 0.17173165082931519, 0.17079108953475952, 0.17004279792308807, 0.1690637320280075, 0.16813790798187256, 0.16732794046401978, 0.16643276810646057, 0.16561071574687958, 0.1649341583251953, 0.1640179604291916, 0.16329212486743927],