{"loss": [1092.8145751953125, 727.403564453125, 479.1007080078125, 322.8258361816406, 247.27694702148438, 222.6045684814453, 215.5956268310547, 205.53028869628906, 188.19024658203125, 169.31898498535156, 153.41990661621094, 142.6397705078125, 137.05784606933594, 130.2120361328125, 122.84393310546875, 114.4157485961914, 105.65550231933594, 99.05817413330078, 93.33768463134766, 89.5662612915039, 87.16019439697266, 84.50286865234375, 80.88359069824219, 77.26126098632812, 72.7596664428711, 69.00049591064453, 65.81119537353516, 63.079708099365234, 60.95415496826172, 58.98536682128906, 57.195682525634766, 55.57094192504883, 53.9052734375, 52.43674087524414, 50.87089920043945, 49.40738296508789, 47.87678909301758, 46.53956985473633, 44.67779541015625, 43.53712463378906, 42.59303665161133, 42.109100341796875, 41.08388137817383, 40.25505065917969, 39.40361785888672, 38.38115310668945, 37.47526168823242, 36.63422393798828, 36.04543685913086, 35.429649353027344, 34.87291717529297, 34.24901580810547, 33.6908073425293, 33.177574157714844, 32.44536590576172, 32.015586853027344, 31.451675415039062, 30.93883514404297, 30.558422088623047, 30.05318260192871, 29.627368927001953, 29.3150634765625, 28.895139694213867, 28.610631942749023, 28.142263412475586, 27.745628356933594, 27.50398826599121, 27.14335060119629, 26.786609649658203, 26.50867462158203, 26.22381591796875, 26.009544372558594, 25.633176803588867, 25.366024017333984, 24.982027053833008, 24.825117111206055, 24.50472068786621, 24.233272552490234, 24.03459930419922, 23.87946891784668, 23.5710391998291, 23.402881622314453, 23.193872451782227, 22.928356170654297, 22.7415771484375, 22.566747665405273, 22.384952545166016, 22.17605972290039, 21.99968147277832, 21.767324447631836, 21.61704444885254, 21.46048355102539, 21.29376983642578, 21.066375732421875, 20.90609359741211, 20.79205894470215, 20.60073471069336, 20.491317749023438, 20.337696075439453, 20.181392669677734], "adaptive_loss": [10.87401008605957, 7.21992301940918, 4.736912250518799, 3.174177885055542, 2.4187026023864746, 2.1719932556152344, 2.1019201278686523, 2.001284122467041, 1.827901840209961, 1.639207363128662, 1.4802337884902954, 1.372448205947876, 1.3166431188583374, 1.2481969594955444, 1.1745260953903198, 1.090253233909607, 1.002658724784851, 0.9366928935050964, 0.8794955611228943, 0.8417893648147583, 0.8177376985549927, 0.7911748290061951, 0.7549934387207031, 0.7187821865081787, 0.6737788915634155, 0.6361998915672302, 0.6043196320533752, 0.5770171880722046, 0.5557734370231628, 0.5360968112945557, 0.5182107090950012, 0.5019736886024475, 0.48532718420028687, 0.47065144777297974, 0.45500266551971436, 0.4403775930404663, 0.42508167028427124, 0.41171994805336, 0.39311325550079346, 0.38171812891960144, 0.3722890317440033, 0.36746183037757874, 0.35722166299819946, 0.34894514083862305, 0.3404422700405121, 0.3302287459373474, 0.3211804926395416, 0.3127807676792145, 0.3069033920764923, 0.3007560074329376, 0.29519927501678467, 0.2889709174633026, 0.2833998203277588, 0.2782788872718811, 0.27096831798553467, 0.26668235659599304, 0.2610550820827484, 0.25593841075897217, 0.2521459460258484, 0.2471049576997757, 0.24285788834095, 0.23974555730819702, 0.23555727303028107, 0.23272281885147095, 0.22805005311965942, 0.22409461438655853, 0.22168931365013123, 0.21809430420398712, 0.2145383656024933, 0.21177056431770325, 0.20893360674381256, 0.2068023532629013, 0.2030501365661621, 0.20038987696170807, 0.19656115770339966, 0.1950029730796814, 0.19180990755558014, 0.1891065239906311, 0.1871306449174881, 0.18559031188488007, 0.182516947388649, 0.18084654211997986, 0.17876780033111572, 0.17612393200397491, 0.17426738142967224, 0.1725301891565323, 0.17072342336177826, 0.16864579916000366, 0.1668931394815445, 0.16458076238632202, 0.16308890283107758, 0.161534383893013, 0.15987829864025116, 0.15761534869670868, 0.15602368116378784, 0.15489447116851807, 0.15299220383167267, 0.15190915763378143, 0.15038418769836426, 0.14883244037628174], "bpp_loss": [5.413524627685547, 5.4112701416015625, 5.409499168395996, 5.408061981201172, 5.406693935394287, 5.405239582061768, 5.403616428375244, 5.401869773864746, 5.400060653686523, 5.398251533508301, 5.39652681350708, 5.394938945770264, 5.393536567687988, 5.392348766326904, 5.39132833480835, 5.390429496765137, 5.389636039733887, 5.388882160186768, 5.388130187988281, 5.387320041656494, 5.38641881942749, 5.385387420654297, 5.384249210357666, 5.38304328918457, 5.381776809692383, 5.3805060386657715, 5.379228591918945, 5.377992153167725, 5.376810550689697, 5.375688552856445, 5.37460994720459, 5.373574733734131, 5.37255334854126, 5.371598720550537, 5.370633602142334, 5.369625568389893, 5.368620872497559, 5.367576599121094, 5.366471767425537, 5.365312576293945, 5.364132404327393, 5.362917900085449, 5.3617119789123535, 5.360535621643066, 5.359389781951904, 5.35828161239624, 5.357212066650391, 5.356145858764648, 5.355095386505127, 5.354047775268555, 5.352991104125977, 5.351924419403076, 5.350825786590576, 5.349685192108154, 5.348534107208252, 5.347351551055908, 5.346166610717773, 5.34499454498291, 5.343827247619629, 5.342687129974365, 5.341578960418701, 5.3405070304870605, 5.339413166046143, 5.33834981918335, 5.337257385253906, 5.336167335510254, 5.335056304931641, 5.333920001983643, 5.3327741622924805, 5.33161735534668, 5.3304548263549805, 5.329308986663818, 5.328162670135498, 5.327035427093506, 5.325911045074463, 5.324820041656494, 5.323729991912842, 5.322619915008545, 5.321536064147949, 5.320438861846924, 5.3193440437316895, 5.318228244781494, 5.317092418670654, 5.315963268280029, 5.314838409423828, 5.313728332519531, 5.312610626220703, 5.311479091644287, 5.310367584228516, 5.3092474937438965, 5.308155059814453, 5.307045936584473, 5.305940628051758, 5.304840564727783, 5.3037261962890625, 5.3026123046875, 5.301515102386475, 5.3004021644592285, 5.299276351928711, 5.298149108886719], "mse": [3.1974637508392334, 2.3119540214538574, 1.7129234075546265, 1.3651632070541382, 1.196588158607483, 1.1247918605804443, 1.089003324508667, 1.063006043434143, 1.0382990837097168, 1.0104658603668213, 0.9708338379859924, 0.9147971272468567, 0.8484455943107605, 0.7840895056724548, 0.7335867285728455, 0.7018328309059143, 0.688239574432373, 0.6856357455253601, 0.6880918741226196, 0.6908772587776184, 0.6897076964378357, 0.6828874945640564, 0.6693634986877441, 0.6494011878967285, 0.6252651810646057, 0.5980281829833984, 0.5701074004173279, 0.5441932678222656, 0.5231976509094238, 0.5079349279403687, 0.4988630414009094, 0.4946119487285614, 0.492267906665802, 0.4890574514865875, 0.48377224802970886, 0.47473010420799255, 0.4633701741695404, 0.4511960446834564, 0.43966931104660034, 0.4297599196434021, 0.4217720031738281, 0.41460055112838745, 0.4076535701751709, 0.4000251591205597, 0.3923683762550354, 0.3843432366847992, 0.3773933947086334, 0.3719157576560974, 0.36709100008010864, 0.36308571696281433, 0.35865968465805054, 0.3538242280483246, 0.3482208549976349, 0.34240296483039856, 0.3365364670753479, 0.3308543264865875, 0.3257828652858734, 0.3211545944213867, 0.31700313091278076, 0.3131231665611267, 0.3094928562641144, 0.30577635765075684, 0.302566260099411, 0.2990623712539673, 0.2958851158618927, 0.29218724370002747, 0.2884913384914398, 0.28474459052085876, 0.2809997797012329, 0.2775228023529053, 0.27438366413116455, 0.2716880142688751, 0.2688401937484741, 0.26642370223999023, 0.2636665999889374, 0.26083236932754517, 0.2580588459968567, 0.25535252690315247, 0.25259631872177124, 0.25006458163261414, 0.24764707684516907, 0.24511128664016724, 0.242860808968544, 0.24061088263988495, 0.23823495209217072, 0.23616862297058105, 0.23415760695934296, 0.23183821141719818, 0.22990289330482483, 0.22767414152622223, 0.22567510604858398, 0.2236330807209015, 0.22184331715106964, 0.21977321803569794, 0.2180246114730835, 0.21626392006874084, 0.21448072791099548, 0.21293477714061737, 0.21105247735977173, 0.20942018926143646],