{
  "wikitext2": 8.451980590820312,
  "c4": 11.815123558044434
}