{
    "t=1": {
        "mses": [
            0.22162189066524482,
            0.22162189066524482,
            0.22160698298702833,
            0.22153856984174078,
            0.22139047457992897,
            0.22106673429565724,
            0.2205641911535359,
            0.21994074103853234,
            0.2190223045124814
        ],
        "mse_from_npy": [
            0.5744232018589817,
            0.5744232018589817,
            0.5744074629706304,
            0.5743319350551559,
            0.5741723136958387,
            0.5738112884684103,
            0.5732516397393155,
            0.5725723758073245,
            0.5715659243750272
        ],
        "bpps": [
            1.126070068359375,
            1.126070068359375,
            1.1264385986328125,
            1.12764111328125,
            1.12992333984375,
            1.1338798828125,
            1.1394608154296875,
            1.1464427490234375,
            1.1556689453125
        ]
    },
    "t=1.2": {
        "mses": [
            0.30453754161299607,
            0.30453754161299607,
            0.3044157614884565,
            0.3040605656415083,
            0.3034398962072438,
            0.3027010988433202,
            0.30160374172285803,
            0.3001547398000844,
            0.296845849305701
        ],
        "mse_from_npy": [
            0.5933180710071561,
            0.5933180710071561,
            0.5931917506661986,
            0.5928094392856529,
            0.5921468460853377,
            0.5913681419860463,
            0.5902074045359912,
            0.5886652515062429,
            0.5850251447783533
        ],
        "bpps": [
            0.983959716796875,
            0.983959716796875,
            0.9859365234375,
            0.990394287109375,
            0.9974815673828125,
            1.0055264892578124,
            1.0157808837890625,
            1.0282506103515625,
            1.050221435546875
        ]
    },
    "t=1.5": {
        "mses": [
            0.42651729805610034,
            0.42651729805610034,
            0.4258373021293112,
            0.42472979385287407,
            0.42336060864799935,
            0.4205820519268183,
            0.4131881154107816,
            0.40617712505459924,
            0.39653629640232896
        ],
        "mse_from_npy": [
            0.6420085534768217,
            0.6420085534768217,
            0.6413067008713966,
            0.6401737439538197,
            0.6387650845298408,
            0.6358489308165397,
            0.6280305887266819,
            0.6206576155231154,
            0.6103420586891293
        ],
        "bpps": [
            0.77738330078125,
            0.77738330078125,
            0.785183349609375,
            0.796067626953125,
            0.8089041748046875,
            0.8282359619140625,
            0.870878662109375,
            0.913,
            0.9642733154296875
        ]
    },
    "t=2": {
        "mses": [
            0.603960618522758,
            0.603960618522758,
            0.6002173359420412,
            0.5938142279773305,
            0.5843052899149376,
            0.5735664739808458,
            0.5622374880255001,
            0.5488409106708373,
            0.5328051472397625
        ],
        "mse_from_npy": [
            0.7400139111895955,
            0.7400139111895955,
            0.7362224438838809,
            0.7297229822522912,
            0.7199855853819638,
            0.708933975694083,
            0.6972065727330743,
            0.68321327481312,
            0.6661210590036102
        ],
        "bpps": [
            0.5089464111328125,
            0.5089464111328125,
            0.5359346923828125,
            0.5794266357421874,
            0.632220458984375,
            0.6892501220703126,
            0.7461396484375,
            0.8120523681640625,
            0.88232958984375
        ]
    },
    "t=2.5": {
        "mses": [
            0.7421383079639989,
            0.7421383079639989,
            0.7319790570370273,
            0.7200167920897247,
            0.7064901413050697,
            0.6900462595233225,
            0.6708518344691603,
            0.6468342829885498,
            0.622092745657066
        ],
        "mse_from_npy": [
            0.8302046614514136,
            0.8302046614514136,
            0.8200171217009303,
            0.8079112983387052,
            0.7941114219293773,
            0.7771887605121955,
            0.757199778397871,
            0.7319211608476639,
            0.7058232686894674
        ],
        "bpps": [
            0.35152880859375,
            0.35152880859375,
            0.410300537109375,
            0.4720640869140625,
            0.5366956787109375,
            0.603422119140625,
            0.67839794921875,
            0.761988037109375,
            0.846287353515625
        ]
    },
    "t=3": {
        "mses": [
            0.8416100023525483,
            0.8416100023525483,
            0.8260349546426746,
            0.8089088047054444,
            0.7869554454016532,
            0.7615286841652571,
            0.735020532118194,
            0.7055131834827241,
            0.6740990434943607
        ],
        "mse_from_npy": [
            0.8996913682072893,
            0.8996913682072893,
            0.8840820862113128,
            0.8667406764984275,
            0.8442711496862483,
            0.8179910642951802,
            0.7904738084011506,
            0.7597266654861525,
            0.7268558868031607
        ],
        "bpps": [
            0.25635107421875,
            0.25635107421875,
            0.3299129638671875,
            0.400520751953125,
            0.480484619140625,
            0.562791015625,
            0.6469339599609375,
            0.7365166015625,
            0.8319088134765625
        ]
    },
    "t=3.5": {
        "mses": [
            0.9081417210907161,
            0.9081417210907161,
            0.8864415228383085,
            0.8600138851008454,
            0.8324552606563556,
            0.8010724006599556,
            0.7674846428715252,
            0.7349734360642476,
            0.7036659705723417
        ],
        "mse_from_npy": [
            0.9477674423369004,
            0.9477674423369004,
            0.9259565673240325,
            0.8991046475154724,
            0.8708504755090061,
            0.8385445014484991,
            0.803902818106614,
            0.7704288085363391,
            0.7379858152637528
        ],
        "bpps": [
            0.1953807373046875,
            0.1953807373046875,
            0.2779925537109375,
            0.36396728515625,
            0.4487672119140625,
            0.5389583740234375,
            0.6322890625,
            0.726727783203125,
            0.823744140625
        ]
    },
    "t=4": {
        "mses": [
            0.950866257326238,
            0.950866257326238,
            0.9213218164826219,
            0.889264937163628,
            0.8546092787835649,
            0.8197534487701378,
            0.7852945246287443,
            0.7505576128887937,
            0.7126474312816354
        ],
        "mse_from_npy": [
            0.9777836493571705,
            0.9777836493571705,
            0.9480399126159565,
            0.9154139429633039,
            0.8800251145224103,
            0.8445414000779621,
            0.8093721808404672,
            0.7735856335712255,
            0.7345103049062504
        ],
        "bpps": [
            0.15639208984375,
            0.15639208984375,
            0.25025830078125,
            0.3419876708984375,
            0.434058349609375,
            0.5279110107421875,
            0.623903564453125,
            0.7211861572265625,
            0.8210078125
        ]
    },