{
  "0_q": {
    "mse": 0.0010541209485381842,
    "num_pixels": 16777216
  },
  "0_k": {
    "mse": 0.001103241229429841,
    "num_pixels": 16777216
  },
  "0_v": {
    "mse": 0.0009824673179537058,
    "num_pixels": 16777216
  },
  "0_o": {
    "mse": 0.0009224422974511981,
    "num_pixels": 16777216
  },
  "0_up": {
    "mse": 0.0011239288141950965,
    "num_pixels": 45088768
  },
  "0_gate": {
    "mse": 0.001133295358158648,
    "num_pixels": 45088768
  },
  "0_down": {
    "mse": 0.0011485711438581347,
    "num_pixels": 45088768
  },
  "1_q": {
    "mse": 0.001567984581924975,
    "num_pixels": 16777216
  },
  "1_k": {
    "mse": 0.0015696072950959206,
    "num_pixels": 16777216
  },
  "1_v": {
    "mse": 0.0009626966784708202,
    "num_pixels": 16777216
  },
  "1_o": {
    "mse": 0.0009501321474090219,
    "num_pixels": 16777216
  },
  "1_up": {
    "mse": 0.001159793813712895,
    "num_pixels": 45088768
  },
  "1_gate": {
    "mse": 0.0011988121550530195,
    "num_pixels": 45088768
  },
  "1_down": {
    "mse": 0.0011562845902517438,
    "num_pixels": 45088768
  },
  "2_q": {
    "mse": 0.0015753945335745811,
    "num_pixels": 16777216
  },
  "2_k": {
    "mse": 0.001650146208703518,
    "num_pixels": 16777216
  },
  "2_v": {
    "mse": 0.0010676020756363869,
    "num_pixels": 16777216
  },
  "2_o": {
    "mse": 0.0010629170574247837,
    "num_pixels": 16777216
  },
  "2_up": {
    "mse": 0.0011665993370115757,
    "num_pixels": 45088768
  },
  "2_gate": {
    "mse": 0.0012137674493715167,
    "num_pixels": 45088768
  },
  "2_down": {
    "mse": 0.0011650300584733486,
    "num_pixels": 45088768
  },
  "3_q": {
    "mse": 0.001495663309469819,
    "num_pixels": 16777216
  },
  "3_k": {
    "mse": 0.0015489694196730852,
    "num_pixels": 16777216
  },
  "3_v": {
    "mse": 0.0010442619677633047,
    "num_pixels": 16777216
  },
  "3_o": {
    "mse": 0.001037580193951726,
    "num_pixels": 16777216
  },
  "3_up": {
    "mse": 0.001167078036814928,
    "num_pixels": 45088768
  },
  "3_gate": {
    "mse": 0.001219896599650383,
    "num_pixels": 45088768
  },
  "3_down": {
    "mse": 0.0011665814090520144,
    "num_pixels": 45088768
  },
  "4_q": {
    "mse": 0.0015508627984672785,
    "num_pixels": 16777216
  },
  "4_k": {
    "mse": 0.0015809285687282681,
    "num_pixels": 16777216
  },
  "4_v": {
    "mse": 0.001064374577254057,
    "num_pixels": 16777216
  },
  "4_o": {
    "mse": 0.0010575598571449518,
    "num_pixels": 16777216
  },
  "4_up": {
    "mse": 0.0011621535522863269,
    "num_pixels": 45088768
  },
  "4_gate": {
    "mse": 0.0012345840223133564,
    "num_pixels": 45088768
  },
  "4_down": {
    "mse": 0.0011593342060223222,
    "num_pixels": 45088768
  },
  "5_q": {
    "mse": 0.0015576614532619715,
    "num_pixels": 16777216
  },
  "5_k": {
    "mse": 0.001616126042790711,
    "num_pixels": 16777216
  },
  "5_v": {
    "mse": 0.0010747162159532309,
    "num_pixels": 16777216
  },
  "5_o": {
    "mse": 0.00106768065597862,
    "num_pixels": 16777216
  },
  "5_up": {
    "mse": 0.0011620536679401994,
    "num_pixels": 45088768
  },
  "5_gate": {
    "mse": 0.0012390208430588245,
    "num_pixels": 45088768
  },
  "5_down": {
    "mse": 0.0011595122050493956,
    "num_pixels": 45088768
  },
  "6_q": {
    "mse": 0.0014819040661677718,
    "num_pixels": 16777216
  },
  "6_k": {
    "mse": 0.001505923573859036,
    "num_pixels": 16777216
  },
  "6_v": {
    "mse": 0.0010434105060994625,
    "num_pixels": 16777216
  },
  "6_o": {
    "mse": 0.001040540635585785,
    "num_pixels": 16777216
  },
  "6_up": {
    "mse": 0.0011595642426982522,
    "num_pixels": 45088768
  },
  "6_gate": {
    "mse": 0.0012512753019109368,
    "num_pixels": 45088768
  },
  "6_down": {
    "mse": 0.0011561027495190501,
    "num_pixels": 45088768
  },
  "7_q": {
    "mse": 0.001479512546211481,
    "num_pixels": 16777216
  },
  "7_k": {
    "mse": 0.0014849781291559339,
    "num_pixels": 16777216
  },
  "7_v": {
    "mse": 0.00104890379589051,
    "num_pixels": 16777216
  },
  "7_o": {
    "mse": 0.0010413683485239744,
    "num_pixels": 16777216
  },
  "7_up": {
    "mse": 0.0011616662377491593,
    "num_pixels": 45088768
  },
  "7_gate": {
    "mse": 0.0012508440995588899,
    "num_pixels": 45088768
  },
  "7_down": {
    "mse": 0.0011568571208044887,
    "num_pixels": 45088768
  },
  "8_q": {
    "mse": 0.0014902940019965172,
    "num_pixels": 16777216
  },
  "8_k": {
    "mse": 0.001498378929682076,
    "num_pixels": 16777216
  },
  "8_v": {
    "mse": 0.0010602750116959214,
    "num_pixels": 16777216
  },
  "8_o": {
    "mse": 0.001053158426657319,
    "num_pixels": 16777216
  },
  "8_up": {
    "mse": 0.0011691305553540587,
    "num_pixels": 45088768
  },
  "8_gate": {
    "mse": 0.0012385626323521137,
    "num_pixels": 45088768
  },
  "8_down": {
    "mse": 0.0011628095526248217,
    "num_pixels": 45088768
  },
  "9_q": {
    "mse": 0.0014925957657396793,
    "num_pixels": 16777216
  },
  "9_k": {
    "mse": 0.0015238779596984386,
    "num_pixels": 16777216
  },
  "9_v": {
    "mse": 0.0010680686682462692,
    "num_pixels": 16777216
  },
  "9_o": {
    "mse": 0.0010626668808981776,
    "num_pixels": 16777216
  },
  "9_up": {
    "mse": 0.0011735226726159453,
    "num_pixels": 45088768
  },
  "9_gate": {
    "mse": 0.0012312715407460928,
    "num_pixels": 45088768
  },
  "9_down": {
    "mse": 0.001168144284747541,
    "num_pixels": 45088768
  },
  "10_q": {
    "mse": 0.001490123220719397,
    "num_pixels": 16777216
  },
  "10_k": {
    "mse": 0.0015295327175408602,
    "num_pixels": 16777216
  },
  "10_v": {
    "mse": 0.001063056755810976,
    "num_pixels": 16777216
  },
  "10_o": {
    "mse": 0.001060150214470923,
    "num_pixels": 16777216
  },
  "10_up": {
    "mse": 0.0011806082911789417,
    "num_pixels": 45088768
  },
  "10_gate": {
    "mse": 0.0012290796730667353,
    "num_pixels": 45088768
  },
  "10_down": {
    "mse": 0.0011725451331585646,
    "num_pixels": 45088768
  },
  "11_q": {
    "mse": 0.0014288367237895727,
    "num_pixels": 16777216
  },
  "11_k": {
    "mse": 0.0014273390406742692,
    "num_pixels": 16777216
  },
  "11_v": {
    "mse": 0.0010813754051923752,
    "num_pixels": 16777216
  },
  "11_o": {
    "mse": 0.0010761016746982932,
    "num_pixels": 16777216
  },
  "11_up": {
    "mse": 0.001184977707453072,
    "num_pixels": 45088768
  },
  "11_gate": {
    "mse": 0.00122569571249187,
    "num_pixels": 45088768
  },
  "11_down": {
    "mse": 0.0011769186239689589,
    "num_pixels": 45088768
  },
  "12_q": {
    "mse": 0.001452754600904882,
    "num_pixels": 16777216
  },
  "12_k": {
    "mse": 0.0014905673451721668,
    "num_pixels": 16777216
  },
  "12_v": {
    "mse": 0.001075833453796804,
    "num_pixels": 16777216
  },
  "12_o": {
    "mse": 0.0010708194458857179,
    "num_pixels": 16777216
  },
  "12_up": {
    "mse": 0.0011912931222468615,
    "num_pixels": 45088768
  },
  "12_gate": {
    "mse": 0.001220834325067699,
    "num_pixels": 45088768
  },
  "12_down": {
    "mse": 0.001182335545308888,
    "num_pixels": 45088768
  },
  "13_q": {
    "mse": 0.0014412937453016639,
    "num_pixels": 16777216
  },
  "13_k": {
    "mse": 0.0014627960044890642,
    "num_pixels": 16777216
  },
  "13_v": {
    "mse": 0.0010910993441939354,
    "num_pixels": 16777216
  },
  "13_o": {
    "mse": 0.0010872427374124527,
    "num_pixels": 16777216
  },
  "13_up": {
    "mse": 0.0011981363641098142,
    "num_pixels": 45088768
  },
  "13_gate": {
    "mse": 0.001218609744682908,
    "num_pixels": 45088768
  },
  "13_down": {
    "mse": 0.0011878276709467173,
    "num_pixels": 45088768
  },
  "14_q": {
    "mse": 0.0014385140966624022,
    "num_pixels": 16777216
  },
  "14_k": {
    "mse": 0.0014608032070100307,
    "num_pixels": 16777216
  },
  "14_v": {
    "mse": 0.001082674483768642,
    "num_pixels": 16777216
  },
  "14_o": {
    "mse": 0.0010777205461636186,
    "num_pixels": 16777216
  },
  "14_up": {
    "mse": 0.001198829966597259,