{
  "0_q": {
    "mse": 0.0010965550318360329,
    "num_pixels": 16777216
  },
  "0_k": {
    "mse": 0.0011443482944741845,
    "num_pixels": 16777216
  },
  "0_v": {
    "mse": 0.0010378374718129635,
    "num_pixels": 16777216
  },
  "0_o": {
    "mse": 0.0009666647529229522,
    "num_pixels": 16777216
  },
  "0_up": {
    "mse": 0.001175370649434626,
    "num_pixels": 45088768
  },
  "0_gate": {
    "mse": 0.0011839998187497258,
    "num_pixels": 45088768
  },
  "0_down": {
    "mse": 0.0011977229733020067,
    "num_pixels": 45088768
  },
  "1_q": {
    "mse": 0.0016152989119291306,
    "num_pixels": 16777216
  },
  "1_k": {
    "mse": 0.0016126923728734255,
    "num_pixels": 16777216
  },
  "1_v": {
    "mse": 0.001016275491565466,
    "num_pixels": 16777216
  },
  "1_o": {
    "mse": 0.0009835953824222088,
    "num_pixels": 16777216
  },
  "1_up": {
    "mse": 0.0012095194542780519,
    "num_pixels": 45088768
  },
  "1_gate": {
    "mse": 0.0012473741080611944,
    "num_pixels": 45088768
  },
  "1_down": {
    "mse": 0.001218262012116611,
    "num_pixels": 45088768
  },
  "2_q": {
    "mse": 0.0016253101639449596,
    "num_pixels": 16777216
  },
  "2_k": {
    "mse": 0.001698988489806652,
    "num_pixels": 16777216
  },
  "2_v": {
    "mse": 0.0011203248286619782,
    "num_pixels": 16777216
  },
  "2_o": {
    "mse": 0.0011085332371294498,
    "num_pixels": 16777216
  },
  "2_up": {
    "mse": 0.0012206126702949405,
    "num_pixels": 45088768
  },
  "2_gate": {
    "mse": 0.0012661161599680781,
    "num_pixels": 45088768
  },
  "2_down": {
    "mse": 0.0012240320211276412,
    "num_pixels": 45088768
  },
  "3_q": {
    "mse": 0.0015498839784413576,
    "num_pixels": 16777216
  },
  "3_k": {
    "mse": 0.0016024387441575527,
    "num_pixels": 16777216
  },
  "3_v": {
    "mse": 0.0011000805534422398,
    "num_pixels": 16777216
  },
  "3_o": {
    "mse": 0.0010921870125457644,
    "num_pixels": 16777216
  },
  "3_up": {
    "mse": 0.0012245132820680737,
    "num_pixels": 45088768
  },
  "3_gate": {
    "mse": 0.0012765505816787481,
    "num_pixels": 45088768
  },
  "3_down": {
    "mse": 0.00122539303265512,
    "num_pixels": 45088768
  },
  "4_q": {
    "mse": 0.0016054713632911444,
    "num_pixels": 16777216
  },
  "4_k": {
    "mse": 0.0016349804354831576,
    "num_pixels": 16777216
  },
  "4_v": {
    "mse": 0.0011213162215426564,
    "num_pixels": 16777216
  },
  "4_o": {
    "mse": 0.001112766214646399,
    "num_pixels": 16777216
  },
  "4_up": {
    "mse": 0.0012208515545353293,
    "num_pixels": 45088768
  },
  "4_gate": {
    "mse": 0.0012914995895698667,
    "num_pixels": 45088768
  },
  "4_down": {
    "mse": 0.001218306482769549,
    "num_pixels": 45088768
  },
  "5_q": {
    "mse": 0.0016120071522891521,
    "num_pixels": 16777216
  },
  "5_k": {
    "mse": 0.0016708492767065763,
    "num_pixels": 16777216
  },
  "5_v": {
    "mse": 0.0011321045458316803,
    "num_pixels": 16777216
  },
  "5_o": {
    "mse": 0.0011227941140532494,
    "num_pixels": 16777216
  },
  "5_up": {
    "mse": 0.0012203111546114087,
    "num_pixels": 45088768
  },
  "5_gate": {
    "mse": 0.0012959865853190422,
    "num_pixels": 45088768
  },
  "5_down": {
    "mse": 0.0012196626048535109,
    "num_pixels": 45088768
  },
  "6_q": {
    "mse": 0.0015363669954240322,
    "num_pixels": 16777216
  },
  "6_k": {
    "mse": 0.0015602682251483202,
    "num_pixels": 16777216
  },
  "6_v": {
    "mse": 0.0011019010562449694,
    "num_pixels": 16777216
  },
  "6_o": {
    "mse": 0.0010970146395266056,
    "num_pixels": 16777216
  },
  "6_up": {
    "mse": 0.0012184694642201066,
    "num_pixels": 45088768
  },
  "6_gate": {
    "mse": 0.0013093628222122788,
    "num_pixels": 45088768
  },
  "6_down": {
    "mse": 0.0012156354496255517,
    "num_pixels": 45088768
  },
  "7_q": {
    "mse": 0.001534367329441011,
    "num_pixels": 16777216
  },
  "7_k": {
    "mse": 0.0015399872791022062,
    "num_pixels": 16777216
  },
  "7_v": {
    "mse": 0.001106726354919374,
    "num_pixels": 16777216
  },
  "7_o": {
    "mse": 0.0010998138459399343,
    "num_pixels": 16777216
  },
  "7_up": {
    "mse": 0.0012202865909785032,
    "num_pixels": 45088768
  },
  "7_gate": {
    "mse": 0.0013087863335385919,
    "num_pixels": 45088768
  },
  "7_down": {
    "mse": 0.0012170084519311786,
    "num_pixels": 45088768
  },
  "8_q": {
    "mse": 0.0015451465733349323,
    "num_pixels": 16777216
  },
  "8_k": {
    "mse": 0.0015541512984782457,
    "num_pixels": 16777216
  },
  "8_v": {
    "mse": 0.0011174979154020548,
    "num_pixels": 16777216
  },
  "8_o": {
    "mse": 0.0011109919287264347,
    "num_pixels": 16777216
  },
  "8_up": {
    "mse": 0.0012279207585379481,
    "num_pixels": 45088768
  },
  "8_gate": {
    "mse": 0.001296422677114606,
    "num_pixels": 45088768
  },
  "8_down": {
    "mse": 0.0012230646098032594,
    "num_pixels": 45088768
  },
  "9_q": {
    "mse": 0.0015478648710995913,
    "num_pixels": 16777216
  },
  "9_k": {
    "mse": 0.0015798070235177875,
    "num_pixels": 16777216
  },
  "9_v": {
    "mse": 0.001125534763559699,
    "num_pixels": 16777216
  },
  "9_o": {
    "mse": 0.0011197940912097692,
    "num_pixels": 16777216
  },
  "9_up": {
    "mse": 0.0012322947150096297,
    "num_pixels": 45088768
  },
  "9_gate": {
    "mse": 0.0012889354256913066,
    "num_pixels": 45088768
  },
  "9_down": {
    "mse": 0.0012271085288375616,
    "num_pixels": 45088768
  },
  "10_q": {
    "mse": 0.0015465377364307642,
    "num_pixels": 16777216
  },
  "10_k": {
    "mse": 0.0015844793524593115,
    "num_pixels": 16777216
  },
  "10_v": {
    "mse": 0.001121346838772297,
    "num_pixels": 16777216
  },
  "10_o": {
    "mse": 0.0011181823210790753,
    "num_pixels": 16777216
  },
  "10_up": {
    "mse": 0.0012388017494231462,
    "num_pixels": 45088768
  },
  "10_gate": {
    "mse": 0.001286762417294085,
    "num_pixels": 45088768
  },
  "10_down": {
    "mse": 0.001232853508554399,
    "num_pixels": 45088768
  },
  "11_q": {
    "mse": 0.0014853288885205984,
    "num_pixels": 16777216
  },
  "11_k": {
    "mse": 0.0014819822972640395,
    "num_pixels": 16777216
  },
  "11_v": {
    "mse": 0.001139647327363491,
    "num_pixels": 16777216
  },
  "11_o": {
    "mse": 0.0011345995590090752,
    "num_pixels": 16777216
  },
  "11_up": {
    "mse": 0.0012450253125280142,
    "num_pixels": 45088768
  },
  "11_gate": {
    "mse": 0.0012837237445637584,
    "num_pixels": 45088768
  },
  "11_down": {
    "mse": 0.0012374351499602199,
    "num_pixels": 45088768
  },
  "12_q": {
    "mse": 0.00150832359213382,
    "num_pixels": 16777216
  },
  "12_k": {
    "mse": 0.001546262064948678,
    "num_pixels": 16777216
  },
  "12_v": {
    "mse": 0.0011345098027959466,
    "num_pixels": 16777216
  },
  "12_o": {
    "mse": 0.0011303469073027372,
    "num_pixels": 16777216
  },
  "12_up": {
    "mse": 0.0012504014885053039,
    "num_pixels": 45088768
  },
  "12_gate": {
    "mse": 0.001279195537790656,
    "num_pixels": 45088768
  },
  "12_down": {
    "mse": 0.0012426230823621154,
    "num_pixels": 45088768
  },
  "13_q": {
    "mse": 0.0014976536622270942,
    "num_pixels": 16777216
  },
  "13_k": {
    "mse": 0.0015176440356299281,
    "num_pixels": 16777216
  },
  "13_v": {
    "mse": 0.0011501016560941935,
    "num_pixels": 16777216
  },
  "13_o": {
    "mse": 0.0011462251422926784,
    "num_pixels": 16777216
  },
  "13_up": {
    "mse": 0.0012569739483296871,
    "num_pixels": 45088768
  },
  "13_gate": {
    "mse": 0.0012766079744324088,
    "num_pixels": 45088768
  },
  "13_down": {
    "mse": 0.0012477864511311054,
    "num_pixels": 45088768
  },
  "14_q": {
    "mse": 0.001494135009124875,
    "num_pixels": 16777216
  },
  "14_k": {
    "mse": 0.0015162569470703602,
    "num_pixels": 16777216
  },
  "14_v": {
    "mse": 0.001141328364610672,
    "num_pixels": 16777216
  },
  "14_o": {
    "mse": 0.0011364193633198738,
    "num_pixels": 16777216
  },