{
  "0_q": {
    "mse": 0.001010064734145999,
    "num_pixels": 16777216
  },
  "0_k": {
    "mse": 0.0010637472150847316,
    "num_pixels": 16777216
  },
  "0_v": {
    "mse": 0.0009484529728069901,
    "num_pixels": 16777216
  },
  "0_o": {
    "mse": 0.0008797871414572,
    "num_pixels": 16777216
  },
  "0_up": {
    "mse": 0.0010868622921407223,
    "num_pixels": 45088768
  },
  "0_gate": {
    "mse": 0.0010957696940749884,
    "num_pixels": 45088768
  },
  "0_down": {
    "mse": 0.0011098859831690788,
    "num_pixels": 45088768
  },
  "1_q": {
    "mse": 0.0015254556201398373,
    "num_pixels": 16777216
  },
  "1_k": {
    "mse": 0.0015268087154254317,
    "num_pixels": 16777216
  },
  "1_v": {
    "mse": 0.0009270700393244624,
    "num_pixels": 16777216
  },
  "1_o": {
    "mse": 0.0008980933926068246,
    "num_pixels": 16777216
  },
  "1_up": {
    "mse": 0.0011208555661141872,
    "num_pixels": 45088768
  },
  "1_gate": {
    "mse": 0.0011592824012041092,
    "num_pixels": 45088768
  },
  "1_down": {
    "mse": 0.0011272114934399724,
    "num_pixels": 45088768
  },
  "2_q": {
    "mse": 0.001536863506771624,
    "num_pixels": 16777216
  },
  "2_k": {
    "mse": 0.0016112112207338214,
    "num_pixels": 16777216
  },
  "2_v": {
    "mse": 0.0010315326508134604,
    "num_pixels": 16777216
  },
  "2_o": {
    "mse": 0.0010210101027041674,
    "num_pixels": 16777216
  },
  "2_up": {
    "mse": 0.0011307401582598686,
    "num_pixels": 45088768
  },
  "2_gate": {
    "mse": 0.0011768914991989732,
    "num_pixels": 45088768
  },
  "2_down": {
    "mse": 0.0011336992029100657,
    "num_pixels": 45088768
  },
  "3_q": {
    "mse": 0.0014607231132686138,
    "num_pixels": 16777216
  },
  "3_k": {
    "mse": 0.0015129840467125177,
    "num_pixels": 16777216
  },
  "3_v": {
    "mse": 0.0010112924501299858,
    "num_pixels": 16777216
  },
  "3_o": {
    "mse": 0.0010027154348790646,
    "num_pixels": 16777216
  },
  "3_up": {
    "mse": 0.001134672318585217,
    "num_pixels": 45088768
  },
  "3_gate": {
    "mse": 0.0011864770203828812,
    "num_pixels": 45088768
  },
  "3_down": {
    "mse": 0.0011357292532920837,
    "num_pixels": 45088768
  },
  "4_q": {
    "mse": 0.001516803982667625,
    "num_pixels": 16777216
  },
  "4_k": {
    "mse": 0.0015456671826541424,
    "num_pixels": 16777216
  },
  "4_v": {
    "mse": 0.0010320325382053852,
    "num_pixels": 16777216
  },
  "4_o": {
    "mse": 0.0010232268832623959,
    "num_pixels": 16777216
  },
  "4_up": {
    "mse": 0.0011297111632302403,
    "num_pixels": 45088768
  },
  "4_gate": {
    "mse": 0.0012015332467854023,
    "num_pixels": 45088768
  },
  "4_down": {
    "mse": 0.0011283011408522725,
    "num_pixels": 45088768
  },
  "5_q": {
    "mse": 0.0015231026336550713,
    "num_pixels": 16777216
  },
  "5_k": {
    "mse": 0.0015809887554496527,
    "num_pixels": 16777216
  },
  "5_v": {
    "mse": 0.0010425802320241928,
    "num_pixels": 16777216
  },
  "5_o": {
    "mse": 0.0010332138044759631,
    "num_pixels": 16777216
  },
  "5_up": {
    "mse": 0.0011302424827590585,
    "num_pixels": 45088768
  },
  "5_gate": {
    "mse": 0.0012059938162565231,
    "num_pixels": 45088768
  },
  "5_down": {
    "mse": 0.0011288003297522664,
    "num_pixels": 45088768
  },
  "6_q": {
    "mse": 0.0014471494359895587,
    "num_pixels": 16777216
  },
  "6_k": {
    "mse": 0.0014727363595739007,
    "num_pixels": 16777216
  },
  "6_v": {
    "mse": 0.0010113522876054049,
    "num_pixels": 16777216
  },
  "6_o": {
    "mse": 0.0010066893883049488,
    "num_pixels": 16777216
  },
  "6_up": {
    "mse": 0.0011282917112112045,
    "num_pixels": 45088768
  },
  "6_gate": {
    "mse": 0.0012192146386951208,
    "num_pixels": 45088768
  },
  "6_down": {
    "mse": 0.0011254105484113097,
    "num_pixels": 45088768
  },
  "7_q": {
    "mse": 0.0014448363799601793,
    "num_pixels": 16777216
  },
  "7_k": {
    "mse": 0.0014502608682960272,
    "num_pixels": 16777216
  },
  "7_v": {
    "mse": 0.0010161860845983028,
    "num_pixels": 16777216
  },
  "7_o": {
    "mse": 0.0010098135098814964,
    "num_pixels": 16777216
  },
  "7_up": {
    "mse": 0.0011294478317722678,
    "num_pixels": 45088768
  },
  "7_gate": {
    "mse": 0.0012188329128548503,
    "num_pixels": 45088768
  },
  "7_down": {
    "mse": 0.0011268415255472064,
    "num_pixels": 45088768
  },
  "8_q": {
    "mse": 0.0014560071285814047,
    "num_pixels": 16777216
  },
  "8_k": {
    "mse": 0.0014640213921666145,
    "num_pixels": 16777216
  },
  "8_v": {
    "mse": 0.001027491525746882,
    "num_pixels": 16777216
  },
  "8_o": {
    "mse": 0.0010209560859948397,
    "num_pixels": 16777216
  },
  "8_up": {
    "mse": 0.0011376645416021347,
    "num_pixels": 45088768
  },
  "8_gate": {
    "mse": 0.0012059381697326899,
    "num_pixels": 45088768
  },
  "8_down": {
    "mse": 0.0011327298125252128,
    "num_pixels": 45088768
  },
  "9_q": {
    "mse": 0.0014589529018849134,
    "num_pixels": 16777216
  },
  "9_k": {
    "mse": 0.001490455586463213,
    "num_pixels": 16777216
  },
  "9_v": {
    "mse": 0.0010357475839555264,
    "num_pixels": 16777216
  },
  "9_o": {
    "mse": 0.0010299412533640862,
    "num_pixels": 16777216
  },
  "9_up": {
    "mse": 0.001141793210990727,
    "num_pixels": 45088768
  },
  "9_gate": {
    "mse": 0.0011989951599389315,
    "num_pixels": 45088768
  },
  "9_down": {
    "mse": 0.0011371595319360495,
    "num_pixels": 45088768
  },
  "10_q": {
    "mse": 0.0014568327460438013,
    "num_pixels": 16777216
  },
  "10_k": {
    "mse": 0.0014947892632335424,
    "num_pixels": 16777216
  },
  "10_v": {
    "mse": 0.0010315112303942442,
    "num_pixels": 16777216
  },
  "10_o": {
    "mse": 0.001027492806315422,
    "num_pixels": 16777216
  },
  "10_up": {
    "mse": 0.0011486397124826908,
    "num_pixels": 45088768
  },
  "10_gate": {
    "mse": 0.0011966285528615117,
    "num_pixels": 45088768
  },
  "10_down": {
    "mse": 0.0011424061376601458,
    "num_pixels": 45088768
  },
  "11_q": {
    "mse": 0.00139529793523252,
    "num_pixels": 16777216
  },
  "11_k": {
    "mse": 0.0013923428487032652,
    "num_pixels": 16777216
  },
  "11_v": {
    "mse": 0.0010485327802598476,
    "num_pixels": 16777216
  },
  "11_o": {
    "mse": 0.001044679433107376,
    "num_pixels": 16777216
  },
  "11_up": {
    "mse": 0.0011537759564816952,
    "num_pixels": 45088768
  },
  "11_gate": {
    "mse": 0.0011935089714825153,
    "num_pixels": 45088768
  },
  "11_down": {
    "mse": 0.0011464097769930959,
    "num_pixels": 45088768
  },
  "12_q": {
    "mse": 0.0014188963687047362,
    "num_pixels": 16777216
  },
  "12_k": {
    "mse": 0.0014571078354492784,
    "num_pixels": 16777216
  },
  "12_v": {
    "mse": 0.0010436598677188158,
    "num_pixels": 16777216
  },
  "12_o": {
    "mse": 0.0010396715952083468,
    "num_pixels": 16777216
  },
  "12_up": {
    "mse": 0.001160284853540361,
    "num_pixels": 45088768
  },
  "12_gate": {
    "mse": 0.0011892161564901471,
    "num_pixels": 45088768
  },
  "12_down": {
    "mse": 0.001152284792624414,
    "num_pixels": 45088768
  },
  "13_q": {
    "mse": 0.0014083334244787693,
    "num_pixels": 16777216
  },
  "13_k": {
    "mse": 0.0014299461618065834,
    "num_pixels": 16777216
  },
  "13_v": {
    "mse": 0.0010594964260235429,
    "num_pixels": 16777216
  },
  "13_o": {
    "mse": 0.0010547294514253736,
    "num_pixels": 16777216
  },
  "13_up": {
    "mse": 0.0011672347318381071,
    "num_pixels": 45088768
  },
  "13_gate": {
    "mse": 0.0011865416308864951,
    "num_pixels": 45088768
  },
  "13_down": {
    "mse": 0.0011572978692129254,
    "num_pixels": 45088768
  },
  "14_q": {
    "mse": 0.0014051634352654219,
    "num_pixels": 16777216
  },
  "14_k": {
    "mse": 0.0014266446232795715,
    "num_pixels": 16777216
  },
  "14_v": {
    "mse": 0.0010518594644963741,
    "num_pixels": 16777216
  },
  "14_o": {
    "mse": 0.0010452682618051767,
    "num_pixels": 16777216
  },