{
  "wikitext2": 5.501456260681152,
  "c4": 7.002780437469482
}