{
    "t=1": {
        "mses": [
            0.23580134402169467,
            0.23580134402169467,
            0.23580134402169467,
            0.23580134402169467,
            0.23580134402169467,
            0.23580134402169467,
            0.23580134402169467,
            0.23580134402169467,
            0.23580134402169467
        ],
        "mse_from_npy": [
            0.5257965565268965,
            0.5257965565268965,
            0.5257965565268965,
            0.5257965565268965,
            0.5257965565268965,
            0.5257965565268965,
            0.5257965565268965,
            0.5257965565268965,
            0.5257965565268965
        ],
        "bpps": [
            1.2749725341796876,
            1.2749725341796876,
            1.2749725341796876,
            1.2749725341796876,
            1.2749725341796876,
            1.2749725341796876,
            1.2749725341796876,
            1.2749725341796876,
            1.2749725341796876
        ]
    },
    "t=1.2": {
        "mses": [
            0.3425210270750536,
            0.3425210270750536,
            0.3425210270750536,
            0.3425210270750536,
            0.3425210270750536,
            0.3425210270750536,
            0.3425210270750536,
            0.3425210270750536,
            0.34251236547491937
        ],
        "mse_from_npy": [
            0.5676030012665394,
            0.5676030012665394,
            0.5676030012665394,
            0.5676030012665394,
            0.5676030012665394,
            0.5676030012665394,
            0.5676030012665394,
            0.5676030012665394,
            0.5675927015263018
        ],
        "bpps": [
            1.156498046875,
            1.156498046875,
            1.156498046875,
            1.156498046875,
            1.156498046875,
            1.156498046875,
            1.156498046875,
            1.156498046875,
            1.1565242919921874
        ]
    },
    "t=1.5": {
        "mses": [
            0.5125351832341094,
            0.5125351832341094,
            0.5125351832341094,
            0.5125351832341094,
            0.5125351832341094,
            0.5125351832341094,
            0.5124828471864907,
            0.5121178596753351,
            0.509502366456311
        ],
        "mse_from_npy": [
            0.6673425863892897,
            0.6673425863892897,
            0.6673425863892897,
            0.6673425863892897,
            0.6673425863892897,
            0.6673425863892897,
            0.6672832695485189,
            0.6668737013276179,
            0.663947930814896
        ],
        "bpps": [
            0.967934326171875,
            0.967934326171875,
            0.967934326171875,
            0.967934326171875,
            0.967934326171875,
            0.967934326171875,
            0.968089599609375,
            0.9690953369140625,
            0.975932861328125
        ]
    },
    "t=2": {
        "mses": [
            0.7445672466305838,
            0.7445672466305838,
            0.7445672466305838,
            0.744492629420727,
            0.7391714718287923,
            0.7254181829191398,
            0.7131985275222515,
            0.6951939618613415,
            0.6614032209025845
        ],
        "mse_from_npy": [
            0.8270241593702683,
            0.8270241593702683,
            0.8270241593702683,
            0.8269446025087442,
            0.8213552575801191,
            0.8070543165923176,
            0.7943974256088394,
            0.7754314438381955,
            0.7390059199058793
        ],
        "bpps": [
            0.6216981201171875,
            0.6216981201171875,
            0.6216981201171875,
            0.621921875,
            0.636774658203125,
            0.6763404541015625,
            0.7140731201171875,
            0.7627757568359375,
            0.8383980712890625
        ]
    },
    "t=2.5": {
        "mses": [
            0.8767115409847441,
            0.8767115409847441,
            0.868306638724765,
            0.8558239235431396,
            0.8394639844789805,
            0.8028025356770222,
            0.7583075523515617,
            0.7183946473645562,
            0.6838700249503047
        ],
        "mse_from_npy": [
            0.9203630944185847,
            0.9203630944185847,
            0.911871351585659,
            0.8992908195940289,
            0.8825273065608461,
            0.8441454874432893,
            0.797779834322166,
            0.7564131231897371,
            0.720683613307041
        ],
        "bpps": [
            0.3444945068359375,
            0.3444945068359375,
            0.371291015625,
            0.41521826171875,
            0.4581807861328125,
            0.541068603515625,
            0.6393258056640625,
            0.7336171875,
            0.8297822265625
        ]
    },
    "t=3": {
        "mses": [
            0.9415729994167154,
            0.9415729994167154,
            0.9252381191518818,
            0.8861193807183209,
            0.8415459028265847,
            0.8008841152883552,
            0.7628330148474581,
            0.7271914261914586,
            0.6935645871439542
        ],
        "mse_from_npy": [
            0.9653571925304035,
            0.9653571925304035,
            0.9489948174633839,
            0.9089417320290529,
            0.8633383970565679,
            0.8218835909674156,
            0.7830635613432471,
            0.7468541326765251,
            0.7126963101580744
        ],
        "bpps": [
            0.1998333740234375,
            0.1998333740234375,
            0.252436279296875,
            0.3385487060546875,
            0.4384207763671875,
            0.53452294921875,
            0.62947705078125,
            0.728813720703125,
            0.82747900390625
        ]
    },
    "t=3.5": {
        "mses": [
            0.9721733544607527,
            0.9721733544607527,
            0.933136854394822,
            0.886674857571115,
            0.8458844679829939,
            0.8051217347616103,
            0.7696677727256028,
            0.7354540440475031,
            0.7030891004790863
        ],
        "mse_from_npy": [
            0.9860712168069258,
            0.9860712168069258,
            0.9467156304189349,
            0.8996497395599476,
            0.8583510372890139,
            0.8171723773797537,
            0.7814049390897997,
            0.7468779706599028,
            0.7140863234867775
        ],
        "bpps": [
            0.1429259033203125,
            0.1429259033203125,
            0.231832275390625,
            0.336332275390625,
            0.4314979248046875,
            0.5282625732421875,
            0.625556884765625,
            0.72521728515625,
            0.826197021484375
        ]
    },
    "t=4": {
        "mses": [
            0.9880429175088447,
            0.9880429175088447,
            0.939012519615547,
            0.8923292235420754,
            0.8476450071052561,
            0.8108403302223631,
            0.7749320124661624,
            0.7418688544471035,
            0.7121021444638725
        ],
        "mse_from_npy": [
            0.9962771696387869,
            0.9962771696387869,
            0.9470615425130567,
            0.9001352789617677,
            0.8551934899210901,
            0.8182459300941215,
            0.782185264321844,
            0.7488836046822549,
            0.7188394725949429
        ],
        "bpps": [
            0.1219296875,
            0.1219296875,
            0.2277603759765625,
            0.329894287109375,
            0.4309521484375,
            0.5269075927734375,
            0.623898193359375,
            0.7231790771484375,
            0.8223282470703125
        ]
    },