{
  "wikitext2": 6.8262104988098145,
  "c4": 8.49487590789795
}