{
  "wikitext2": 5.7964701652526855,
  "c4": 7.327883243560791
}