{
  "wikitext2": 5.566837787628174,
  "c4": 7.075014114379883
}