{
  "wikitext2": 14.73915958404541,
  "c4": 20.426851272583008
}