{
  "wikitext2": 13.466699600219727,
  "c4": 18.816112518310547
}