{
  "wikitext2": 11.24372386932373,
  "c4": 14.667104721069336
}