{
  "0_q.pt": {
    "mse": 9.525669156573713e-06,
    "num_pixels": 9437184
  },
  "0_k.pt": {
    "mse": 1.3008895621169358e-05,
    "num_pixels": 3145728
  },
  "0_v.pt": {
    "mse": 8.060462164394266e-07,
    "num_pixels": 3145728
  },
  "0_o.pt": {
    "mse": 9.085797501029447e-07,
    "num_pixels": 9437184
  },
  "0_up.pt": {
    "mse": 1.362517991765344e-06,
    "num_pixels": 25165824
  },
  "0_gate.pt": {
    "mse": 1.5306966361094965e-06,
    "num_pixels": 25165824
  },
  "0_down.pt": {
    "mse": 1.2761190646415344e-06,
    "num_pixels": 25165824
  },
  "1_q.pt": {
    "mse": 3.701894911500858e-06,
    "num_pixels": 9437184
  },
  "1_k.pt": {
    "mse": 6.302930614765501e-06,
    "num_pixels": 3145728
  },
  "1_v.pt": {
    "mse": 8.256178034571349e-07,
    "num_pixels": 3145728
  },
  "1_o.pt": {
    "mse": 1.1243020026086015e-06,
    "num_pixels": 9437184
  },
  "1_up.pt": {
    "mse": 1.466504954805714e-06,
    "num_pixels": 25165824
  },
  "1_gate.pt": {
    "mse": 1.686469431660953e-06,
    "num_pixels": 25165824
  },
  "1_down.pt": {
    "mse": 1.0615071914799046e-06,
    "num_pixels": 25165824
  },
  "2_q.pt": {
    "mse": 2.828608558047563e-06,
    "num_pixels": 9437184
  },
  "2_k.pt": {
    "mse": 4.787853868037928e-06,
    "num_pixels": 3145728
  },
  "2_v.pt": {
    "mse": 6.008714876770682e-07,
    "num_pixels": 3145728
  },
  "2_o.pt": {
    "mse": 7.846768426134076e-07,
    "num_pixels": 9437184
  },
  "2_up.pt": {
    "mse": 1.3390661024459405e-06,
    "num_pixels": 25165824
  },
  "2_gate.pt": {
    "mse": 1.5899853451628587e-06,
    "num_pixels": 25165824
  },
  "2_down.pt": {
    "mse": 1.1906084864676814e-06,
    "num_pixels": 25165824
  },
  "3_q.pt": {
    "mse": 2.535878593334928e-06,
    "num_pixels": 9437184
  },
  "3_k.pt": {
    "mse": 4.2161846067756414e-06,
    "num_pixels": 3145728
  },
  "3_v.pt": {
    "mse": 7.482564683414239e-07,
    "num_pixels": 3145728
  },
  "3_o.pt": {
    "mse": 9.838830692388e-07,
    "num_pixels": 9437184
  },
  "3_up.pt": {
    "mse": 1.2568382317112992e-06,
    "num_pixels": 25165824
  },
  "3_gate.pt": {
    "mse": 1.6643768958601868e-06,
    "num_pixels": 25165824
  },
  "3_down.pt": {
    "mse": 1.1128057622045162e-06,
    "num_pixels": 25165824
  },
  "4_q.pt": {
    "mse": 2.6339978376199724e-06,
    "num_pixels": 9437184
  },
  "4_k.pt": {
    "mse": 4.080170583620202e-06,
    "num_pixels": 3145728
  },
  "4_v.pt": {
    "mse": 8.350241387233837e-07,
    "num_pixels": 3145728
  },
  "4_o.pt": {
    "mse": 1.1216086477361387e-06,
    "num_pixels": 9437184
  },
  "4_up.pt": {
    "mse": 1.1463807823020034e-06,
    "num_pixels": 25165824
  },
  "4_gate.pt": {
    "mse": 1.738752871460747e-06,
    "num_pixels": 25165824
  },
  "4_down.pt": {
    "mse": 1.0968022934321198e-06,
    "num_pixels": 25165824
  },
  "5_q.pt": {
    "mse": 2.653943283803528e-06,
    "num_pixels": 9437184
  },
  "5_k.pt": {
    "mse": 4.457388968148734e-06,
    "num_pixels": 3145728
  },
  "5_v.pt": {
    "mse": 6.129924940978526e-07,
    "num_pixels": 3145728
  },
  "5_o.pt": {
    "mse": 9.128621627496614e-07,
    "num_pixels": 9437184
  },
  "5_up.pt": {
    "mse": 1.1465701845736476e-06,
    "num_pixels": 25165824
  },
  "5_gate.pt": {
    "mse": 1.6342022490789532e-06,
    "num_pixels": 25165824
  },
  "5_down.pt": {
    "mse": 1.1163023145854822e-06,
    "num_pixels": 25165824
  },
  "6_q.pt": {
    "mse": 2.6579725727060577e-06,
    "num_pixels": 9437184
  },
  "6_k.pt": {
    "mse": 4.210143742966466e-06,
    "num_pixels": 3145728
  },
  "6_v.pt": {
    "mse": 6.651607691310346e-07,
    "num_pixels": 3145728
  },
  "6_o.pt": {
    "mse": 9.250201742361241e-07,
    "num_pixels": 9437184
  },
  "6_up.pt": {
    "mse": 1.1495322951304843e-06,
    "num_pixels": 25165824
  },
  "6_gate.pt": {
    "mse": 1.6012752439564792e-06,
    "num_pixels": 25165824
  },
  "6_down.pt": {
    "mse": 1.1146760243718745e-06,
    "num_pixels": 25165824
  },
  "7_q.pt": {
    "mse": 2.5014244329213398e-06,
    "num_pixels": 9437184
  },
  "7_k.pt": {
    "mse": 4.461851858650334e-06,
    "num_pixels": 3145728
  },
  "7_v.pt": {
    "mse": 6.33431000096607e-07,
    "num_pixels": 3145728
  },
  "7_o.pt": {
    "mse": 9.895609309751308e-07,
    "num_pixels": 9437184
  },
  "7_up.pt": {
    "mse": 1.1587133030843688e-06,
    "num_pixels": 25165824
  },
  "7_gate.pt": {
    "mse": 1.4975457816035487e-06,
    "num_pixels": 25165824
  },
  "7_down.pt": {
    "mse": 1.1356643199178507e-06,
    "num_pixels": 25165824
  },
  "8_q.pt": {
    "mse": 2.493482952559134e-06,
    "num_pixels": 9437184
  },
  "8_k.pt": {
    "mse": 4.246066509949742e-06,
    "num_pixels": 3145728
  },
  "8_v.pt": {
    "mse": 6.425960918932105e-07,
    "num_pixels": 3145728
  },
  "8_o.pt": {
    "mse": 9.886282441584626e-07,
    "num_pixels": 9437184
  },
  "8_up.pt": {
    "mse": 1.1422274610595196e-06,
    "num_pixels": 25165824
  },
  "8_gate.pt": {
    "mse": 1.4984116205596365e-06,
    "num_pixels": 25165824
  },
  "8_down.pt": {
    "mse": 1.1182751222804654e-06,
    "num_pixels": 25165824
  },
  "9_q.pt": {
    "mse": 2.4066857804427855e-06,
    "num_pixels": 9437184
  },
  "9_k.pt": {
    "mse": 4.148404059378663e-06,
    "num_pixels": 3145728
  },
  "9_v.pt": {
    "mse": 7.550193004135508e-07,
    "num_pixels": 3145728
  },
  "9_o.pt": {
    "mse": 1.137207050305733e-06,
    "num_pixels": 9437184
  },
  "9_up.pt": {
    "mse": 1.1819137171187322e-06,
    "num_pixels": 25165824
  },
  "9_gate.pt": {
    "mse": 1.4837007711321348e-06,
    "num_pixels": 25165824
  },
  "9_down.pt": {
    "mse": 1.144303041655803e-06,
    "num_pixels": 25165824
  },
  "10_q.pt": {
    "mse": 2.347843064853805e-06,
    "num_pixels": 9437184
  },
  "10_k.pt": {
    "mse": 4.089558842679253e-06,
    "num_pixels": 3145728
  },
  "10_v.pt": {
    "mse": 5.828121629747329e-07,
    "num_pixels": 3145728
  },
  "10_o.pt": {
    "mse": 1.0120021443071892e-06,
    "num_pixels": 9437184
  },
  "10_up.pt": {
    "mse": 1.1983061085629743e-06,
    "num_pixels": 25165824
  },
  "10_gate.pt": {
    "mse": 1.4000195278640604e-06,
    "num_pixels": 25165824
  },
  "10_down.pt": {
    "mse": 1.151842639046663e-06,
    "num_pixels": 25165824
  },
  "11_q.pt": {
    "mse": 2.3527654775534756e-06,
    "num_pixels": 9437184
  },
  "11_k.pt": {
    "mse": 3.963838025811128e-06,
    "num_pixels": 3145728
  },
  "11_v.pt": {
    "mse": 8.184150601664442e-07,
    "num_pixels": 3145728
  },
  "11_o.pt": {
    "mse": 1.1151732906000689e-06,
    "num_pixels": 9437184
  },
  "11_up.pt": {
    "mse": 1.234409182870877e-06,
    "num_pixels": 25165824
  },
  "11_gate.pt": {
    "mse": 1.371785401715897e-06,
    "num_pixels": 25165824
  },
  "11_down.pt": {
    "mse": 1.1831607480417006e-06,
    "num_pixels": 25165824
  },
  "12_q.pt": {
    "mse": 2.412490630376851e-06,
    "num_pixels": 9437184
  },
  "12_k.pt": {
    "mse": 4.0562281355960295e-06,
    "num_pixels": 3145728
  },
  "12_v.pt": {
    "mse": 6.56284441902244e-07,
    "num_pixels": 3145728
  },
  "12_o.pt": {
    "mse": 1.011162567010615e-06,
    "num_pixels": 9437184
  },
  "12_up.pt": {
    "mse": 1.270597522307071e-06,
    "num_pixels": 25165824
  },
  "12_gate.pt": {
    "mse": 1.3760907222604146e-06,
    "num_pixels": 25165824
  },
  "12_down.pt": {
    "mse": 1.2080417945981026e-06,
    "num_pixels": 25165824
  },
  "13_q.pt": {
    "mse": 2.30247155741381e-06,
    "num_pixels": 9437184
  },
  "13_k.pt": {
    "mse": 4.099450507055735e-06,
    "num_pixels": 3145728
  },
  "13_v.pt": {
    "mse": 7.164114208535466e-07,
    "num_pixels": 3145728
  },
  "13_o.pt": {
    "mse": 1.1279080354142934e-06,
    "num_pixels": 9437184
  },
  "13_up.pt": {
    "mse": 1.2862080893683014e-06,
    "num_pixels": 25165824
  },
  "13_gate.pt": {
    "mse": 1.4305360309663229e-06,
    "num_pixels": 25165824
  },
  "13_down.pt": {
    "mse": 1.2441995522749494e-06,
    "num_pixels": 25165824
  },