{
    "ppl": {
        "wikitext2": 32048.318359375,
        "c4": 32048.318359375
    }
}