{
    "ppl": {
        "wikitext2": 5.521871089935303,
        "c4": 7.121087074279785
    }
}