{
    "ppl": {
        "wikitext2": 5.00111198425293,
        "c4": 6.575009822845459
    }
}