{
    "ppl": {
        "wikitext2": 4.882187366485596,
        "c4": 6.467852592468262
    }
}