{
  "wikitext2": 5.601992130279541,
  "c4": 7.2610273361206055,
  "ptb": 33.2380256652832
}