{
  "wikitext2": 5.085856914520264,
  "c4": 6.6949896812438965,
  "ptb": 30.03169059753418
}