{
  "wikitext2": 4.934842586517334,
  "c4": 6.527217388153076,
  "ptb": 29.310054779052734
}