{
  "compressed_layers": 21,
  "compressed_params": 11678912,
  "fp32_bits": 373725184.0,
  "use_codes": false,
  "metadata_bits": 63270.0,
  "estimated_bits": 38754796.759765625,
  "actual_bits": null,
  "estimated_bits_per_param": 3.318356774994591,
  "actual_bits_per_param": null,
  "estimated_compression_ratio": 9.643327155517255,
  "actual_compression_ratio": null,
  "weighted_mse": 8.99681391102386e-06,
  "eval_before": {
    "top1": 69.764,
    "top5": 89.07,
    "num_samples": 50000.0
  },
  "eval_after": {
    "top1": 61.366,
    "top5": 83.432,
    "num_samples": 50000.0
  }
}