{
  "compressed_layers": 21,
  "compressed_params": 11678912,
  "fp32_bits": 373725184.0,
  "use_codes": false,
  "metadata_bits": 63296.0,
  "estimated_bits": 45961643.556640625,
  "actual_bits": null,
  "estimated_bits_per_param": 3.9354388111358856,
  "actual_bits_per_param": null,
  "estimated_compression_ratio": 8.131240640675555,
  "actual_compression_ratio": null,
  "weighted_mse": 9.345820013481291e-06,
  "eval_before": {
    "top1": 69.764,
    "top5": 89.07,
    "num_samples": 50000.0
  },
  "eval_after": {
    "top1": 69.564,
    "top5": 88.93,
    "num_samples": 50000.0
  }
}