{
  "compressed_layers": 21,
  "compressed_params": 11678912,
  "fp32_bits": 373725184.0,
  "use_codes": false,
  "metadata_bits": 63270.0,
  "estimated_bits": 16387439.907226562,
  "actual_bits": null,
  "estimated_bits_per_param": 1.4031649444080547,
  "actual_bits_per_param": null,
  "estimated_compression_ratio": 22.805586846740717,
  "actual_compression_ratio": null,
  "weighted_mse": 0.00013013441043488393,
  "eval_before": {
    "top1": 69.764,
    "top5": 89.07,
    "num_samples": 50000.0
  },
  "eval_after": {
    "top1": 0.234,
    "top5": 1.008,
    "num_samples": 50000.0
  }
}