{
    "t=1": {
        "mses": [
            0.2359889158714901,
            0.2359889158714901,
            0.2359889158714901,
            0.2359889158714901,
            0.2359889158714901,
            0.23597897079289737,
            0.23595372425214636,
            0.235941153740928,
            0.23587474418438864
        ],
        "mse_from_npy": [
            0.5093880001724801,
            0.5093880001724801,
            0.5093880001724801,
            0.5093880001724801,
            0.5093880001724801,
            0.5093754161227739,
            0.5093463532050722,
            0.5093331655668535,
            0.5092521976163583
        ],
        "bpps": [
            1.29255859375,
            1.29255859375,
            1.29255859375,
            1.29255859375,
            1.29255859375,
            1.29265234375,
            1.29285546875,
            1.293041015625,
            1.293462890625
        ]
    },
    "t=1.2": {
        "mses": [
            0.3429080043699702,
            0.3429080043699702,
            0.3429080043699702,
            0.3428883498925803,
            0.3428739138409941,
            0.34283721559133074,
            0.34270115005848256,
            0.3426404454065236,
            0.3424292980585407
        ],
        "mse_from_npy": [
            0.5526686439524016,
            0.5526686439524016,
            0.5526686439524016,
            0.5526461287413001,
            0.5526301126542904,
            0.5525895045457406,
            0.5524244504510433,
            0.5523547889847492,
            0.5521106712033034
        ],
        "bpps": [
            1.17380078125,
            1.17380078125,
            1.17380078125,
            1.174005859375,
            1.17418359375,
            1.174501953125,
            1.17543359375,
            1.1759765625,
            1.17715625
        ]
    },
    "t=1.5": {
        "mses": [
            0.5131035217266766,
            0.5131035217266766,
            0.513085703582888,
            0.512994834911888,
            0.5129186377244682,
            0.5126498000601729,
            0.5123596571466366,
            0.511506531506003,
            0.5089251184335578
        ],
        "mse_from_npy": [
            0.6540680859956665,
            0.6540680859956665,
            0.6540482576962728,
            0.6539415718221182,
            0.6538492358364111,
            0.6535330497517247,
            0.6532208034026658,
            0.6522737352334022,
            0.649423299889744
        ],
        "bpps": [
            0.984556640625,
            0.984556640625,
            0.98474609375,
            0.9855234375,
            0.986173828125,
            0.98775390625,
            0.98944921875,
            0.992888671875,
            1.001484375
        ]
    },
    "t=2": {
        "mses": [
            0.7455636934264277,
            0.7455636934264277,
            0.7453634803397211,
            0.7445564022621706,
            0.7400794817970998,
            0.726739108176849,
            0.7112857314847277,
            0.6928201769701389,
            0.666070537954626
        ],
        "mse_from_npy": [
            0.8166459738814442,
            0.8166459738814442,
            0.8164283966034356,
            0.8155595732138393,
            0.8108689789072868,
            0.7969797760138919,
            0.7809399720512917,
            0.7617287305867436,
            0.7334740075946068
        ],
        "bpps": [
            0.63777734375,
            0.63777734375,
            0.639162109375,
            0.6427734375,
            0.6579296875,
            0.6972265625,
            0.74349609375,
            0.796111328125,
            0.86484375
        ]
    },
    "t=2.5": {
        "mses": [
            0.8770366942877889,
            0.8770366942877889,
            0.8701868050314234,
            0.8541866283347599,
            0.833177784127201,
            0.8045121339532055,
            0.7712286672141379,
            0.7376555071970577,
            0.7044025219934432
        ],
        "mse_from_npy": [
            0.911423018642515,
            0.911423018642515,
            0.9044782655542787,
            0.8883160248951303,
            0.8669744864950207,
            0.8375695846990454,
            0.8034838411347752,
            0.7690157681381499,
            0.7348239152784345
        ],
        "bpps": [
            0.359220703125,
            0.359220703125,
            0.3826171875,
            0.436955078125,
            0.4977421875,
            0.5754765625,
            0.6594921875,
            0.7477578125,
            0.83991015625
        ]
    },
    "t=3": {
        "mses": [
            0.9394451693490311,
            0.9394451693490311,
            0.9189274498740229,
            0.8867559145369597,
            0.8526501810566003,
            0.8179972531620815,
            0.7827825941962764,
            0.7496091972024433,
            0.7159446596730927
        ],
        "mse_from_npy": [
            0.95564917340977,
            0.95564917340977,
            0.9350874449614064,
            0.9026883222725013,
            0.8682991584077298,
            0.8333279830579305,
            0.7976807553921693,
            0.7640544055984243,
            0.7298505616552994
        ],
        "bpps": [
            0.213642578125,
            0.213642578125,
            0.278775390625,
            0.363587890625,
            0.45604296875,
            0.54697265625,
            0.6387578125,
            0.733369140625,
            0.83014453125
        ]
    },
    "t=3.5": {
        "mses": [
            0.9675529124018089,
            0.9675529124018089,
            0.932841882351615,
            0.8958808364242836,
            0.8598332775956582,
            0.8212355998081661,
            0.7864604078196221,
            0.7517837523389587,
            0.7209682239452646
        ],
        "mse_from_npy": [
            0.9752348190852413,
            0.9752348190852413,
            0.9406151128941243,
            0.9036530439983228,
            0.8675005002886849,
            0.8287186677330372,
            0.7937152908794407,
            0.7587747906547138,
            0.7276729880114904
        ],
        "bpps": [
            0.15340625,
            0.15340625,
            0.24798828125,
            0.344234375,
            0.438765625,
            0.535583984375,
            0.630677734375,
            0.72838671875,
            0.827375
        ]
    },
    "t=4": {
        "mses": [
            0.9807401725239893,
            0.9807401725239893,
            0.939932214899892,
            0.899521009501548,
            0.8606274096491022,
            0.8237658398622804,
            0.7871517018418701,
            0.7541457466285927,
            0.7230366881136391
        ],
        "mse_from_npy": [
            0.9839769165786103,
            0.9839769165786103,
            0.9434523827929564,
            0.9031800707211425,
            0.8643062772410236,
            0.827424002204398,
            0.7907190513004652,
            0.7575523246537299,
            0.7262874115263733
        ],
        "bpps": [
            0.128263671875,
            0.128263671875,
            0.233705078125,
            0.334556640625,
            0.430486328125,
            0.5284921875,
            0.626154296875,
            0.724560546875,
            0.82459765625
        ]
    },
    "t=5": {
        "mses": [
            0.9895977118477258,
            0.9895977118477258,
            0.9423166049786549,
            0.9001957168813098,
            0.8614942071277094,
            0.8242759971228567,
            0.7876468105177971,
            0.7541639972720672,
            0.7263731946020648
        ],