{
  "wikitext2": 20.493988037109375,
  "c4": 25.75275421142578
}