{
  "0_q.pt": {
    "mse": 0.002755432855337858,
    "num_pixels": 4194304
  },
  "0_k.pt": {
    "mse": 0.004616699181497097,
    "num_pixels": 1048576
  },
  "0_v.pt": {
    "mse": 0.0001784946070984006,
    "num_pixels": 1048576
  },
  "0_o.pt": {
    "mse": 0.00027734582545235753,
    "num_pixels": 4194304
  },
  "0_up.pt": {
    "mse": 0.0006276374915614724,
    "num_pixels": 16777216
  },
  "0_gate.pt": {
    "mse": 0.0007889450062066317,
    "num_pixels": 16777216
  },
  "0_down.pt": {
    "mse": 0.0006182934157550335,
    "num_pixels": 16777216
  },
  "1_q.pt": {
    "mse": 0.0016439235769212246,
    "num_pixels": 4194304
  },
  "1_k.pt": {
    "mse": 0.0033325939439237118,
    "num_pixels": 1048576
  },
  "1_v.pt": {
    "mse": 0.0001991746830753982,
    "num_pixels": 1048576
  },
  "1_o.pt": {
    "mse": 0.0003440943546593189,
    "num_pixels": 4194304
  },
  "1_up.pt": {
    "mse": 0.0006214458262547851,
    "num_pixels": 16777216
  },
  "1_gate.pt": {
    "mse": 0.0008572355145588517,
    "num_pixels": 16777216
  },
  "1_down.pt": {
    "mse": 0.0006059170700609684,
    "num_pixels": 16777216
  },
  "2_q.pt": {
    "mse": 0.001597769558429718,
    "num_pixels": 4194304
  },
  "2_k.pt": {
    "mse": 0.0029558148235082626,
    "num_pixels": 1048576
  },
  "2_v.pt": {
    "mse": 0.0002771130239125341,
    "num_pixels": 1048576
  },
  "2_o.pt": {
    "mse": 0.0003532581322360784,
    "num_pixels": 4194304
  },
  "2_up.pt": {
    "mse": 0.000566906004678458,
    "num_pixels": 16777216
  },
  "2_gate.pt": {
    "mse": 0.0009072159882634878,
    "num_pixels": 16777216
  },
  "2_down.pt": {
    "mse": 0.0005773426964879036,
    "num_pixels": 16777216
  },
  "3_q.pt": {
    "mse": 0.001558611518703401,
    "num_pixels": 4194304
  },
  "3_k.pt": {
    "mse": 0.002813922241330147,
    "num_pixels": 1048576
  },
  "3_v.pt": {
    "mse": 0.0003857227857224643,
    "num_pixels": 1048576
  },
  "3_o.pt": {
    "mse": 0.0004532972234301269,
    "num_pixels": 4194304
  },
  "3_up.pt": {
    "mse": 0.0005360051291063428,
    "num_pixels": 16777216
  },
  "3_gate.pt": {
    "mse": 0.0010718688135966659,
    "num_pixels": 16777216
  },
  "3_down.pt": {
    "mse": 0.0005263542989268899,
    "num_pixels": 16777216
  },
  "4_q.pt": {
    "mse": 0.0014621892478317022,
    "num_pixels": 4194304
  },
  "4_k.pt": {
    "mse": 0.002739479299634695,
    "num_pixels": 1048576
  },
  "4_v.pt": {
    "mse": 0.00035700699663721025,
    "num_pixels": 1048576
  },
  "4_o.pt": {
    "mse": 0.00045292871072888374,
    "num_pixels": 4194304
  },
  "4_up.pt": {
    "mse": 0.0005274501163512468,
    "num_pixels": 16777216
  },
  "4_gate.pt": {
    "mse": 0.0011478301603347063,
    "num_pixels": 16777216
  },
  "4_down.pt": {
    "mse": 0.0005171056836843491,
    "num_pixels": 16777216
  },
  "5_q.pt": {
    "mse": 0.0013820347376167774,
    "num_pixels": 4194304
  },
  "5_k.pt": {
    "mse": 0.0027847359888255596,
    "num_pixels": 1048576
  },
  "5_v.pt": {
    "mse": 0.00025291956262663007,
    "num_pixels": 1048576
  },
  "5_o.pt": {
    "mse": 0.0003730269963853061,
    "num_pixels": 4194304
  },
  "5_up.pt": {
    "mse": 0.0005411632591858506,
    "num_pixels": 16777216
  },
  "5_gate.pt": {
    "mse": 0.0010068556293845177,
    "num_pixels": 16777216
  },
  "5_down.pt": {
    "mse": 0.0005272281123325229,
    "num_pixels": 16777216
  },
  "6_q.pt": {
    "mse": 0.001244735554791987,
    "num_pixels": 4194304
  },
  "6_k.pt": {
    "mse": 0.0029824485536664724,
    "num_pixels": 1048576
  },
  "6_v.pt": {
    "mse": 0.00034403777681291103,
    "num_pixels": 1048576
  },
  "6_o.pt": {
    "mse": 0.00041695707477629185,
    "num_pixels": 4194304
  },
  "6_up.pt": {
    "mse": 0.0005308265681378543,
    "num_pixels": 16777216
  },
  "6_gate.pt": {
    "mse": 0.0009599417098797858,
    "num_pixels": 16777216
  },
  "6_down.pt": {
    "mse": 0.0005111873615533113,
    "num_pixels": 16777216
  },
  "7_q.pt": {
    "mse": 0.0014095650985836983,
    "num_pixels": 4194304
  },
  "7_k.pt": {
    "mse": 0.002926521236076951,
    "num_pixels": 1048576
  },
  "7_v.pt": {
    "mse": 0.0003740378306247294,
    "num_pixels": 1048576
  },
  "7_o.pt": {
    "mse": 0.0004431658308021724,
    "num_pixels": 4194304
  },
  "7_up.pt": {
    "mse": 0.0005605601472780108,
    "num_pixels": 16777216
  },
  "7_gate.pt": {
    "mse": 0.000905529479496181,
    "num_pixels": 16777216
  },
  "7_down.pt": {
    "mse": 0.0005360080976970494,
    "num_pixels": 16777216
  },
  "8_q.pt": {
    "mse": 0.0013234310317784548,
    "num_pixels": 4194304
  },
  "8_k.pt": {
    "mse": 0.002986739156767726,
    "num_pixels": 1048576
  },
  "8_v.pt": {
    "mse": 0.00033445257577113807,
    "num_pixels": 1048576
  },
  "8_o.pt": {
    "mse": 0.0004355458077043295,
    "num_pixels": 4194304
  },
  "8_up.pt": {
    "mse": 0.0005716112209483981,
    "num_pixels": 16777216
  },
  "8_gate.pt": {
    "mse": 0.0008811550214886665,
    "num_pixels": 16777216
  },
  "8_down.pt": {
    "mse": 0.0005414239130914211,
    "num_pixels": 16777216
  },
  "9_q.pt": {
    "mse": 0.001777540659531951,
    "num_pixels": 4194304
  },
  "9_k.pt": {
    "mse": 0.0027623462956398726,
    "num_pixels": 1048576
  },
  "9_v.pt": {
    "mse": 0.00040336084202863276,
    "num_pixels": 1048576
  },
  "9_o.pt": {
    "mse": 0.0005029214080423117,
    "num_pixels": 4194304
  },
  "9_up.pt": {
    "mse": 0.0006032339879311621,
    "num_pixels": 16777216
  },
  "9_gate.pt": {
    "mse": 0.0009641920332796872,
    "num_pixels": 16777216
  },
  "9_down.pt": {
    "mse": 0.0005684084608219564,
    "num_pixels": 16777216
  },
  "10_q.pt": {
    "mse": 0.001456623082049191,
    "num_pixels": 4194304
  },
  "10_k.pt": {
    "mse": 0.0024205215740948915,
    "num_pixels": 1048576
  },
  "10_v.pt": {
    "mse": 0.0003200693754479289,
    "num_pixels": 1048576
  },
  "10_o.pt": {
    "mse": 0.0004351740935817361,
    "num_pixels": 4194304
  },
  "10_up.pt": {
    "mse": 0.000614250369835645,
    "num_pixels": 16777216
  },
  "10_gate.pt": {
    "mse": 0.0009605963714420795,
    "num_pixels": 16777216
  },
  "10_down.pt": {
    "mse": 0.0005886161234229803,
    "num_pixels": 16777216
  },
  "11_q.pt": {
    "mse": 0.0015136650763452053,
    "num_pixels": 4194304
  },
  "11_k.pt": {
    "mse": 0.0028584806714206934,
    "num_pixels": 1048576
  },
  "11_v.pt": {
    "mse": 0.0003729986201506108,
    "num_pixels": 1048576
  },
  "11_o.pt": {
    "mse": 0.00047537480713799596,
    "num_pixels": 4194304
  },
  "11_up.pt": {
    "mse": 0.0006380378035828471,
    "num_pixels": 16777216
  },
  "11_gate.pt": {
    "mse": 0.000980678596533835,
    "num_pixels": 16777216
  },
  "11_down.pt": {
    "mse": 0.000615642056800425,
    "num_pixels": 16777216
  },
  "12_q.pt": {
    "mse": 0.0015051685040816665,
    "num_pixels": 4194304
  },
  "12_k.pt": {
    "mse": 0.0026373807340860367,
    "num_pixels": 1048576
  },
  "12_v.pt": {
    "mse": 0.000426274084020406,
    "num_pixels": 1048576
  },
  "12_o.pt": {
    "mse": 0.0004901861539110541,
    "num_pixels": 4194304
  },
  "12_up.pt": {
    "mse": 0.0006702834507450461,
    "num_pixels": 16777216
  },
  "12_gate.pt": {
    "mse": 0.0009697527857497334,
    "num_pixels": 16777216
  },
  "12_down.pt": {
    "mse": 0.0006484915502369404,
    "num_pixels": 16777216
  },
  "13_q.pt": {
    "mse": 0.0014190408401191235,
    "num_pixels": 4194304
  },
  "13_k.pt": {
    "mse": 0.0022456583101302385,
    "num_pixels": 1048576
  },
  "13_v.pt": {
    "mse": 0.0005917347734794021,
    "num_pixels": 1048576
  },
  "13_o.pt": {
    "mse": 0.0006039745640009642,
    "num_pixels": 4194304
  },
  "13_up.pt": {
    "mse": 0.0007090479484759271,
    "num_pixels": 16777216
  },
  "13_gate.pt": {
    "mse": 0.0009317270014435053,
    "num_pixels": 16777216
  },
  "13_down.pt": {
    "mse": 0.0006785567384213209,
    "num_pixels": 16777216
  },
  "14_q.pt": {
    "mse": 0.0014631813392043114,
    "num_pixels": 4194304
  },