{
  "0_q.pt": {
    "mse": 1.0151199603569694e-05,
    "num_pixels": 4194304
  },
  "0_k.pt": {
    "mse": 1.4067717529542278e-05,
    "num_pixels": 1048576
  },
  "0_v.pt": {
    "mse": 4.981200163456379e-07,
    "num_pixels": 1048576
  },
  "0_o.pt": {
    "mse": 8.545579248675494e-07,
    "num_pixels": 4194304
  },
  "0_up.pt": {
    "mse": 1.2660862012126017e-06,
    "num_pixels": 16777216
  },
  "0_gate.pt": {
    "mse": 1.591372097209387e-06,
    "num_pixels": 16777216
  },
  "0_down.pt": {
    "mse": 1.1826437003037427e-06,
    "num_pixels": 16777216
  },
  "1_q.pt": {
    "mse": 3.716823357535759e-06,
    "num_pixels": 4194304
  },
  "1_k.pt": {
    "mse": 7.495177669625264e-06,
    "num_pixels": 1048576
  },
  "1_v.pt": {
    "mse": 4.373547994873661e-07,
    "num_pixels": 1048576
  },
  "1_o.pt": {
    "mse": 9.00990244190325e-07,
    "num_pixels": 4194304
  },
  "1_up.pt": {
    "mse": 1.2396844795148354e-06,
    "num_pixels": 16777216
  },
  "1_gate.pt": {
    "mse": 1.7120223674282897e-06,
    "num_pixels": 16777216
  },
  "1_down.pt": {
    "mse": 9.459546390644391e-07,
    "num_pixels": 16777216
  },
  "2_q.pt": {
    "mse": 3.322735210531391e-06,
    "num_pixels": 4194304
  },
  "2_k.pt": {
    "mse": 6.157038114906754e-06,
    "num_pixels": 1048576
  },
  "2_v.pt": {
    "mse": 5.715180577681167e-07,
    "num_pixels": 1048576
  },
  "2_o.pt": {
    "mse": 7.780797659506788e-07,
    "num_pixels": 4194304
  },
  "2_up.pt": {
    "mse": 1.0578346518741455e-06,
    "num_pixels": 16777216
  },
  "2_gate.pt": {
    "mse": 1.7022011888911948e-06,
    "num_pixels": 16777216
  },
  "2_down.pt": {
    "mse": 1.0743964367065928e-06,
    "num_pixels": 16777216
  },
  "3_q.pt": {
    "mse": 3.034119572475902e-06,
    "num_pixels": 4194304
  },
  "3_k.pt": {
    "mse": 5.5045511544449255e-06,
    "num_pixels": 1048576
  },
  "3_v.pt": {
    "mse": 7.390328278233937e-07,
    "num_pixels": 1048576
  },
  "3_o.pt": {
    "mse": 1.012283973977901e-06,
    "num_pixels": 4194304
  },
  "3_up.pt": {
    "mse": 9.892127081911894e-07,
    "num_pixels": 16777216
  },
  "3_gate.pt": {
    "mse": 1.9820386114588473e-06,
    "num_pixels": 16777216
  },
  "3_down.pt": {
    "mse": 1.0016702844950487e-06,
    "num_pixels": 16777216
  },
  "4_q.pt": {
    "mse": 2.9685527351830387e-06,
    "num_pixels": 4194304
  },
  "4_k.pt": {
    "mse": 5.539178346225526e-06,
    "num_pixels": 1048576
  },
  "4_v.pt": {
    "mse": 7.038597686914727e-07,
    "num_pixels": 1048576
  },
  "4_o.pt": {
    "mse": 1.1216304756089812e-06,
    "num_pixels": 4194304
  },
  "4_up.pt": {
    "mse": 9.754460279509658e-07,
    "num_pixels": 16777216
  },
  "4_gate.pt": {
    "mse": 2.1302103050402366e-06,
    "num_pixels": 16777216
  },
  "4_down.pt": {
    "mse": 1.0153968332815566e-06,
    "num_pixels": 16777216
  },
  "5_q.pt": {
    "mse": 2.9403320240817266e-06,
    "num_pixels": 4194304
  },
  "5_k.pt": {
    "mse": 5.944641998212319e-06,
    "num_pixels": 1048576
  },
  "5_v.pt": {
    "mse": 5.339255721992231e-07,
    "num_pixels": 1048576
  },
  "5_o.pt": {
    "mse": 9.198063253279543e-07,
    "num_pixels": 4194304
  },
  "5_up.pt": {
    "mse": 1.0194610240432667e-06,
    "num_pixels": 16777216
  },
  "5_gate.pt": {
    "mse": 1.8970132487083902e-06,
    "num_pixels": 16777216
  },
  "5_down.pt": {
    "mse": 1.0371581993240397e-06,
    "num_pixels": 16777216
  },
  "6_q.pt": {
    "mse": 2.5660544906713767e-06,
    "num_pixels": 4194304
  },
  "6_k.pt": {
    "mse": 6.1475329857785255e-06,
    "num_pixels": 1048576
  },
  "6_v.pt": {
    "mse": 7.039562888166984e-07,
    "num_pixels": 1048576
  },
  "6_o.pt": {
    "mse": 9.954362667485839e-07,
    "num_pixels": 4194304
  },
  "6_up.pt": {
    "mse": 9.913810572470538e-07,
    "num_pixels": 16777216
  },
  "6_gate.pt": {
    "mse": 1.8011912743531866e-06,
    "num_pixels": 16777216
  },
  "6_down.pt": {
    "mse": 1.0165847470489098e-06,
    "num_pixels": 16777216
  },
  "7_q.pt": {
    "mse": 2.9405377972580027e-06,
    "num_pixels": 4194304
  },
  "7_k.pt": {
    "mse": 6.08865411777515e-06,
    "num_pixels": 1048576
  },
  "7_v.pt": {
    "mse": 7.737620535408496e-07,
    "num_pixels": 1048576
  },
  "7_o.pt": {
    "mse": 1.1258529184487998e-06,
    "num_pixels": 4194304
  },
  "7_up.pt": {
    "mse": 1.065921992449148e-06,
    "num_pixels": 16777216
  },
  "7_gate.pt": {
    "mse": 1.7276875041716266e-06,
    "num_pixels": 16777216
  },
  "7_down.pt": {
    "mse": 1.0910005130426725e-06,
    "num_pixels": 16777216
  },
  "8_q.pt": {
    "mse": 2.7709579626389313e-06,
    "num_pixels": 4194304
  },
  "8_k.pt": {
    "mse": 6.342828783090226e-06,
    "num_pixels": 1048576
  },
  "8_v.pt": {
    "mse": 6.984308242863335e-07,
    "num_pixels": 1048576
  },
  "8_o.pt": {
    "mse": 1.069516201823717e-06,
    "num_pixels": 4194304
  },
  "8_up.pt": {
    "mse": 1.1096312846348155e-06,
    "num_pixels": 16777216
  },
  "8_gate.pt": {
    "mse": 1.7191066490340745e-06,
    "num_pixels": 16777216
  },
  "8_down.pt": {
    "mse": 1.1106250212833402e-06,
    "num_pixels": 16777216
  },
  "9_q.pt": {
    "mse": 3.696091880556196e-06,
    "num_pixels": 4194304
  },
  "9_k.pt": {
    "mse": 5.697808774129953e-06,
    "num_pixels": 1048576
  },
  "9_v.pt": {
    "mse": 8.047049959714059e-07,
    "num_pixels": 1048576
  },
  "9_o.pt": {
    "mse": 1.293419018111308e-06,
    "num_pixels": 4194304
  },
  "9_up.pt": {
    "mse": 1.1862121027661487e-06,
    "num_pixels": 16777216
  },
  "9_gate.pt": {
    "mse": 1.9127851373923477e-06,
    "num_pixels": 16777216
  },
  "9_down.pt": {
    "mse": 1.1862392739203642e-06,
    "num_pixels": 16777216
  },
  "10_q.pt": {
    "mse": 3.0393625820579473e-06,
    "num_pixels": 4194304
  },
  "10_k.pt": {
    "mse": 5.083731593913399e-06,
    "num_pixels": 1048576
  },
  "10_v.pt": {
    "mse": 6.66141545480059e-07,
    "num_pixels": 1048576
  },
  "10_o.pt": {
    "mse": 1.0646131158864591e-06,
    "num_pixels": 4194304
  },
  "10_up.pt": {
    "mse": 1.1883847719218465e-06,
    "num_pixels": 16777216
  },
  "10_gate.pt": {
    "mse": 1.8699832935453742e-06,
    "num_pixels": 16777216
  },
  "10_down.pt": {
    "mse": 1.2026716831314843e-06,
    "num_pixels": 16777216
  },
  "11_q.pt": {
    "mse": 3.086265223828377e-06,
    "num_pixels": 4194304
  },
  "11_k.pt": {
    "mse": 5.909871106268838e-06,
    "num_pixels": 1048576
  },
  "11_v.pt": {
    "mse": 7.525019327658811e-07,
    "num_pixels": 1048576
  },
  "11_o.pt": {
    "mse": 1.1457276514192927e-06,
    "num_pixels": 4194304
  },
  "11_up.pt": {
    "mse": 1.2177043799965759e-06,
    "num_pixels": 16777216
  },
  "11_gate.pt": {
    "mse": 1.8774920818032115e-06,
    "num_pixels": 16777216
  },
  "11_down.pt": {
    "mse": 1.231978103533038e-06,
    "num_pixels": 16777216
  },
  "12_q.pt": {
    "mse": 3.1290021524910117e-06,
    "num_pixels": 4194304
  },
  "12_k.pt": {
    "mse": 5.437324034573976e-06,
    "num_pixels": 1048576
  },
  "12_v.pt": {
    "mse": 8.794487484919955e-07,
    "num_pixels": 1048576
  },
  "12_o.pt": {
    "mse": 1.1520139651111094e-06,
    "num_pixels": 4194304
  },
  "12_up.pt": {
    "mse": 1.2722384781227447e-06,
    "num_pixels": 16777216
  },
  "12_gate.pt": {
    "mse": 1.8500589931136346e-06,
    "num_pixels": 16777216
  },
  "12_down.pt": {
    "mse": 1.2475487665142282e-06,
    "num_pixels": 16777216
  },
  "13_q.pt": {
    "mse": 2.936098098871298e-06,
    "num_pixels": 4194304
  },
  "13_k.pt": {
    "mse": 4.644246018870035e-06,
    "num_pixels": 1048576
  },
  "13_v.pt": {
    "mse": 1.195733830172685e-06,
    "num_pixels": 1048576
  },
  "13_o.pt": {
    "mse": 1.4947172530810349e-06,
    "num_pixels": 4194304
  },
  "13_up.pt": {
    "mse": 1.3447858009385527e-06,
    "num_pixels": 16777216
  },
  "13_gate.pt": {
    "mse": 1.7666013718553586e-06,
    "num_pixels": 16777216
  },
  "13_down.pt": {
    "mse": 1.2915888873976655e-06,
    "num_pixels": 16777216
  },