{
  "wikitext2": 13.393614768981934,
  "c4": 18.69780158996582
}