{
  "0_q.pt": {
    "mse": 1.0154381016036496e-05,
    "num_pixels": 4194304
  },
  "0_k.pt": {
    "mse": 1.4106673006608617e-05,
    "num_pixels": 1048576
  },
  "0_v.pt": {
    "mse": 4.985042778571369e-07,
    "num_pixels": 1048576
  },
  "0_o.pt": {
    "mse": 8.547299330530223e-07,
    "num_pixels": 4194304
  },
  "0_up.pt": {
    "mse": 1.2667593409787514e-06,
    "num_pixels": 16777216
  },
  "0_gate.pt": {
    "mse": 1.591688146618253e-06,
    "num_pixels": 16777216
  },
  "0_down.pt": {
    "mse": 1.1828130936919479e-06,
    "num_pixels": 16777216
  },
  "1_q.pt": {
    "mse": 3.7202621570031624e-06,
    "num_pixels": 4194304
  },
  "1_k.pt": {
    "mse": 7.482941327907611e-06,
    "num_pixels": 1048576
  },
  "1_v.pt": {
    "mse": 4.3816174866151414e-07,
    "num_pixels": 1048576
  },
  "1_o.pt": {
    "mse": 9.014589750222513e-07,
    "num_pixels": 4194304
  },
  "1_up.pt": {
    "mse": 1.2398013495840132e-06,
    "num_pixels": 16777216
  },
  "1_gate.pt": {
    "mse": 1.711718823571573e-06,
    "num_pixels": 16777216
  },
  "1_down.pt": {
    "mse": 9.462456773690064e-07,
    "num_pixels": 16777216
  },
  "2_q.pt": {
    "mse": 3.3218341286556097e-06,
    "num_pixels": 4194304
  },
  "2_k.pt": {
    "mse": 6.162317731650546e-06,
    "num_pixels": 1048576
  },
  "2_v.pt": {
    "mse": 5.715336328648846e-07,
    "num_pixels": 1048576
  },
  "2_o.pt": {
    "mse": 7.772688377372106e-07,
    "num_pixels": 4194304
  },
  "2_up.pt": {
    "mse": 1.0581045444268966e-06,
    "num_pixels": 16777216
  },
  "2_gate.pt": {
    "mse": 1.7021557141561061e-06,
    "num_pixels": 16777216
  },
  "2_down.pt": {
    "mse": 1.0747025953605771e-06,
    "num_pixels": 16777216
  },
  "3_q.pt": {
    "mse": 3.03814044855244e-06,
    "num_pixels": 4194304
  },
  "3_k.pt": {
    "mse": 5.503703505382873e-06,
    "num_pixels": 1048576
  },
  "3_v.pt": {
    "mse": 7.392842462650151e-07,
    "num_pixels": 1048576
  },
  "3_o.pt": {
    "mse": 1.0122815865543089e-06,
    "num_pixels": 4194304
  },
  "3_up.pt": {
    "mse": 9.892564776237123e-07,
    "num_pixels": 16777216
  },
  "3_gate.pt": {
    "mse": 1.9809326659014914e-06,
    "num_pixels": 16777216
  },
  "3_down.pt": {
    "mse": 1.00169916095183e-06,
    "num_pixels": 16777216
  },
  "4_q.pt": {
    "mse": 2.964827444884577e-06,
    "num_pixels": 4194304
  },
  "4_k.pt": {
    "mse": 5.53526115254499e-06,
    "num_pixels": 1048576
  },
  "4_v.pt": {
    "mse": 7.041244316496886e-07,
    "num_pixels": 1048576
  },
  "4_o.pt": {
    "mse": 1.1218957070013857e-06,
    "num_pixels": 4194304
  },
  "4_up.pt": {
    "mse": 9.752400274010142e-07,
    "num_pixels": 16777216
  },
  "4_gate.pt": {
    "mse": 2.1288615243975073e-06,
    "num_pixels": 16777216
  },
  "4_down.pt": {
    "mse": 1.0153714811167447e-06,
    "num_pixels": 16777216
  },
  "5_q.pt": {
    "mse": 2.9396908303169766e-06,
    "num_pixels": 4194304
  },
  "5_k.pt": {
    "mse": 5.954111657047179e-06,
    "num_pixels": 1048576
  },
  "5_v.pt": {
    "mse": 5.330830958882871e-07,
    "num_pixels": 1048576
  },
  "5_o.pt": {
    "mse": 9.191294338961598e-07,
    "num_pixels": 4194304
  },
  "5_up.pt": {
    "mse": 1.0191683941229712e-06,
    "num_pixels": 16777216
  },
  "5_gate.pt": {
    "mse": 1.8967689356941264e-06,
    "num_pixels": 16777216
  },
  "5_down.pt": {
    "mse": 1.037435367834405e-06,
    "num_pixels": 16777216
  },
  "6_q.pt": {
    "mse": 2.567027877375949e-06,
    "num_pixels": 4194304
  },
  "6_k.pt": {
    "mse": 6.142072379589081e-06,
    "num_pixels": 1048576
  },
  "6_v.pt": {
    "mse": 7.044009180390276e-07,
    "num_pixels": 1048576
  },
  "6_o.pt": {
    "mse": 9.96318703982979e-07,
    "num_pixels": 4194304
  },
  "6_up.pt": {
    "mse": 9.911207143886713e-07,
    "num_pixels": 16777216
  },
  "6_gate.pt": {
    "mse": 1.801111920940457e-06,
    "num_pixels": 16777216
  },
  "6_down.pt": {
    "mse": 1.0164477544094552e-06,
    "num_pixels": 16777216
  },
  "7_q.pt": {
    "mse": 2.941474576800829e-06,
    "num_pixels": 4194304
  },
  "7_k.pt": {
    "mse": 6.094850505178329e-06,
    "num_pixels": 1048576
  },
  "7_v.pt": {
    "mse": 7.742924594822398e-07,
    "num_pixels": 1048576
  },
  "7_o.pt": {
    "mse": 1.12527459350531e-06,
    "num_pixels": 4194304
  },
  "7_up.pt": {
    "mse": 1.0657961411197903e-06,
    "num_pixels": 16777216
  },
  "7_gate.pt": {
    "mse": 1.7279820667681633e-06,
    "num_pixels": 16777216
  },
  "7_down.pt": {
    "mse": 1.0908566991929547e-06,
    "num_pixels": 16777216
  },
  "8_q.pt": {
    "mse": 2.7729524845199194e-06,
    "num_pixels": 4194304
  },
  "8_k.pt": {
    "mse": 6.339544142974773e-06,
    "num_pixels": 1048576
  },
  "8_v.pt": {
    "mse": 6.980584430493764e-07,
    "num_pixels": 1048576
  },
  "8_o.pt": {
    "mse": 1.069479822035646e-06,
    "num_pixels": 4194304
  },
  "8_up.pt": {
    "mse": 1.1097642982349498e-06,
    "num_pixels": 16777216
  },
  "8_gate.pt": {
    "mse": 1.718923044791154e-06,
    "num_pixels": 16777216
  },
  "8_down.pt": {
    "mse": 1.110864786824095e-06,
    "num_pixels": 16777216
  },
  "9_q.pt": {
    "mse": 3.6989972613810096e-06,
    "num_pixels": 4194304
  },
  "9_k.pt": {
    "mse": 5.70599968341412e-06,
    "num_pixels": 1048576
  },
  "9_v.pt": {
    "mse": 8.054220188569161e-07,
    "num_pixels": 1048576
  },
  "9_o.pt": {
    "mse": 1.293166292271053e-06,
    "num_pixels": 4194304
  },
  "9_up.pt": {
    "mse": 1.1864080988743808e-06,
    "num_pixels": 16777216
  },
  "9_gate.pt": {
    "mse": 1.91273511518375e-06,
    "num_pixels": 16777216
  },
  "9_down.pt": {
    "mse": 1.1860806807817426e-06,
    "num_pixels": 16777216
  },
  "10_q.pt": {
    "mse": 3.0374658308574e-06,
    "num_pixels": 4194304
  },
  "10_k.pt": {
    "mse": 5.080945811641868e-06,
    "num_pixels": 1048576
  },
  "10_v.pt": {
    "mse": 6.664357670160825e-07,
    "num_pixels": 1048576
  },
  "10_o.pt": {
    "mse": 1.063878471541102e-06,
    "num_pixels": 4194304
  },
  "10_up.pt": {
    "mse": 1.188053374789888e-06,
    "num_pixels": 16777216
  },
  "10_gate.pt": {
    "mse": 1.8704149624682032e-06,
    "num_pixels": 16777216
  },
  "10_down.pt": {
    "mse": 1.2027267075609416e-06,
    "num_pixels": 16777216
  },
  "11_q.pt": {
    "mse": 3.0886722015566193e-06,
    "num_pixels": 4194304
  },
  "11_k.pt": {
    "mse": 5.915790552535327e-06,
    "num_pixels": 1048576
  },
  "11_v.pt": {
    "mse": 7.518667644035304e-07,
    "num_pixels": 1048576
  },
  "11_o.pt": {
    "mse": 1.1459741244834731e-06,
    "num_pixels": 4194304
  },
  "11_up.pt": {
    "mse": 1.2176515156170353e-06,
    "num_pixels": 16777216
  },
  "11_gate.pt": {
    "mse": 1.877491058621672e-06,
    "num_pixels": 16777216
  },
  "11_down.pt": {
    "mse": 1.232241856996552e-06,
    "num_pixels": 16777216
  },
  "12_q.pt": {
    "mse": 3.129403012280818e-06,
    "num_pixels": 4194304
  },
  "12_k.pt": {
    "mse": 5.4395809456764255e-06,
    "num_pixels": 1048576
  },
  "12_v.pt": {
    "mse": 8.799273700788035e-07,
    "num_pixels": 1048576
  },
  "12_o.pt": {
    "mse": 1.1531250265761628e-06,
    "num_pixels": 4194304
  },
  "12_up.pt": {
    "mse": 1.2722814517474035e-06,
    "num_pixels": 16777216
  },
  "12_gate.pt": {
    "mse": 1.8495256881578825e-06,
    "num_pixels": 16777216
  },
  "12_down.pt": {
    "mse": 1.247682803295902e-06,
    "num_pixels": 16777216
  },
  "13_q.pt": {
    "mse": 2.937304998340551e-06,
    "num_pixels": 4194304
  },
  "13_k.pt": {
    "mse": 4.640182851289865e-06,
    "num_pixels": 1048576
  },
  "13_v.pt": {
    "mse": 1.1961228665313683e-06,
    "num_pixels": 1048576
  },
  "13_o.pt": {
    "mse": 1.493599484092556e-06,
    "num_pixels": 4194304
  },
  "13_up.pt": {
    "mse": 1.3445560398395173e-06,
    "num_pixels": 16777216
  },
  "13_gate.pt": {
    "mse": 1.7662551954344963e-06,
    "num_pixels": 16777216
  },
  "13_down.pt": {
    "mse": 1.2913001228298526e-06,
    "num_pixels": 16777216
  },
  "14_q.pt": {
    "mse": 3.108357987002819e-06,