{
  "wikitext2": 272.4257507324219,
  "c4": 217.7265167236328
}