{
  "wikitext2": 284.0376892089844,
  "c4": 205.925537109375
}