{
  "wikitext2": 284.9903564453125,
  "c4": 213.2938690185547
}