{
  "wikitext2": 285.30865478515625,
  "c4": 211.5565185546875
}