{
  "wikitext2": 11.861720085144043,
  "c4": 16.078960418701172
}