{
  "wikitext2": 10.888521194458008,
  "c4": 15.064964294433594
}