{
  "wikitext2": 699.0879516601562,
  "c4": 407.4873046875
}