{
  "QTIP_no_e2e": {
    "bpp": [
      2,
      3,
      4,
      5,
      6
    ],
    "ppl_wikitext2": [
      10.249361991882324,
      9.023275375366211,
      8.876254081726074,
      8.787407875061035,
      8.767680168151855
    ],
    "ppl_c4": [
      13.834939956665039,
      12.54200267791748,
      12.300732612609863,
      12.25015926361084,
      12.2361478805542
    ],
    "mse": [],
    "zeroshot": [
      0.7219850384504177,
      0.731603130011327,
      0.7412363065699761,
      0.7414453000219255,
      0.7374624276595902
    ],
    "commonsense": [
      0.6908130648044127,
      0.7064129515678936,
      0.7163160551164859,
      0.7166229920019399,
      0.7137852435236677
    ],
    "mmlu": [
      0.7203389830508474,
      0.7600769121207805,
      0.7678393391254807,
      0.7743911123771543,
      0.7766699900299102
    ],
    "qat": [
      0.6230048812396095,
      0.6454002091762002,
      0.6550742355799275,
      0.6559267500731537,
      0.6525398722048481
    ]
  },
  "NWC_ql_ldlq128_rnorm_ft": {
    "bpp": [
      2.3280013637052246,
      2.6936563428597404,
      3.190377857782132,
      3.977044436360221,
      4.800594615783318,
      6.002155809219581
    ],
    "ppl_wikitext2": [
      10.246618270874023,
      9.645915985107422,
      9.018446922302246,
      8.80859375,
      8.751276016235352,
      8.69665813446045
    ],
    "ppl_c4": [
      13.783736228942871,
      13.085872650146484,
      12.524026870727539,
      12.266993522644043,
      12.196257591247559,
      12.172088623046875
    ]
  },
  "FP16": {
    "ppl_wikitext2": 8.707367897033691,
    "ppl_c4": 12.154271125793457
  }
}