{
  "wikitext2": 9.295530319213867,
  "c4": 12.750805854797363
}