{
  "wikitext2": 6.989524841308594,
  "c4": 10.022749900817871
}