{
  "wikitext2": 7.002470970153809,
  "c4": 10.031511306762695
}