{
  "wikitext2": 6.427237510681152,
  "c4": 9.241280555725098
}