{
  "compressed_layers": 21,
  "compressed_params": 11678912,
  "fp32_bits": 373725184.0,
  "use_codes": false,
  "metadata_bits": 63270.0,
  "estimated_bits": 60322755.98828125,
  "actual_bits": null,
  "estimated_bits_per_param": 5.165100652208121,
  "actual_bits_per_param": null,
  "estimated_compression_ratio": 6.195426218135701,
  "actual_compression_ratio": null,
  "weighted_mse": 7.735910839517956e-07,
  "eval_before": {
    "top1": 69.764,
    "top5": 89.07,
    "num_samples": 50000.0
  },
  "eval_after": {
    "top1": 68.364,
    "top5": 88.342,
    "num_samples": 50000.0
  }
}