{
  "0_q.pt": {
    "mse": 0.002591401804238558,
    "num_pixels": 9437184
  },
  "0_k.pt": {
    "mse": 0.0038314599078148603,
    "num_pixels": 3145728
  },
  "0_v.pt": {
    "mse": 0.0002868924930226058,
    "num_pixels": 3145728
  },
  "0_o.pt": {
    "mse": 0.0003225324908271432,
    "num_pixels": 9437184
  },
  "0_up.pt": {
    "mse": 0.0007018234464339912,
    "num_pixels": 25165824
  },
  "0_gate.pt": {
    "mse": 0.0007866101223044097,
    "num_pixels": 25165824
  },
  "0_down.pt": {
    "mse": 0.0006897224811837077,
    "num_pixels": 25165824
  },
  "1_q.pt": {
    "mse": 0.001714325393550098,
    "num_pixels": 9437184
  },
  "1_k.pt": {
    "mse": 0.002899005776271224,
    "num_pixels": 3145728
  },
  "1_v.pt": {
    "mse": 0.0003799938131123781,
    "num_pixels": 3145728
  },
  "1_o.pt": {
    "mse": 0.00042754239984788,
    "num_pixels": 9437184
  },
  "1_up.pt": {
    "mse": 0.0007030591368675232,
    "num_pixels": 25165824
  },
  "1_gate.pt": {
    "mse": 0.0008068541064858437,
    "num_pixels": 25165824
  },
  "1_down.pt": {
    "mse": 0.0006956672295928001,
    "num_pixels": 25165824
  },
  "2_q.pt": {
    "mse": 0.0014167837798595428,
    "num_pixels": 9437184
  },
  "2_k.pt": {
    "mse": 0.0023973919451236725,
    "num_pixels": 3145728
  },
  "2_v.pt": {
    "mse": 0.0002987777697853744,
    "num_pixels": 3145728
  },
  "2_o.pt": {
    "mse": 0.0003731476317625493,
    "num_pixels": 9437184
  },
  "2_up.pt": {
    "mse": 0.0006887479685246944,
    "num_pixels": 25165824
  },
  "2_gate.pt": {
    "mse": 0.0008195481495931745,
    "num_pixels": 25165824
  },
  "2_down.pt": {
    "mse": 0.0006960197351872921,
    "num_pixels": 25165824
  },
  "3_q.pt": {
    "mse": 0.0013908379478380084,
    "num_pixels": 9437184
  },
  "3_k.pt": {
    "mse": 0.0023001311346888542,
    "num_pixels": 3145728
  },
  "3_v.pt": {
    "mse": 0.0004003128851763904,
    "num_pixels": 3145728
  },
  "3_o.pt": {
    "mse": 0.00048321206122636795,
    "num_pixels": 9437184
  },
  "3_up.pt": {
    "mse": 0.000669676810503006,
    "num_pixels": 25165824
  },
  "3_gate.pt": {
    "mse": 0.0008881178218871355,
    "num_pixels": 25165824
  },
  "3_down.pt": {
    "mse": 0.0006620950880460441,
    "num_pixels": 25165824
  },
  "4_q.pt": {
    "mse": 0.0014270634856075048,
    "num_pixels": 9437184
  },
  "4_k.pt": {
    "mse": 0.0022049499675631523,
    "num_pixels": 3145728
  },
  "4_v.pt": {
    "mse": 0.0004476913600228727,
    "num_pixels": 3145728
  },
  "4_o.pt": {
    "mse": 0.0005063042044639587,
    "num_pixels": 9437184
  },
  "4_up.pt": {
    "mse": 0.0006437887786887586,
    "num_pixels": 25165824
  },
  "4_gate.pt": {
    "mse": 0.0009777217637747526,
    "num_pixels": 25165824
  },
  "4_down.pt": {
    "mse": 0.0006372376810759306,
    "num_pixels": 25165824
  },
  "5_q.pt": {
    "mse": 0.0013885145308449864,
    "num_pixels": 9437184
  },
  "5_k.pt": {
    "mse": 0.002321989741176367,
    "num_pixels": 3145728
  },
  "5_v.pt": {
    "mse": 0.0003143887734040618,
    "num_pixels": 3145728
  },
  "5_o.pt": {
    "mse": 0.0004164460697211325,
    "num_pixels": 9437184
  },
  "5_up.pt": {
    "mse": 0.0006579274195246398,
    "num_pixels": 25165824
  },
  "5_gate.pt": {
    "mse": 0.0009412178187631071,
    "num_pixels": 25165824
  },
  "5_down.pt": {
    "mse": 0.0006478770519606769,
    "num_pixels": 25165824
  },
  "6_q.pt": {
    "mse": 0.0014306188095360994,
    "num_pixels": 9437184
  },
  "6_k.pt": {
    "mse": 0.0022612428292632103,
    "num_pixels": 3145728
  },
  "6_v.pt": {
    "mse": 0.0003516701399348676,
    "num_pixels": 3145728
  },
  "6_o.pt": {
    "mse": 0.00044652013457380235,
    "num_pixels": 9437184
  },
  "6_up.pt": {
    "mse": 0.0006575088482350111,
    "num_pixels": 25165824
  },
  "6_gate.pt": {
    "mse": 0.0009192167781293392,
    "num_pixels": 25165824
  },
  "6_down.pt": {
    "mse": 0.000646666157990694,
    "num_pixels": 25165824
  },
  "7_q.pt": {
    "mse": 0.0013410773826763034,
    "num_pixels": 9437184
  },
  "7_k.pt": {
    "mse": 0.0023801689967513084,
    "num_pixels": 3145728
  },
  "7_v.pt": {
    "mse": 0.0003323687706142664,
    "num_pixels": 3145728
  },
  "7_o.pt": {
    "mse": 0.00045469889300875366,
    "num_pixels": 9437184
  },
  "7_up.pt": {
    "mse": 0.0006686190026812255,
    "num_pixels": 25165824
  },
  "7_gate.pt": {
    "mse": 0.0008677066070958972,
    "num_pixels": 25165824
  },
  "7_down.pt": {
    "mse": 0.0006624753586947918,
    "num_pixels": 25165824
  },
  "8_q.pt": {
    "mse": 0.0013331513619050384,
    "num_pixels": 9437184
  },
  "8_k.pt": {
    "mse": 0.002264675684273243,
    "num_pixels": 3145728
  },
  "8_v.pt": {
    "mse": 0.00034016146673820913,
    "num_pixels": 3145728
  },
  "8_o.pt": {
    "mse": 0.00045717073953710496,
    "num_pixels": 9437184
  },
  "8_up.pt": {
    "mse": 0.0006563271163031459,
    "num_pixels": 25165824
  },
  "8_gate.pt": {
    "mse": 0.000862533925101161,
    "num_pixels": 25165824
  },
  "8_down.pt": {
    "mse": 0.0006513451226055622,
    "num_pixels": 25165824
  },
  "9_q.pt": {
    "mse": 0.0013112119631841779,
    "num_pixels": 9437184
  },
  "9_k.pt": {
    "mse": 0.0022497174795717,
    "num_pixels": 3145728
  },
  "9_v.pt": {
    "mse": 0.0004066184628754854,
    "num_pixels": 3145728
  },
  "9_o.pt": {
    "mse": 0.0005117073305882514,
    "num_pixels": 9437184
  },
  "9_up.pt": {
    "mse": 0.0006820934358984232,
    "num_pixels": 25165824
  },
  "9_gate.pt": {
    "mse": 0.0008556901011615992,
    "num_pixels": 25165824
  },
  "9_down.pt": {
    "mse": 0.0006596045568585396,
    "num_pixels": 25165824
  },
  "10_q.pt": {
    "mse": 0.0012642380315810442,
    "num_pixels": 9437184
  },
  "10_k.pt": {
    "mse": 0.0021838070824742317,
    "num_pixels": 3145728
  },
  "10_v.pt": {
    "mse": 0.0003061970346607268,
    "num_pixels": 3145728
  },
  "10_o.pt": {
    "mse": 0.00044474497553892434,
    "num_pixels": 9437184
  },
  "10_up.pt": {
    "mse": 0.0006847521290183067,
    "num_pixels": 25165824
  },
  "10_gate.pt": {
    "mse": 0.0008038340602070093,
    "num_pixels": 25165824
  },
  "10_down.pt": {
    "mse": 0.0006656455807387829,
    "num_pixels": 25165824
  },
  "11_q.pt": {
    "mse": 0.0012685233959928155,
    "num_pixels": 9437184
  },
  "11_k.pt": {
    "mse": 0.002113018650561571,
    "num_pixels": 3145728
  },
  "11_v.pt": {
    "mse": 0.0004316049162298441,
    "num_pixels": 3145728
  },
  "11_o.pt": {
    "mse": 0.0005196130950935185,
    "num_pixels": 9437184
  },
  "11_up.pt": {
    "mse": 0.0007011377019807696,
    "num_pixels": 25165824
  },
  "11_gate.pt": {
    "mse": 0.0007803422631695867,
    "num_pixels": 25165824
  },
  "11_down.pt": {
    "mse": 0.0006799425464123487,
    "num_pixels": 25165824
  },
  "12_q.pt": {
    "mse": 0.0012887550983577967,
    "num_pixels": 9437184
  },
  "12_k.pt": {
    "mse": 0.002163865137845278,
    "num_pixels": 3145728
  },
  "12_v.pt": {
    "mse": 0.0003484680491965264,
    "num_pixels": 3145728
  },
  "12_o.pt": {
    "mse": 0.00046616492909379303,
    "num_pixels": 9437184
  },
  "12_up.pt": {
    "mse": 0.0007158153457567096,
    "num_pixels": 25165824
  },
  "12_gate.pt": {
    "mse": 0.0007771778618916869,
    "num_pixels": 25165824
  },
  "12_down.pt": {
    "mse": 0.00068192946491763,
    "num_pixels": 25165824
  },
  "13_q.pt": {
    "mse": 0.001217925688251853,
    "num_pixels": 9437184
  },
  "13_k.pt": {
    "mse": 0.002160490956157446,
    "num_pixels": 3145728
  },
  "13_v.pt": {
    "mse": 0.00037140672793611884,
    "num_pixels": 3145728
  },
  "13_o.pt": {
    "mse": 0.0004861365305259824,
    "num_pixels": 9437184
  },
  "13_up.pt": {
    "mse": 0.000716341775842011,
    "num_pixels": 25165824
  },
  "13_gate.pt": {
    "mse": 0.0007969698635861278,
    "num_pixels": 25165824
  },
  "13_down.pt": {
    "mse": 0.000692749279551208,
    "num_pixels": 25165824
  },
  "14_q.pt": {
    "mse": 0.001420927350409329,
    "num_pixels": 9437184
  },