{
  "wikitext2": 11.220853805541992,
  "c4": 14.713655471801758
}