{
  "0_q.pt": {
    "mse": 0.002448407933115959,
    "num_pixels": 9437184
  },
  "0_k.pt": {
    "mse": 0.003628807608038187,
    "num_pixels": 3145728
  },
  "0_v.pt": {
    "mse": 0.0002742640790529549,
    "num_pixels": 3145728
  },
  "0_o.pt": {
    "mse": 0.00030708909616805613,
    "num_pixels": 9437184
  },
  "0_up.pt": {
    "mse": 0.0006636211182922125,
    "num_pixels": 25165824
  },
  "0_gate.pt": {
    "mse": 0.0007431842386722565,
    "num_pixels": 25165824
  },
  "0_down.pt": {
    "mse": 0.0006531418766826391,
    "num_pixels": 25165824
  },
  "1_q.pt": {
    "mse": 0.0016207756707444787,
    "num_pixels": 9437184
  },
  "1_k.pt": {
    "mse": 0.002742746379226446,
    "num_pixels": 3145728
  },
  "1_v.pt": {
    "mse": 0.0003631858271546662,
    "num_pixels": 3145728
  },
  "1_o.pt": {
    "mse": 0.00040600509964860976,
    "num_pixels": 9437184
  },
  "1_up.pt": {
    "mse": 0.0006658270722255111,
    "num_pixels": 25165824
  },
  "1_gate.pt": {
    "mse": 0.0007626576698385179,
    "num_pixels": 25165824
  },
  "1_down.pt": {
    "mse": 0.0006582686910405755,
    "num_pixels": 25165824
  },
  "2_q.pt": {
    "mse": 0.0013376058777794242,
    "num_pixels": 9437184
  },
  "2_k.pt": {
    "mse": 0.002263720380142331,
    "num_pixels": 3145728
  },
  "2_v.pt": {
    "mse": 0.0002852139004971832,
    "num_pixels": 3145728
  },
  "2_o.pt": {
    "mse": 0.0003542719641700387,
    "num_pixels": 9437184
  },
  "2_up.pt": {
    "mse": 0.0006527327932417393,
    "num_pixels": 25165824
  },
  "2_gate.pt": {
    "mse": 0.0007746009505353868,
    "num_pixels": 25165824
  },
  "2_down.pt": {
    "mse": 0.0006592604331672192,
    "num_pixels": 25165824
  },
  "3_q.pt": {
    "mse": 0.0013112769229337573,
    "num_pixels": 9437184
  },
  "3_k.pt": {
    "mse": 0.0021697033662348986,
    "num_pixels": 3145728
  },
  "3_v.pt": {
    "mse": 0.0003827472683042288,
    "num_pixels": 3145728
  },
  "3_o.pt": {
    "mse": 0.0004584090784192085,
    "num_pixels": 9437184
  },
  "3_up.pt": {
    "mse": 0.0006354330107569695,
    "num_pixels": 25165824
  },
  "3_gate.pt": {
    "mse": 0.0008389558643102646,
    "num_pixels": 25165824
  },
  "3_down.pt": {
    "mse": 0.0006273388862609863,
    "num_pixels": 25165824
  },
  "4_q.pt": {
    "mse": 0.0013463725335896015,
    "num_pixels": 9437184
  },
  "4_k.pt": {
    "mse": 0.002083427971228957,
    "num_pixels": 3145728
  },
  "4_v.pt": {
    "mse": 0.0004300071159377694,
    "num_pixels": 3145728
  },
  "4_o.pt": {
    "mse": 0.00048055918887257576,
    "num_pixels": 9437184
  },
  "4_up.pt": {
    "mse": 0.0006101179169490933,
    "num_pixels": 25165824
  },
  "4_gate.pt": {
    "mse": 0.0009246128611266613,
    "num_pixels": 25165824
  },
  "4_down.pt": {
    "mse": 0.0006034730467945337,
    "num_pixels": 25165824
  },
  "5_q.pt": {
    "mse": 0.001309974817559123,
    "num_pixels": 9437184
  },
  "5_k.pt": {
    "mse": 0.0021931384690105915,
    "num_pixels": 3145728
  },
  "5_v.pt": {
    "mse": 0.0003016248228959739,
    "num_pixels": 3145728
  },
  "5_o.pt": {
    "mse": 0.00039549556095153093,
    "num_pixels": 9437184
  },
  "5_up.pt": {
    "mse": 0.0006234640022739768,
    "num_pixels": 25165824
  },
  "5_gate.pt": {
    "mse": 0.0008889037417247891,
    "num_pixels": 25165824
  },
  "5_down.pt": {
    "mse": 0.0006134001305326819,
    "num_pixels": 25165824
  },
  "6_q.pt": {
    "mse": 0.0013496325118467212,
    "num_pixels": 9437184
  },
  "6_k.pt": {
    "mse": 0.002134224632754922,
    "num_pixels": 3145728
  },
  "6_v.pt": {
    "mse": 0.00033717293990775943,
    "num_pixels": 3145728
  },
  "6_o.pt": {
    "mse": 0.00042312731966376305,
    "num_pixels": 9437184
  },
  "6_up.pt": {
    "mse": 0.0006232231389731169,
    "num_pixels": 25165824
  },
  "6_gate.pt": {
    "mse": 0.0008680055616423488,
    "num_pixels": 25165824
  },
  "6_down.pt": {
    "mse": 0.0006125138024799526,
    "num_pixels": 25165824
  },
  "7_q.pt": {
    "mse": 0.0012643863447010517,
    "num_pixels": 9437184
  },
  "7_k.pt": {
    "mse": 0.0022512490395456553,
    "num_pixels": 3145728
  },
  "7_v.pt": {
    "mse": 0.00031933950958773494,
    "num_pixels": 3145728
  },
  "7_o.pt": {
    "mse": 0.0004317348066251725,
    "num_pixels": 9437184
  },
  "7_up.pt": {
    "mse": 0.0006338896928355098,
    "num_pixels": 25165824
  },
  "7_gate.pt": {
    "mse": 0.000819045293610543,
    "num_pixels": 25165824
  },
  "7_down.pt": {
    "mse": 0.0006273701437748969,
    "num_pixels": 25165824
  },
  "8_q.pt": {
    "mse": 0.0012592296116054058,
    "num_pixels": 9437184
  },
  "8_k.pt": {
    "mse": 0.0021395839285105467,
    "num_pixels": 3145728
  },
  "8_v.pt": {
    "mse": 0.00032710545929148793,
    "num_pixels": 3145728
  },
  "8_o.pt": {
    "mse": 0.0004337229474913329,
    "num_pixels": 9437184
  },
  "8_up.pt": {
    "mse": 0.0006221460644155741,
    "num_pixels": 25165824
  },
  "8_gate.pt": {
    "mse": 0.0008143436862155795,
    "num_pixels": 25165824
  },
  "8_down.pt": {
    "mse": 0.0006165140657685697,
    "num_pixels": 25165824
  },
  "9_q.pt": {
    "mse": 0.0012370921904221177,
    "num_pixels": 9437184
  },
  "9_k.pt": {
    "mse": 0.002124778926372528,
    "num_pixels": 3145728
  },
  "9_v.pt": {
    "mse": 0.00039130583172664046,
    "num_pixels": 3145728
  },
  "9_o.pt": {
    "mse": 0.0004858200845774263,
    "num_pixels": 9437184
  },
  "9_up.pt": {
    "mse": 0.0006465667975135148,
    "num_pixels": 25165824
  },
  "9_gate.pt": {
    "mse": 0.0008086715824902058,
    "num_pixels": 25165824
  },
  "9_down.pt": {
    "mse": 0.0006243693642318249,
    "num_pixels": 25165824
  },
  "10_q.pt": {
    "mse": 0.0011930996552109718,
    "num_pixels": 9437184
  },
  "10_k.pt": {
    "mse": 0.002065021079033613,
    "num_pixels": 3145728
  },
  "10_v.pt": {
    "mse": 0.0002954363008029759,
    "num_pixels": 3145728
  },
  "10_o.pt": {
    "mse": 0.0004219755355734378,
    "num_pixels": 9437184
  },
  "10_up.pt": {
    "mse": 0.0006491229869425297,
    "num_pixels": 25165824
  },
  "10_gate.pt": {
    "mse": 0.0007592422189190984,
    "num_pixels": 25165824
  },
  "10_down.pt": {
    "mse": 0.0006305662682279944,
    "num_pixels": 25165824
  },
  "11_q.pt": {
    "mse": 0.0011949014151468873,
    "num_pixels": 9437184
  },
  "11_k.pt": {
    "mse": 0.001994224265217781,
    "num_pixels": 3145728
  },
  "11_v.pt": {
    "mse": 0.0004149987071286887,
    "num_pixels": 3145728
  },
  "11_o.pt": {
    "mse": 0.0004936594050377607,
    "num_pixels": 9437184
  },
  "11_up.pt": {
    "mse": 0.0006648590788245201,
    "num_pixels": 25165824
  },
  "11_gate.pt": {
    "mse": 0.000737035064958036,
    "num_pixels": 25165824
  },
  "11_down.pt": {
    "mse": 0.0006438539130613208,
    "num_pixels": 25165824
  },
  "12_q.pt": {
    "mse": 0.0012171821435913444,
    "num_pixels": 9437184
  },
  "12_k.pt": {
    "mse": 0.0020480877719819546,
    "num_pixels": 3145728
  },
  "12_v.pt": {
    "mse": 0.0003344019060023129,
    "num_pixels": 3145728
  },
  "12_o.pt": {
    "mse": 0.00044237170368433,
    "num_pixels": 9437184
  },
  "12_up.pt": {
    "mse": 0.0006785035948269069,
    "num_pixels": 25165824
  },
  "12_gate.pt": {
    "mse": 0.00073394546052441,
    "num_pixels": 25165824
  },
  "12_down.pt": {
    "mse": 0.000645551597699523,
    "num_pixels": 25165824
  },
  "13_q.pt": {
    "mse": 0.0011477044317871332,
    "num_pixels": 9437184
  },
  "13_k.pt": {
    "mse": 0.0020377119071781635,
    "num_pixels": 3145728
  },
  "13_v.pt": {
    "mse": 0.00035720871528610587,
    "num_pixels": 3145728
  },
  "13_o.pt": {
    "mse": 0.000461867282865569,
    "num_pixels": 9437184
  },
  "13_up.pt": {
    "mse": 0.0006792005151510239,
    "num_pixels": 25165824
  },
  "13_gate.pt": {
    "mse": 0.0007523542153649032,
    "num_pixels": 25165824
  },
  "13_down.pt": {
    "mse": 0.0006563029601238668,
    "num_pixels": 25165824
  },
  "14_q.pt": {
    "mse": 0.001345276483334601,
    "num_pixels": 9437184
  },