{
  "0_q.pt": {
    "mse": 9.567297638568562e-06,
    "num_pixels": 9437184
  },
  "0_k.pt": {
    "mse": 1.3033459254074842e-05,
    "num_pixels": 3145728
  },
  "0_v.pt": {
    "mse": 8.08706658972369e-07,
    "num_pixels": 3145728
  },
  "0_o.pt": {
    "mse": 9.118850812228629e-07,
    "num_pixels": 9437184
  },
  "0_up.pt": {
    "mse": 1.3631838555738796e-06,
    "num_pixels": 25165824
  },
  "0_gate.pt": {
    "mse": 1.5315275732064038e-06,
    "num_pixels": 25165824
  },
  "0_down.pt": {
    "mse": 1.2757649301420315e-06,
    "num_pixels": 25165824
  },
  "1_q.pt": {
    "mse": 3.723630243257503e-06,
    "num_pixels": 9437184
  },
  "1_k.pt": {
    "mse": 6.309164746198803e-06,
    "num_pixels": 3145728
  },
  "1_v.pt": {
    "mse": 8.289725315080432e-07,
    "num_pixels": 3145728
  },
  "1_o.pt": {
    "mse": 1.126174197452201e-06,
    "num_pixels": 9437184
  },
  "1_up.pt": {
    "mse": 1.4680927051813342e-06,
    "num_pixels": 25165824
  },
  "1_gate.pt": {
    "mse": 1.687581402620708e-06,
    "num_pixels": 25165824
  },
  "1_down.pt": {
    "mse": 1.0609035143716028e-06,
    "num_pixels": 25165824
  },
  "2_q.pt": {
    "mse": 2.8508450213848846e-06,
    "num_pixels": 9437184
  },
  "2_k.pt": {
    "mse": 4.796269422513433e-06,
    "num_pixels": 3145728
  },
  "2_v.pt": {
    "mse": 6.006987405271502e-07,
    "num_pixels": 3145728
  },
  "2_o.pt": {
    "mse": 7.874717198319559e-07,
    "num_pixels": 9437184
  },
  "2_up.pt": {
    "mse": 1.3402908507487155e-06,
    "num_pixels": 25165824
  },
  "2_gate.pt": {
    "mse": 1.5929254004731774e-06,
    "num_pixels": 25165824
  },
  "2_down.pt": {
    "mse": 1.1912319450857467e-06,
    "num_pixels": 25165824
  },
  "3_q.pt": {
    "mse": 2.5661934159870725e-06,
    "num_pixels": 9437184
  },
  "3_k.pt": {
    "mse": 4.2308838601456955e-06,
    "num_pixels": 3145728
  },
  "3_v.pt": {
    "mse": 7.514376534345502e-07,
    "num_pixels": 3145728
  },
  "3_o.pt": {
    "mse": 9.91258843896503e-07,
    "num_pixels": 9437184
  },
  "3_up.pt": {
    "mse": 1.2581064083860838e-06,
    "num_pixels": 25165824
  },
  "3_gate.pt": {
    "mse": 1.667161996010691e-06,
    "num_pixels": 25165824
  },
  "3_down.pt": {
    "mse": 1.1158416555190342e-06,
    "num_pixels": 25165824
  },
  "4_q.pt": {
    "mse": 2.660209929672419e-06,
    "num_pixels": 9437184
  },
  "4_k.pt": {
    "mse": 4.0909262679633684e-06,
    "num_pixels": 3145728
  },
  "4_v.pt": {
    "mse": 8.387054322156473e-07,
    "num_pixels": 3145728
  },
  "4_o.pt": {
    "mse": 1.1290751444903435e-06,
    "num_pixels": 9437184
  },
  "4_up.pt": {
    "mse": 1.1468024467831128e-06,
    "num_pixels": 25165824
  },
  "4_gate.pt": {
    "mse": 1.7414329249731964e-06,
    "num_pixels": 25165824
  },
  "4_down.pt": {
    "mse": 1.1031597750843503e-06,
    "num_pixels": 25165824
  },
  "5_q.pt": {
    "mse": 2.6679999791667797e-06,
    "num_pixels": 9437184
  },
  "5_k.pt": {
    "mse": 4.46284502686467e-06,
    "num_pixels": 3145728
  },
  "5_v.pt": {
    "mse": 6.14044324720453e-07,
    "num_pixels": 3145728
  },
  "5_o.pt": {
    "mse": 9.184259397443384e-07,
    "num_pixels": 9437184
  },
  "5_up.pt": {
    "mse": 1.1472459391370649e-06,
    "num_pixels": 25165824
  },
  "5_gate.pt": {
    "mse": 1.636733486520825e-06,
    "num_pixels": 25165824
  },
  "5_down.pt": {
    "mse": 1.1240695130254608e-06,
    "num_pixels": 25165824
  },
  "6_q.pt": {
    "mse": 2.6733571303338977e-06,
    "num_pixels": 9437184
  },
  "6_k.pt": {
    "mse": 4.2152832975261845e-06,
    "num_pixels": 3145728
  },
  "6_v.pt": {
    "mse": 6.647774171142373e-07,
    "num_pixels": 3145728
  },
  "6_o.pt": {
    "mse": 9.300412102675182e-07,
    "num_pixels": 9437184
  },
  "6_up.pt": {
    "mse": 1.150234425040253e-06,
    "num_pixels": 25165824
  },
  "6_gate.pt": {
    "mse": 1.604487238182628e-06,
    "num_pixels": 25165824
  },
  "6_down.pt": {
    "mse": 1.1249626368226018e-06,
    "num_pixels": 25165824
  },
  "7_q.pt": {
    "mse": 2.51078927249182e-06,
    "num_pixels": 9437184
  },
  "7_k.pt": {
    "mse": 4.4673538468487095e-06,
    "num_pixels": 3145728
  },
  "7_v.pt": {
    "mse": 6.343647669382335e-07,
    "num_pixels": 3145728
  },
  "7_o.pt": {
    "mse": 9.950166486305534e-07,
    "num_pixels": 9437184
  },
  "7_up.pt": {
    "mse": 1.1596752074183314e-06,
    "num_pixels": 25165824
  },
  "7_gate.pt": {
    "mse": 1.501273800386116e-06,
    "num_pixels": 25165824
  },
  "7_down.pt": {
    "mse": 1.1478937267384026e-06,
    "num_pixels": 25165824
  },
  "8_q.pt": {
    "mse": 2.502546976757003e-06,
    "num_pixels": 9437184
  },
  "8_k.pt": {
    "mse": 4.252355211065151e-06,
    "num_pixels": 3145728
  },
  "8_v.pt": {
    "mse": 6.437558113248087e-07,
    "num_pixels": 3145728
  },
  "8_o.pt": {
    "mse": 9.940262089003227e-07,
    "num_pixels": 9437184
  },
  "8_up.pt": {
    "mse": 1.1438780802563997e-06,
    "num_pixels": 25165824
  },
  "8_gate.pt": {
    "mse": 1.502200007053034e-06,
    "num_pixels": 25165824
  },
  "8_down.pt": {
    "mse": 1.1320398698444478e-06,
    "num_pixels": 25165824
  },
  "9_q.pt": {
    "mse": 2.415028347968473e-06,
    "num_pixels": 9437184
  },
  "9_k.pt": {
    "mse": 4.1516186684020795e-06,
    "num_pixels": 3145728
  },
  "9_v.pt": {
    "mse": 7.560026347164239e-07,
    "num_pixels": 3145728
  },
  "9_o.pt": {
    "mse": 1.1434490261308383e-06,
    "num_pixels": 9437184
  },
  "9_up.pt": {
    "mse": 1.1837734064101824e-06,
    "num_pixels": 25165824
  },
  "9_gate.pt": {
    "mse": 1.4875076885800809e-06,
    "num_pixels": 25165824
  },
  "9_down.pt": {
    "mse": 1.159076305157214e-06,
    "num_pixels": 25165824
  },
  "10_q.pt": {
    "mse": 2.3549548586743185e-06,
    "num_pixels": 9437184
  },
  "10_k.pt": {
    "mse": 4.096687007404398e-06,
    "num_pixels": 3145728
  },
  "10_v.pt": {
    "mse": 5.832703777741699e-07,
    "num_pixels": 3145728
  },
  "10_o.pt": {
    "mse": 1.0180008302995702e-06,
    "num_pixels": 9437184
  },
  "10_up.pt": {
    "mse": 1.1998913578281645e-06,
    "num_pixels": 25165824
  },
  "10_gate.pt": {
    "mse": 1.4037332221050747e-06,
    "num_pixels": 25165824
  },
  "10_down.pt": {
    "mse": 1.1662957604130497e-06,
    "num_pixels": 25165824
  },
  "11_q.pt": {
    "mse": 2.3610896278114524e-06,
    "num_pixels": 9437184
  },
  "11_k.pt": {
    "mse": 3.970202669734135e-06,
    "num_pixels": 3145728
  },
  "11_v.pt": {
    "mse": 8.191881306629512e-07,
    "num_pixels": 3145728
  },
  "11_o.pt": {
    "mse": 1.1211883474970818e-06,
    "num_pixels": 9437184
  },
  "11_up.pt": {
    "mse": 1.2366549526632298e-06,
    "num_pixels": 25165824
  },
  "11_gate.pt": {
    "mse": 1.3760145520791411e-06,
    "num_pixels": 25165824
  },
  "11_down.pt": {
    "mse": 1.2002722087345319e-06,
    "num_pixels": 25165824
  },
  "12_q.pt": {
    "mse": 2.4169753487512935e-06,
    "num_pixels": 9437184
  },
  "12_k.pt": {
    "mse": 4.063443157065194e-06,
    "num_pixels": 3145728
  },
  "12_v.pt": {
    "mse": 6.561662075910135e-07,
    "num_pixels": 3145728
  },
  "12_o.pt": {
    "mse": 1.017095542010793e-06,
    "num_pixels": 9437184
  },
  "12_up.pt": {
    "mse": 1.272886834158271e-06,
    "num_pixels": 25165824
  },
  "12_gate.pt": {
    "mse": 1.3808070207232959e-06,
    "num_pixels": 25165824
  },
  "12_down.pt": {
    "mse": 1.228138444275828e-06,
    "num_pixels": 25165824
  },
  "13_q.pt": {
    "mse": 2.311793650733307e-06,
    "num_pixels": 9437184
  },
  "13_k.pt": {
    "mse": 4.101587819604902e-06,
    "num_pixels": 3145728
  },
  "13_v.pt": {
    "mse": 7.164537692005979e-07,
    "num_pixels": 3145728
  },
  "13_o.pt": {
    "mse": 1.1363097200955963e-06,
    "num_pixels": 9437184
  },
  "13_up.pt": {
    "mse": 1.2891900951217394e-06,
    "num_pixels": 25165824
  },
  "13_gate.pt": {
    "mse": 1.4359027318278095e-06,
    "num_pixels": 25165824
  },
  "13_down.pt": {
    "mse": 1.267085394829337e-06,
    "num_pixels": 25165824
  },