{
  "0_q.pt": {
    "mse": 9.56337771640392e-06,
    "num_pixels": 9437184
  },
  "0_k.pt": {
    "mse": 1.3031705748289824e-05,
    "num_pixels": 3145728
  },
  "0_v.pt": {
    "mse": 8.082104159257142e-07,
    "num_pixels": 3145728
  },
  "0_o.pt": {
    "mse": 9.120045092458895e-07,
    "num_pixels": 9437184
  },
  "0_up.pt": {
    "mse": 1.3630224202643149e-06,
    "num_pixels": 25165824
  },
  "0_gate.pt": {
    "mse": 1.5311877632484538e-06,
    "num_pixels": 25165824
  },
  "0_down.pt": {
    "mse": 1.2758835055137752e-06,
    "num_pixels": 25165824
  },
  "1_q.pt": {
    "mse": 3.7228362543828553e-06,
    "num_pixels": 9437184
  },
  "1_k.pt": {
    "mse": 6.308015144895762e-06,
    "num_pixels": 3145728
  },
  "1_v.pt": {
    "mse": 8.282421504191007e-07,
    "num_pixels": 3145728
  },
  "1_o.pt": {
    "mse": 1.1266118917774293e-06,
    "num_pixels": 9437184
  },
  "1_up.pt": {
    "mse": 1.4675943020847626e-06,
    "num_pixels": 25165824
  },
  "1_gate.pt": {
    "mse": 1.6881447209016187e-06,
    "num_pixels": 25165824
  },
  "1_down.pt": {
    "mse": 1.0610592653392814e-06,
    "num_pixels": 25165824
  },
  "2_q.pt": {
    "mse": 2.8507336082839174e-06,
    "num_pixels": 9437184
  },
  "2_k.pt": {
    "mse": 4.791126229974907e-06,
    "num_pixels": 3145728
  },
  "2_v.pt": {
    "mse": 6.019292300152301e-07,
    "num_pixels": 3145728
  },
  "2_o.pt": {
    "mse": 7.87619910624926e-07,
    "num_pixels": 9437184
  },
  "2_up.pt": {
    "mse": 1.3396532949627726e-06,
    "num_pixels": 25165824
  },
  "2_gate.pt": {
    "mse": 1.5924840681691421e-06,
    "num_pixels": 25165824
  },
  "2_down.pt": {
    "mse": 1.1911324691027403e-06,
    "num_pixels": 25165824
  },
  "3_q.pt": {
    "mse": 2.567416686360957e-06,
    "num_pixels": 9437184
  },
  "3_k.pt": {
    "mse": 4.227981662552338e-06,
    "num_pixels": 3145728
  },
  "3_v.pt": {
    "mse": 7.536008297392982e-07,
    "num_pixels": 3145728
  },
  "3_o.pt": {
    "mse": 9.912452014759765e-07,
    "num_pixels": 9437184
  },
  "3_up.pt": {
    "mse": 1.2575436585393618e-06,
    "num_pixels": 25165824
  },
  "3_gate.pt": {
    "mse": 1.6670036302457447e-06,
    "num_pixels": 25165824
  },
  "3_down.pt": {
    "mse": 1.1158516599607538e-06,
    "num_pixels": 25165824
  },
  "4_q.pt": {
    "mse": 2.6596310362947406e-06,
    "num_pixels": 9437184
  },
  "4_k.pt": {
    "mse": 4.088956757186679e-06,
    "num_pixels": 3145728
  },
  "4_v.pt": {
    "mse": 8.375183142561582e-07,
    "num_pixels": 3145728
  },
  "4_o.pt": {
    "mse": 1.1290800330243655e-06,
    "num_pixels": 9437184
  },
  "4_up.pt": {
    "mse": 1.1466690921224654e-06,
    "num_pixels": 25165824
  },
  "4_gate.pt": {
    "mse": 1.7413567547919229e-06,
    "num_pixels": 25165824
  },
  "4_down.pt": {
    "mse": 1.1028871540474938e-06,
    "num_pixels": 25165824
  },
  "5_q.pt": {
    "mse": 2.666406317075598e-06,
    "num_pixels": 9437184
  },
  "5_k.pt": {
    "mse": 4.4631678974838e-06,
    "num_pixels": 3145728
  },
  "5_v.pt": {
    "mse": 6.140188588688034e-07,
    "num_pixels": 3145728
  },
  "5_o.pt": {
    "mse": 9.179842095363711e-07,
    "num_pixels": 9437184
  },
  "5_up.pt": {
    "mse": 1.1469737728475593e-06,
    "num_pixels": 25165824
  },
  "5_gate.pt": {
    "mse": 1.636954380046518e-06,
    "num_pixels": 25165824
  },
  "5_down.pt": {
    "mse": 1.1238588513151626e-06,
    "num_pixels": 25165824
  },
  "6_q.pt": {
    "mse": 2.6725922452897066e-06,
    "num_pixels": 9437184
  },
  "6_k.pt": {
    "mse": 4.214135969959898e-06,
    "num_pixels": 3145728
  },
  "6_v.pt": {
    "mse": 6.650639079452958e-07,
    "num_pixels": 3145728
  },
  "6_o.pt": {
    "mse": 9.301277259510243e-07,
    "num_pixels": 9437184
  },
  "6_up.pt": {
    "mse": 1.1499682841531467e-06,
    "num_pixels": 25165824
  },
  "6_gate.pt": {
    "mse": 1.6050429394454113e-06,
    "num_pixels": 25165824
  },
  "6_down.pt": {
    "mse": 1.1248656619500252e-06,
    "num_pixels": 25165824
  },
  "7_q.pt": {
    "mse": 2.509882278900477e-06,
    "num_pixels": 9437184
  },
  "7_k.pt": {
    "mse": 4.466800419322681e-06,
    "num_pixels": 3145728
  },
  "7_v.pt": {
    "mse": 6.342120855151734e-07,
    "num_pixels": 3145728
  },
  "7_o.pt": {
    "mse": 9.949462764780037e-07,
    "num_pixels": 9437184
  },
  "7_up.pt": {
    "mse": 1.1597335287660826e-06,
    "num_pixels": 25165824
  },
  "7_gate.pt": {
    "mse": 1.500836788181914e-06,
    "num_pixels": 25165824
  },
  "7_down.pt": {
    "mse": 1.1479367003630614e-06,
    "num_pixels": 25165824
  },
  "8_q.pt": {
    "mse": 2.5026479306689e-06,
    "num_pixels": 9437184
  },
  "8_k.pt": {
    "mse": 4.253609404258896e-06,
    "num_pixels": 3145728
  },
  "8_v.pt": {
    "mse": 6.437510364776244e-07,
    "num_pixels": 3145728
  },
  "8_o.pt": {
    "mse": 9.944100156644708e-07,
    "num_pixels": 9437184
  },
  "8_up.pt": {
    "mse": 1.1438700084909215e-06,
    "num_pixels": 25165824
  },
  "8_gate.pt": {
    "mse": 1.5021155377326068e-06,
    "num_pixels": 25165824
  },
  "8_down.pt": {
    "mse": 1.1318687711536768e-06,
    "num_pixels": 25165824
  },
  "9_q.pt": {
    "mse": 2.4150897388608428e-06,
    "num_pixels": 9437184
  },
  "9_k.pt": {
    "mse": 4.150604127062252e-06,
    "num_pixels": 3145728
  },
  "9_v.pt": {
    "mse": 7.551265071015223e-07,
    "num_pixels": 3145728
  },
  "9_o.pt": {
    "mse": 1.1434651696617948e-06,
    "num_pixels": 9437184
  },
  "9_up.pt": {
    "mse": 1.1837925057989196e-06,
    "num_pixels": 25165824
  },
  "9_gate.pt": {
    "mse": 1.4871036455588182e-06,
    "num_pixels": 25165824
  },
  "9_down.pt": {
    "mse": 1.1589634141273564e-06,
    "num_pixels": 25165824
  },
  "10_q.pt": {
    "mse": 2.3547661385237006e-06,
    "num_pixels": 9437184
  },
  "10_k.pt": {
    "mse": 4.09236872656038e-06,
    "num_pixels": 3145728
  },
  "10_v.pt": {
    "mse": 5.833861678183894e-07,
    "num_pixels": 3145728
  },
  "10_o.pt": {
    "mse": 1.0169696906814352e-06,
    "num_pixels": 9437184
  },
  "10_up.pt": {
    "mse": 1.1994873148069018e-06,
    "num_pixels": 25165824
  },
  "10_gate.pt": {
    "mse": 1.4030996453584521e-06,
    "num_pixels": 25165824
  },
  "10_down.pt": {
    "mse": 1.1659845995382057e-06,
    "num_pixels": 25165824
  },
  "11_q.pt": {
    "mse": 2.3617390070285182e-06,
    "num_pixels": 9437184
  },
  "11_k.pt": {
    "mse": 3.970226316596381e-06,
    "num_pixels": 3145728
  },
  "11_v.pt": {
    "mse": 8.188055176105991e-07,
    "num_pixels": 3145728
  },
  "11_o.pt": {
    "mse": 1.121730178965663e-06,
    "num_pixels": 9437184
  },
  "11_up.pt": {
    "mse": 1.2366008377284743e-06,
    "num_pixels": 25165824
  },
  "11_gate.pt": {
    "mse": 1.3760717365585151e-06,
    "num_pixels": 25165824
  },
  "11_down.pt": {
    "mse": 1.1999411526630865e-06,
    "num_pixels": 25165824
  },
  "12_q.pt": {
    "mse": 2.417179757685517e-06,
    "num_pixels": 9437184
  },
  "12_k.pt": {
    "mse": 4.060672836203594e-06,
    "num_pixels": 3145728
  },
  "12_v.pt": {
    "mse": 6.559645271408954e-07,
    "num_pixels": 3145728
  },
  "12_o.pt": {
    "mse": 1.0166762649532757e-06,
    "num_pixels": 9437184
  },
  "12_up.pt": {
    "mse": 1.2729786931231502e-06,
    "num_pixels": 25165824
  },
  "12_gate.pt": {
    "mse": 1.381063839289709e-06,
    "num_pixels": 25165824
  },
  "12_down.pt": {
    "mse": 1.2278910617169458e-06,
    "num_pixels": 25165824
  },
  "13_q.pt": {
    "mse": 2.3107161268853815e-06,
    "num_pixels": 9437184
  },
  "13_k.pt": {
    "mse": 4.106953383598011e-06,
    "num_pixels": 3145728
  },
  "13_v.pt": {
    "mse": 7.160431323427474e-07,
    "num_pixels": 3145728
  },
  "13_o.pt": {
    "mse": 1.1354412663422409e-06,
    "num_pixels": 9437184
  },
  "13_up.pt": {
    "mse": 1.2888556284451624e-06,
    "num_pixels": 25165824
  },
  "13_gate.pt": {
    "mse": 1.4355207440530648e-06,
    "num_pixels": 25165824
  },
  "13_down.pt": {
    "mse": 1.2674956906266743e-06,
    "num_pixels": 25165824
  },