{
    "ppl": {
        "wikitext2": 8.218571662902832,
        "c4": 10.544548034667969
    }
}