{
  "wikitext2": 6.65781307220459,
  "c4": 9.52359390258789
}