{
  "wikitext2": 6.296432018280029,
  "c4": 9.071050643920898
}