{
  "0_q.pt": {
    "mse": 0.0006915764533914626,
    "num_pixels": 16777216
  },
  "0_k.pt": {
    "mse": 0.0014628610806539655,
    "num_pixels": 4194304
  },
  "0_v.pt": {
    "mse": 8.72714736033231e-05,
    "num_pixels": 4194304
  },
  "0_o.pt": {
    "mse": 0.00011755196464946494,
    "num_pixels": 16777216
  },
  "0_up.pt": {
    "mse": 0.00023871433222666383,
    "num_pixels": 58720256
  },
  "0_gate.pt": {
    "mse": 0.00029129529139027,
    "num_pixels": 58720256
  },
  "0_down.pt": {
    "mse": 0.00023590849013999104,
    "num_pixels": 58720256
  },
  "1_q.pt": {
    "mse": 0.0007380148163065314,
    "num_pixels": 16777216
  },
  "1_k.pt": {
    "mse": 0.0015113670378923416,
    "num_pixels": 4194304
  },
  "1_v.pt": {
    "mse": 0.00012383055582176894,
    "num_pixels": 4194304
  },
  "1_o.pt": {
    "mse": 0.00015180482296273112,
    "num_pixels": 16777216
  },
  "1_up.pt": {
    "mse": 0.00024430089979432523,
    "num_pixels": 58720256
  },
  "1_gate.pt": {
    "mse": 0.00029809694387950003,
    "num_pixels": 58720256
  },
  "1_down.pt": {
    "mse": 0.00024188381212297827,
    "num_pixels": 58720256
  },
  "2_q.pt": {
    "mse": 0.0006711337482556701,
    "num_pixels": 16777216
  },
  "2_k.pt": {
    "mse": 0.0015797438099980354,
    "num_pixels": 4194304
  },
  "2_v.pt": {
    "mse": 8.519698167219758e-05,
    "num_pixels": 4194304
  },
  "2_o.pt": {
    "mse": 0.00012720910308416933,
    "num_pixels": 16777216
  },
  "2_up.pt": {
    "mse": 0.0002406863495707512,
    "num_pixels": 58720256
  },
  "2_gate.pt": {
    "mse": 0.0003150128177367151,
    "num_pixels": 58720256
  },
  "2_down.pt": {
    "mse": 0.00024237231991719455,
    "num_pixels": 58720256
  },
  "3_q.pt": {
    "mse": 0.000679262273479253,
    "num_pixels": 16777216
  },
  "3_k.pt": {
    "mse": 0.0015769759193062782,
    "num_pixels": 4194304
  },
  "3_v.pt": {
    "mse": 0.00012088465882698074,
    "num_pixels": 4194304
  },
  "3_o.pt": {
    "mse": 0.00016738535487093031,
    "num_pixels": 16777216
  },
  "3_up.pt": {
    "mse": 0.00023076745856087655,
    "num_pixels": 58720256
  },
  "3_gate.pt": {
    "mse": 0.0003539457102306187,
    "num_pixels": 58720256
  },
  "3_down.pt": {
    "mse": 0.0002309230767423287,
    "num_pixels": 58720256
  },
  "4_q.pt": {
    "mse": 0.000657871481962502,
    "num_pixels": 16777216
  },
  "4_k.pt": {
    "mse": 0.0015196969034150243,
    "num_pixels": 4194304
  },
  "4_v.pt": {
    "mse": 0.0001417302992194891,
    "num_pixels": 4194304
  },
  "4_o.pt": {
    "mse": 0.0001754663826432079,
    "num_pixels": 16777216
  },
  "4_up.pt": {
    "mse": 0.00021911288786213845,
    "num_pixels": 58720256
  },
  "4_gate.pt": {
    "mse": 0.000395025999750942,
    "num_pixels": 58720256
  },
  "4_down.pt": {
    "mse": 0.00021938266581855714,
    "num_pixels": 58720256
  },
  "5_q.pt": {
    "mse": 0.0006519479211419821,
    "num_pixels": 16777216
  },
  "5_k.pt": {
    "mse": 0.001535929972305894,
    "num_pixels": 4194304
  },
  "5_v.pt": {
    "mse": 9.671918815001845e-05,
    "num_pixels": 4194304
  },
  "5_o.pt": {
    "mse": 0.00015016602992545813,
    "num_pixels": 16777216
  },
  "5_up.pt": {
    "mse": 0.00022187363356351852,
    "num_pixels": 58720256
  },
  "5_gate.pt": {
    "mse": 0.0003958881425205618,
    "num_pixels": 58720256
  },
  "5_down.pt": {
    "mse": 0.00022124534007161856,
    "num_pixels": 58720256
  },
  "6_q.pt": {
    "mse": 0.0006808448815718293,
    "num_pixels": 16777216
  },
  "6_k.pt": {
    "mse": 0.0015360991237685084,
    "num_pixels": 4194304
  },
  "6_v.pt": {
    "mse": 0.00011401830124668777,
    "num_pixels": 4194304
  },
  "6_o.pt": {
    "mse": 0.00016305636381730437,
    "num_pixels": 16777216
  },
  "6_up.pt": {
    "mse": 0.00022130424622446299,
    "num_pixels": 58720256
  },
  "6_gate.pt": {
    "mse": 0.0004002412024419755,
    "num_pixels": 58720256
  },
  "6_down.pt": {
    "mse": 0.00022104335948824883,
    "num_pixels": 58720256
  },
  "7_q.pt": {
    "mse": 0.0006243300158530474,
    "num_pixels": 16777216
  },
  "7_k.pt": {
    "mse": 0.0015614961739629507,
    "num_pixels": 4194304
  },
  "7_v.pt": {
    "mse": 0.00011173365783179179,
    "num_pixels": 4194304
  },
  "7_o.pt": {
    "mse": 0.00016879357281140983,
    "num_pixels": 16777216
  },
  "7_up.pt": {
    "mse": 0.00022704704315401614,
    "num_pixels": 58720256
  },
  "7_gate.pt": {
    "mse": 0.0003855823306366801,
    "num_pixels": 58720256
  },
  "7_down.pt": {
    "mse": 0.00022733790683560073,
    "num_pixels": 58720256
  },
  "8_q.pt": {
    "mse": 0.0006272741593420506,
    "num_pixels": 16777216
  },
  "8_k.pt": {
    "mse": 0.0015331394970417023,
    "num_pixels": 4194304
  },
  "8_v.pt": {
    "mse": 0.0001229531189892441,
    "num_pixels": 4194304
  },
  "8_o.pt": {
    "mse": 0.0001749531365931034,
    "num_pixels": 16777216
  },
  "8_up.pt": {
    "mse": 0.00022471827105619013,
    "num_pixels": 58720256
  },
  "8_gate.pt": {
    "mse": 0.00038883372326381505,
    "num_pixels": 58720256
  },
  "8_down.pt": {
    "mse": 0.00022578153584618121,
    "num_pixels": 58720256
  },
  "9_q.pt": {
    "mse": 0.000627235509455204,
    "num_pixels": 16777216
  },
  "9_k.pt": {
    "mse": 0.0015285457484424114,
    "num_pixels": 4194304
  },
  "9_v.pt": {
    "mse": 0.0001655447413213551,
    "num_pixels": 4194304
  },
  "9_o.pt": {
    "mse": 0.0001999192900257185,
    "num_pixels": 16777216
  },
  "9_up.pt": {
    "mse": 0.000228967095608823,
    "num_pixels": 58720256
  },
  "9_gate.pt": {
    "mse": 0.0003985613875556737,
    "num_pixels": 58720256
  },
  "9_down.pt": {
    "mse": 0.00022719232947565615,
    "num_pixels": 58720256
  },
  "10_q.pt": {
    "mse": 0.0006497341673821211,
    "num_pixels": 16777216
  },
  "10_k.pt": {
    "mse": 0.0015568884555250406,
    "num_pixels": 4194304
  },
  "10_v.pt": {
    "mse": 0.00011867356079164892,
    "num_pixels": 4194304
  },
  "10_o.pt": {
    "mse": 0.00017084796854760498,
    "num_pixels": 16777216
  },
  "10_up.pt": {
    "mse": 0.00023637100821360946,
    "num_pixels": 58720256
  },
  "10_gate.pt": {
    "mse": 0.000379567762138322,
    "num_pixels": 58720256
  },
  "10_down.pt": {
    "mse": 0.0002337539626751095,
    "num_pixels": 58720256
  },
  "11_q.pt": {
    "mse": 0.0005854708142578602,
    "num_pixels": 16777216
  },
  "11_k.pt": {
    "mse": 0.00152441649697721,
    "num_pixels": 4194304
  },
  "11_v.pt": {
    "mse": 0.00011515313963172957,
    "num_pixels": 4194304
  },
  "11_o.pt": {
    "mse": 0.00017769461555872113,
    "num_pixels": 16777216
  },
  "11_up.pt": {
    "mse": 0.00023934614728204906,
    "num_pixels": 58720256
  },
  "11_gate.pt": {
    "mse": 0.0003707174910232425,
    "num_pixels": 58720256
  },
  "11_down.pt": {
    "mse": 0.0002374893520027399,
    "num_pixels": 58720256
  },
  "12_q.pt": {
    "mse": 0.000605903216637671,
    "num_pixels": 16777216
  },
  "12_k.pt": {
    "mse": 0.0014597434783354402,
    "num_pixels": 4194304
  },
  "12_v.pt": {
    "mse": 0.0001610374019946903,
    "num_pixels": 4194304
  },
  "12_o.pt": {
    "mse": 0.0001989440352190286,
    "num_pixels": 16777216
  },
  "12_up.pt": {
    "mse": 0.00024900876451283693,
    "num_pixels": 58720256
  },
  "12_gate.pt": {
    "mse": 0.00036216856096871197,
    "num_pixels": 58720256
  },
  "12_down.pt": {
    "mse": 0.00024474901147186756,
    "num_pixels": 58720256
  },
  "13_q.pt": {
    "mse": 0.00060798111371696,
    "num_pixels": 16777216
  },
  "13_k.pt": {
    "mse": 0.0015466053737327456,
    "num_pixels": 4194304
  },
  "13_v.pt": {
    "mse": 0.00014061565161682665,
    "num_pixels": 4194304
  },
  "13_o.pt": {
    "mse": 0.00018997222650796175,
    "num_pixels": 16777216
  },
  "13_up.pt": {
    "mse": 0.0002505978918634355,
    "num_pixels": 58720256
  },
  "13_gate.pt": {
    "mse": 0.0003639544593170285,
    "num_pixels": 58720256
  },
  "13_down.pt": {
    "mse": 0.00024451263016089797,
    "num_pixels": 58720256
  },