{
  "wikitext2": 6.219356060028076,
  "c4": 8.98123836517334
}