{
  "wikitext2": 6.222760200500488,
  "c4": 8.982561111450195
}