{
  "0_q.pt": {
    "mse": 0.0007046260870993137,
    "num_pixels": 16777216
  },
  "0_k.pt": {
    "mse": 0.0014870684826746583,
    "num_pixels": 4194304
  },
  "0_v.pt": {
    "mse": 9.252344898413867e-05,
    "num_pixels": 4194304
  },
  "0_o.pt": {
    "mse": 0.0001225717132911086,
    "num_pixels": 16777216
  },
  "0_up.pt": {
    "mse": 0.00024714303435757756,
    "num_pixels": 58720256
  },
  "0_gate.pt": {
    "mse": 0.0003006280749104917,
    "num_pixels": 58720256
  },
  "0_down.pt": {
    "mse": 0.0002449131279718131,
    "num_pixels": 58720256
  },
  "1_q.pt": {
    "mse": 0.0007584124687127769,
    "num_pixels": 16777216
  },
  "1_k.pt": {
    "mse": 0.0015467358753085136,
    "num_pixels": 4194304
  },
  "1_v.pt": {
    "mse": 0.0001323050819337368,
    "num_pixels": 4194304
  },
  "1_o.pt": {
    "mse": 0.0001587866572663188,
    "num_pixels": 16777216
  },
  "1_up.pt": {
    "mse": 0.00025411584647372365,
    "num_pixels": 58720256
  },
  "1_gate.pt": {
    "mse": 0.00030783997499383986,
    "num_pixels": 58720256
  },
  "1_down.pt": {
    "mse": 0.00025183390243910253,
    "num_pixels": 58720256
  },
  "2_q.pt": {
    "mse": 0.0006870173965580761,
    "num_pixels": 16777216
  },
  "2_k.pt": {
    "mse": 0.0016183842672035098,
    "num_pixels": 4194304
  },
  "2_v.pt": {
    "mse": 9.293013135902584e-05,
    "num_pixels": 4194304
  },
  "2_o.pt": {
    "mse": 0.00013421147014014423,
    "num_pixels": 16777216
  },
  "2_up.pt": {
    "mse": 0.00025127618573606014,
    "num_pixels": 58720256
  },
  "2_gate.pt": {
    "mse": 0.0003259655786678195,
    "num_pixels": 58720256
  },
  "2_down.pt": {
    "mse": 0.00025250710314139724,
    "num_pixels": 58720256
  },
  "3_q.pt": {
    "mse": 0.0006953314878046513,
    "num_pixels": 16777216
  },
  "3_k.pt": {
    "mse": 0.0016138169448822737,
    "num_pixels": 4194304
  },
  "3_v.pt": {
    "mse": 0.00013127861893735826,
    "num_pixels": 4194304
  },
  "3_o.pt": {
    "mse": 0.00017563824076205492,
    "num_pixels": 16777216
  },
  "3_up.pt": {
    "mse": 0.00024171129916794598,
    "num_pixels": 58720256
  },
  "3_gate.pt": {
    "mse": 0.00036701103090308607,
    "num_pixels": 58720256
  },
  "3_down.pt": {
    "mse": 0.00024073725217022002,
    "num_pixels": 58720256
  },
  "4_q.pt": {
    "mse": 0.0006761497934348881,
    "num_pixels": 16777216
  },
  "4_k.pt": {
    "mse": 0.0015614063013345003,
    "num_pixels": 4194304
  },
  "4_v.pt": {
    "mse": 0.0001525879488326609,
    "num_pixels": 4194304
  },
  "4_o.pt": {
    "mse": 0.000183899886906147,
    "num_pixels": 16777216
  },
  "4_up.pt": {
    "mse": 0.00022947581601329148,
    "num_pixels": 58720256
  },
  "4_gate.pt": {
    "mse": 0.000409437227062881,
    "num_pixels": 58720256
  },
  "4_down.pt": {
    "mse": 0.0002287201350554824,
    "num_pixels": 58720256
  },
  "5_q.pt": {
    "mse": 0.0006682282546535134,
    "num_pixels": 16777216
  },
  "5_k.pt": {
    "mse": 0.001576544251292944,
    "num_pixels": 4194304
  },
  "5_v.pt": {
    "mse": 0.00010506234684726223,
    "num_pixels": 4194304
  },
  "5_o.pt": {
    "mse": 0.0001572346081957221,
    "num_pixels": 16777216
  },
  "5_up.pt": {
    "mse": 0.00023216602858155966,
    "num_pixels": 58720256
  },
  "5_gate.pt": {
    "mse": 0.00040955416625365615,
    "num_pixels": 58720256
  },
  "5_down.pt": {
    "mse": 0.00023077960941009223,
    "num_pixels": 58720256
  },
  "6_q.pt": {
    "mse": 0.0006966624641790986,
    "num_pixels": 16777216
  },
  "6_k.pt": {
    "mse": 0.001571403001435101,
    "num_pixels": 4194304
  },
  "6_v.pt": {
    "mse": 0.0001242111757164821,
    "num_pixels": 4194304
  },
  "6_o.pt": {
    "mse": 0.0001711179647827521,
    "num_pixels": 16777216
  },
  "6_up.pt": {
    "mse": 0.00023183094162959605,
    "num_pixels": 58720256
  },
  "6_gate.pt": {
    "mse": 0.00041427521500736475,
    "num_pixels": 58720256
  },
  "6_down.pt": {
    "mse": 0.00023043423425406218,
    "num_pixels": 58720256
  },
  "7_q.pt": {
    "mse": 0.0006397436372935772,
    "num_pixels": 16777216
  },
  "7_k.pt": {
    "mse": 0.0015985311474651098,
    "num_pixels": 4194304
  },
  "7_v.pt": {
    "mse": 0.00012208850239403546,
    "num_pixels": 4194304
  },
  "7_o.pt": {
    "mse": 0.00017691643733996898,
    "num_pixels": 16777216
  },
  "7_up.pt": {
    "mse": 0.0002383246028330177,
    "num_pixels": 58720256
  },
  "7_gate.pt": {
    "mse": 0.0003987759700976312,
    "num_pixels": 58720256
  },
  "7_down.pt": {
    "mse": 0.00023716484429314733,
    "num_pixels": 58720256
  },
  "8_q.pt": {
    "mse": 0.0006440694560296834,
    "num_pixels": 16777216
  },
  "8_k.pt": {
    "mse": 0.0015726365381851792,
    "num_pixels": 4194304
  },
  "8_v.pt": {
    "mse": 0.0001346078934147954,
    "num_pixels": 4194304
  },
  "8_o.pt": {
    "mse": 0.00018372471095062792,
    "num_pixels": 16777216
  },
  "8_up.pt": {
    "mse": 0.0002360773942200467,
    "num_pixels": 58720256
  },
  "8_gate.pt": {
    "mse": 0.00040258982335217297,
    "num_pixels": 58720256
  },
  "8_down.pt": {
    "mse": 0.00023559671535622329,
    "num_pixels": 58720256
  },
  "9_q.pt": {
    "mse": 0.0006437982083298266,
    "num_pixels": 16777216
  },
  "9_k.pt": {
    "mse": 0.0015686026308685541,
    "num_pixels": 4194304
  },
  "9_v.pt": {
    "mse": 0.00018132338300347328,
    "num_pixels": 4194304
  },
  "9_o.pt": {
    "mse": 0.00021071385708637536,
    "num_pixels": 16777216
  },
  "9_up.pt": {
    "mse": 0.00024031406792346388,
    "num_pixels": 58720256
  },
  "9_gate.pt": {
    "mse": 0.00041249621426686645,
    "num_pixels": 58720256
  },
  "9_down.pt": {
    "mse": 0.00023709402012173086,
    "num_pixels": 58720256
  },
  "10_q.pt": {
    "mse": 0.0006678188219666481,
    "num_pixels": 16777216
  },
  "10_k.pt": {
    "mse": 0.0016013705171644688,
    "num_pixels": 4194304
  },
  "10_v.pt": {
    "mse": 0.00013049834524281323,
    "num_pixels": 4194304
  },
  "10_o.pt": {
    "mse": 0.00017968539032153785,
    "num_pixels": 16777216
  },
  "10_up.pt": {
    "mse": 0.00024803722044453025,
    "num_pixels": 58720256
  },
  "10_gate.pt": {
    "mse": 0.0003930547391064465,
    "num_pixels": 58720256
  },
  "10_down.pt": {
    "mse": 0.00024405335716437548,
    "num_pixels": 58720256
  },
  "11_q.pt": {
    "mse": 0.0006006901385262609,
    "num_pixels": 16777216
  },
  "11_k.pt": {
    "mse": 0.0015613187570124865,
    "num_pixels": 4194304
  },
  "11_v.pt": {
    "mse": 0.00012738854275085032,
    "num_pixels": 4194304
  },
  "11_o.pt": {
    "mse": 0.0001874444424174726,
    "num_pixels": 16777216
  },
  "11_up.pt": {
    "mse": 0.0002513084909878671,
    "num_pixels": 58720256
  },
  "11_gate.pt": {
    "mse": 0.0003835778043139726,
    "num_pixels": 58720256
  },
  "11_down.pt": {
    "mse": 0.0002477931266184896,
    "num_pixels": 58720256
  },
  "12_q.pt": {
    "mse": 0.000618102727457881,
    "num_pixels": 16777216
  },
  "12_k.pt": {
    "mse": 0.0014888439327478409,
    "num_pixels": 4194304
  },
  "12_v.pt": {
    "mse": 0.00017764609947334975,
    "num_pixels": 4194304
  },
  "12_o.pt": {
    "mse": 0.0002093549119308591,
    "num_pixels": 16777216
  },
  "12_up.pt": {
    "mse": 0.00026121686096303165,
    "num_pixels": 58720256
  },
  "12_gate.pt": {
    "mse": 0.000374544266378507,
    "num_pixels": 58720256
  },
  "12_down.pt": {
    "mse": 0.0002553820959292352,
    "num_pixels": 58720256
  },
  "13_q.pt": {
    "mse": 0.0006281993119046092,
    "num_pixels": 16777216
  },
  "13_k.pt": {
    "mse": 0.0015970043605193496,
    "num_pixels": 4194304
  },
  "13_v.pt": {
    "mse": 0.0001531378657091409,
    "num_pixels": 4194304
  },
  "13_o.pt": {
    "mse": 0.00019966746913269162,
    "num_pixels": 16777216
  },
  "13_up.pt": {
    "mse": 0.00026279521989636123,
    "num_pixels": 58720256
  },
  "13_gate.pt": {
    "mse": 0.00037639131187461317,
    "num_pixels": 58720256
  },
  "13_down.pt": {
    "mse": 0.00025527540128678083,
    "num_pixels": 58720256
  },