{
  "wikitext2": 6.679549217224121,
  "c4": 9.572436332702637
}