{
  "wikitext2": 6.296860694885254,
  "c4": 9.071606636047363
}