{
  "0_q.pt": {
    "mse": 0.0006675143959000707,
    "num_pixels": 16777216
  },
  "0_k.pt": {
    "mse": 0.0014109076000750065,
    "num_pixels": 4194304
  },
  "0_v.pt": {
    "mse": 8.90070223249495e-05,
    "num_pixels": 4194304
  },
  "0_o.pt": {
    "mse": 0.00011656398419290781,
    "num_pixels": 16777216
  },
  "0_up.pt": {
    "mse": 0.0002338013582630083,
    "num_pixels": 58720256
  },
  "0_gate.pt": {
    "mse": 0.0002841295790858567,
    "num_pixels": 58720256
  },
  "0_down.pt": {
    "mse": 0.0002318701008334756,
    "num_pixels": 58720256
  },
  "1_q.pt": {
    "mse": 0.0007163099944591522,
    "num_pixels": 16777216
  },
  "1_k.pt": {
    "mse": 0.0014637866988778114,
    "num_pixels": 4194304
  },
  "1_v.pt": {
    "mse": 0.00012629404955077916,
    "num_pixels": 4194304
  },
  "1_o.pt": {
    "mse": 0.00015057202836032957,
    "num_pixels": 16777216
  },
  "1_up.pt": {
    "mse": 0.0002408652799203992,
    "num_pixels": 58720256
  },
  "1_gate.pt": {
    "mse": 0.0002908088208641857,
    "num_pixels": 58720256
  },
  "1_down.pt": {
    "mse": 0.00023837655317038298,
    "num_pixels": 58720256
  },
  "2_q.pt": {
    "mse": 0.000648501911200583,
    "num_pixels": 16777216
  },
  "2_k.pt": {
    "mse": 0.0015265028923749924,
    "num_pixels": 4194304
  },
  "2_v.pt": {
    "mse": 8.891464676707983e-05,
    "num_pixels": 4194304
  },
  "2_o.pt": {
    "mse": 0.0001275168324355036,
    "num_pixels": 16777216
  },
  "2_up.pt": {
    "mse": 0.0002383657410973683,
    "num_pixels": 58720256
  },
  "2_gate.pt": {
    "mse": 0.00030781925306655467,
    "num_pixels": 58720256
  },
  "2_down.pt": {
    "mse": 0.00023917121870908886,
    "num_pixels": 58720256
  },
  "3_q.pt": {
    "mse": 0.0006554294377565384,
    "num_pixels": 16777216
  },
  "3_k.pt": {
    "mse": 0.001526398817077279,
    "num_pixels": 4194304
  },
  "3_v.pt": {
    "mse": 0.00012624537339434028,
    "num_pixels": 4194304
  },
  "3_o.pt": {
    "mse": 0.000166627301950939,
    "num_pixels": 16777216
  },
  "3_up.pt": {
    "mse": 0.00022931574494577944,
    "num_pixels": 58720256
  },
  "3_gate.pt": {
    "mse": 0.00034694367786869407,
    "num_pixels": 58720256
  },
  "3_down.pt": {
    "mse": 0.000227972719585523,
    "num_pixels": 58720256
  },
  "4_q.pt": {
    "mse": 0.0006378200487233698,
    "num_pixels": 16777216
  },
  "4_k.pt": {
    "mse": 0.0014759288169443607,
    "num_pixels": 4194304
  },
  "4_v.pt": {
    "mse": 0.00014653248945251107,
    "num_pixels": 4194304
  },
  "4_o.pt": {
    "mse": 0.0001742726017255336,
    "num_pixels": 16777216
  },
  "4_up.pt": {
    "mse": 0.00021785924036521465,
    "num_pixels": 58720256
  },
  "4_gate.pt": {
    "mse": 0.0003865770122501999,
    "num_pixels": 58720256
  },
  "4_down.pt": {
    "mse": 0.00021651953284163028,
    "num_pixels": 58720256
  },
  "5_q.pt": {
    "mse": 0.0006309999735094607,
    "num_pixels": 16777216
  },
  "5_k.pt": {
    "mse": 0.001489716931246221,
    "num_pixels": 4194304
  },
  "5_v.pt": {
    "mse": 0.00010078318882733583,
    "num_pixels": 4194304
  },
  "5_o.pt": {
    "mse": 0.00014921993715688586,
    "num_pixels": 16777216
  },
  "5_up.pt": {
    "mse": 0.00022032421838957816,
    "num_pixels": 58720256
  },
  "5_gate.pt": {
    "mse": 0.00038657692493870854,
    "num_pixels": 58720256
  },
  "5_down.pt": {
    "mse": 0.00021848746109753847,
    "num_pixels": 58720256
  },
  "6_q.pt": {
    "mse": 0.000657011172734201,
    "num_pixels": 16777216
  },
  "6_k.pt": {
    "mse": 0.001483950181864202,
    "num_pixels": 4194304
  },
  "6_v.pt": {
    "mse": 0.00011939472460653633,
    "num_pixels": 4194304
  },
  "6_o.pt": {
    "mse": 0.0001623846183065325,
    "num_pixels": 16777216
  },
  "6_up.pt": {
    "mse": 0.00022016017464920878,
    "num_pixels": 58720256
  },
  "6_gate.pt": {
    "mse": 0.0003907121135853231,
    "num_pixels": 58720256
  },
  "6_down.pt": {
    "mse": 0.00021830487821716815,
    "num_pixels": 58720256
  },
  "7_q.pt": {
    "mse": 0.0006027893396094441,
    "num_pixels": 16777216
  },
  "7_k.pt": {
    "mse": 0.001510205795057118,
    "num_pixels": 4194304
  },
  "7_v.pt": {
    "mse": 0.00011751359852496535,
    "num_pixels": 4194304
  },
  "7_o.pt": {
    "mse": 0.0001679016277194023,
    "num_pixels": 16777216
  },
  "7_up.pt": {
    "mse": 0.00022628357692155987,
    "num_pixels": 58720256
  },
  "7_gate.pt": {
    "mse": 0.0003764383727684617,
    "num_pixels": 58720256
  },
  "7_down.pt": {
    "mse": 0.00022470067779067904,
    "num_pixels": 58720256
  },
  "8_q.pt": {
    "mse": 0.0006074936245568097,
    "num_pixels": 16777216
  },
  "8_k.pt": {
    "mse": 0.0014887457946315408,
    "num_pixels": 4194304
  },
  "8_v.pt": {
    "mse": 0.00012960071035195142,
    "num_pixels": 4194304
  },
  "8_o.pt": {
    "mse": 0.0001744893379509449,
    "num_pixels": 16777216
  },
  "8_up.pt": {
    "mse": 0.00022419201559387147,
    "num_pixels": 58720256
  },
  "8_gate.pt": {
    "mse": 0.0003800510021392256,
    "num_pixels": 58720256
  },
  "8_down.pt": {
    "mse": 0.00022311443171929568,
    "num_pixels": 58720256
  },
  "9_q.pt": {
    "mse": 0.0006078218575567007,
    "num_pixels": 16777216
  },
  "9_k.pt": {
    "mse": 0.0014818559866398573,
    "num_pixels": 4194304
  },
  "9_v.pt": {
    "mse": 0.00017512217164039612,
    "num_pixels": 4194304
  },
  "9_o.pt": {
    "mse": 0.0001999262167373672,
    "num_pixels": 16777216
  },
  "9_up.pt": {
    "mse": 0.00022835590061731637,
    "num_pixels": 58720256
  },
  "9_gate.pt": {
    "mse": 0.0003894267720170319,
    "num_pixels": 58720256
  },
  "9_down.pt": {
    "mse": 0.00022466148948296905,
    "num_pixels": 58720256
  },
  "10_q.pt": {
    "mse": 0.0006304090493358672,
    "num_pixels": 16777216
  },
  "10_k.pt": {
    "mse": 0.0015114303678274155,
    "num_pixels": 4194304
  },
  "10_v.pt": {
    "mse": 0.00012622222129721195,
    "num_pixels": 4194304
  },
  "10_o.pt": {
    "mse": 0.00017045543063431978,
    "num_pixels": 16777216
  },
  "10_up.pt": {
    "mse": 0.00023561393027193844,
    "num_pixels": 58720256
  },
  "10_gate.pt": {
    "mse": 0.0003709009033627808,
    "num_pixels": 58720256
  },
  "10_down.pt": {
    "mse": 0.0002311480202479288,
    "num_pixels": 58720256
  },
  "11_q.pt": {
    "mse": 0.000566289818380028,
    "num_pixels": 16777216
  },
  "11_k.pt": {
    "mse": 0.001475732191465795,
    "num_pixels": 4194304
  },
  "11_v.pt": {
    "mse": 0.0001234857481904328,
    "num_pixels": 4194304
  },
  "11_o.pt": {
    "mse": 0.0001778450678102672,
    "num_pixels": 16777216
  },
  "11_up.pt": {
    "mse": 0.00023870747827459127,
    "num_pixels": 58720256
  },
  "11_gate.pt": {
    "mse": 0.00036171203828416765,
    "num_pixels": 58720256
  },
  "11_down.pt": {
    "mse": 0.0002347583940718323,
    "num_pixels": 58720256
  },
  "12_q.pt": {
    "mse": 0.0005817045457661152,
    "num_pixels": 16777216
  },
  "12_k.pt": {
    "mse": 0.001405131770297885,
    "num_pixels": 4194304
  },
  "12_v.pt": {
    "mse": 0.00017188880883622915,
    "num_pixels": 4194304
  },
  "12_o.pt": {
    "mse": 0.0001986853894777596,
    "num_pixels": 16777216
  },
  "12_up.pt": {
    "mse": 0.0002480929542798549,
    "num_pixels": 58720256
  },
  "12_gate.pt": {
    "mse": 0.00035321631003171206,
    "num_pixels": 58720256
  },
  "12_down.pt": {
    "mse": 0.00024188446695916355,
    "num_pixels": 58720256
  },
  "13_q.pt": {
    "mse": 0.0005941104609519243,
    "num_pixels": 16777216
  },
  "13_k.pt": {
    "mse": 0.0015080476878210902,
    "num_pixels": 4194304
  },
  "13_v.pt": {
    "mse": 0.00014720173203386366,
    "num_pixels": 4194304
  },
  "13_o.pt": {
    "mse": 0.00018945478950627148,
    "num_pixels": 16777216
  },
  "13_up.pt": {
    "mse": 0.00024955891421996057,
    "num_pixels": 58720256
  },
  "13_gate.pt": {
    "mse": 0.00035507199936546385,
    "num_pixels": 58720256
  },
  "13_down.pt": {
    "mse": 0.00024175611906684935,
    "num_pixels": 58720256
  },