{
  "0_q.pt": {
    "mse": 2.8192584977659862e-06,
    "num_pixels": 16777216
  },
  "0_k.pt": {
    "mse": 5.105591299070511e-06,
    "num_pixels": 4194304
  },
  "0_v.pt": {
    "mse": 2.7215094178245636e-07,
    "num_pixels": 4194304
  },
  "0_o.pt": {
    "mse": 3.7583788525807904e-07,
    "num_pixels": 16777216
  },
  "0_up.pt": {
    "mse": 4.975416345587291e-07,
    "num_pixels": 58720256
  },
  "0_gate.pt": {
    "mse": 6.064807394068339e-07,
    "num_pixels": 58720256
  },
  "0_down.pt": {
    "mse": 4.484398345994123e-07,
    "num_pixels": 58720256
  },
  "1_q.pt": {
    "mse": 1.641382482375775e-06,
    "num_pixels": 16777216
  },
  "1_k.pt": {
    "mse": 3.3756755328795407e-06,
    "num_pixels": 4194304
  },
  "1_v.pt": {
    "mse": 2.873609332709748e-07,
    "num_pixels": 4194304
  },
  "1_o.pt": {
    "mse": 4.250055098964367e-07,
    "num_pixels": 16777216
  },
  "1_up.pt": {
    "mse": 5.209864184507751e-07,
    "num_pixels": 58720256
  },
  "1_gate.pt": {
    "mse": 6.312138793873601e-07,
    "num_pixels": 58720256
  },
  "1_down.pt": {
    "mse": 3.814730860085547e-07,
    "num_pixels": 58720256
  },
  "2_q.pt": {
    "mse": 1.348116484223283e-06,
    "num_pixels": 16777216
  },
  "2_k.pt": {
    "mse": 3.1492375001107575e-06,
    "num_pixels": 4194304
  },
  "2_v.pt": {
    "mse": 1.8736491824711266e-07,
    "num_pixels": 4194304
  },
  "2_o.pt": {
    "mse": 2.8613555969059234e-07,
    "num_pixels": 16777216
  },
  "2_up.pt": {
    "mse": 4.931011403641605e-07,
    "num_pixels": 58720256
  },
  "2_gate.pt": {
    "mse": 6.362271278703702e-07,
    "num_pixels": 58720256
  },
  "2_down.pt": {
    "mse": 4.336560550655122e-07,
    "num_pixels": 58720256
  },
  "3_q.pt": {
    "mse": 1.2501513992901891e-06,
    "num_pixels": 16777216
  },
  "3_k.pt": {
    "mse": 2.895697434723843e-06,
    "num_pixels": 4194304
  },
  "3_v.pt": {
    "mse": 2.395616718331439e-07,
    "num_pixels": 4194304
  },
  "3_o.pt": {
    "mse": 3.5791524055639456e-07,
    "num_pixels": 16777216
  },
  "3_up.pt": {
    "mse": 4.5239775658956205e-07,
    "num_pixels": 58720256
  },
  "3_gate.pt": {
    "mse": 6.848159159744682e-07,
    "num_pixels": 58720256
  },
  "3_down.pt": {
    "mse": 4.0672111367712205e-07,
    "num_pixels": 58720256
  },
  "4_q.pt": {
    "mse": 1.2254868124728091e-06,
    "num_pixels": 16777216
  },
  "4_k.pt": {
    "mse": 2.8257377380214166e-06,
    "num_pixels": 4194304
  },
  "4_v.pt": {
    "mse": 2.80482282732919e-07,
    "num_pixels": 4194304
  },
  "4_o.pt": {
    "mse": 4.022838311357191e-07,
    "num_pixels": 16777216
  },
  "4_up.pt": {
    "mse": 4.014644048311311e-07,
    "num_pixels": 58720256
  },
  "4_gate.pt": {
    "mse": 7.148620397856575e-07,
    "num_pixels": 58720256
  },
  "4_down.pt": {
    "mse": 3.9231321125043905e-07,
    "num_pixels": 58720256
  },
  "5_q.pt": {
    "mse": 1.2239593161211815e-06,
    "num_pixels": 16777216
  },
  "5_k.pt": {
    "mse": 2.864964699256234e-06,
    "num_pixels": 4194304
  },
  "5_v.pt": {
    "mse": 1.9477816692869965e-07,
    "num_pixels": 4194304
  },
  "5_o.pt": {
    "mse": 3.527947285419941e-07,
    "num_pixels": 16777216
  },
  "5_up.pt": {
    "mse": 3.9680205077274877e-07,
    "num_pixels": 58720256
  },
  "5_gate.pt": {
    "mse": 6.957141636121378e-07,
    "num_pixels": 58720256
  },
  "5_down.pt": {
    "mse": 3.9428442732969415e-07,
    "num_pixels": 58720256
  },
  "6_q.pt": {
    "mse": 1.2432242328941356e-06,
    "num_pixels": 16777216
  },
  "6_k.pt": {
    "mse": 2.7998312361887656e-06,
    "num_pixels": 4194304
  },
  "6_v.pt": {
    "mse": 2.2542639044331736e-07,
    "num_pixels": 4194304
  },
  "6_o.pt": {
    "mse": 3.695179202622967e-07,
    "num_pixels": 16777216
  },
  "6_up.pt": {
    "mse": 3.9547086316815694e-07,
    "num_pixels": 58720256
  },
  "6_gate.pt": {
    "mse": 7.01865133123647e-07,
    "num_pixels": 58720256
  },
  "6_down.pt": {
    "mse": 3.9699816056781856e-07,
    "num_pixels": 58720256
  },
  "7_q.pt": {
    "mse": 1.1398046808608342e-06,
    "num_pixels": 16777216
  },
  "7_k.pt": {
    "mse": 2.859203959815204e-06,
    "num_pixels": 4194304
  },
  "7_v.pt": {
    "mse": 2.2157777834763692e-07,
    "num_pixels": 4194304
  },
  "7_o.pt": {
    "mse": 3.8523853618244175e-07,
    "num_pixels": 16777216
  },
  "7_up.pt": {
    "mse": 3.9939359908203187e-07,
    "num_pixels": 58720256
  },
  "7_gate.pt": {
    "mse": 6.653511377407995e-07,
    "num_pixels": 58720256
  },
  "7_down.pt": {
    "mse": 4.0659651290297916e-07,
    "num_pixels": 58720256
  },
  "8_q.pt": {
    "mse": 1.1440397429396398e-06,
    "num_pixels": 16777216
  },
  "8_k.pt": {
    "mse": 2.80511221717461e-06,
    "num_pixels": 4194304
  },
  "8_v.pt": {
    "mse": 2.4437585466330347e-07,
    "num_pixels": 4194304
  },
  "8_o.pt": {
    "mse": 4.086548699433479e-07,
    "num_pixels": 16777216
  },
  "8_up.pt": {
    "mse": 3.968270334553381e-07,
    "num_pixels": 58720256
  },
  "8_gate.pt": {
    "mse": 6.743926519447996e-07,
    "num_pixels": 58720256
  },
  "8_down.pt": {
    "mse": 4.060593994381634e-07,
    "num_pixels": 58720256
  },
  "9_q.pt": {
    "mse": 1.1215192898816895e-06,
    "num_pixels": 16777216
  },
  "9_k.pt": {
    "mse": 2.7479427444632165e-06,
    "num_pixels": 4194304
  },
  "9_v.pt": {
    "mse": 3.2261760907204007e-07,
    "num_pixels": 4194304
  },
  "9_o.pt": {
    "mse": 4.737092922368902e-07,
    "num_pixels": 16777216
  },
  "9_up.pt": {
    "mse": 4.006954554824915e-07,
    "num_pixels": 58720256
  },
  "9_gate.pt": {
    "mse": 6.82674055951793e-07,
    "num_pixels": 58720256
  },
  "9_down.pt": {
    "mse": 4.104278161776165e-07,
    "num_pixels": 58720256
  },
  "10_q.pt": {
    "mse": 1.1809709121735068e-06,
    "num_pixels": 16777216
  },
  "10_k.pt": {
    "mse": 2.826200670824619e-06,
    "num_pixels": 4194304
  },
  "10_v.pt": {
    "mse": 2.3594446929564583e-07,
    "num_pixels": 4194304
  },
  "10_o.pt": {
    "mse": 3.9650458916185016e-07,
    "num_pixels": 16777216
  },
  "10_up.pt": {
    "mse": 4.1263970729232824e-07,
    "num_pixels": 58720256
  },
  "10_gate.pt": {
    "mse": 6.499491860267881e-07,
    "num_pixels": 58720256
  },
  "10_down.pt": {
    "mse": 4.207879555906402e-07,
    "num_pixels": 58720256
  },
  "11_q.pt": {
    "mse": 1.040006964103668e-06,
    "num_pixels": 16777216
  },
  "11_k.pt": {
    "mse": 2.7183282327314373e-06,
    "num_pixels": 4194304
  },
  "11_v.pt": {
    "mse": 2.2714228009590443e-07,
    "num_pixels": 4194304
  },
  "11_o.pt": {
    "mse": 4.364491701380757e-07,
    "num_pixels": 16777216
  },
  "11_up.pt": {
    "mse": 4.1825740026979474e-07,
    "num_pixels": 58720256
  },
  "11_gate.pt": {
    "mse": 6.335055786621524e-07,
    "num_pixels": 58720256
  },
  "11_down.pt": {
    "mse": 4.285054728825344e-07,
    "num_pixels": 58720256
  },
  "12_q.pt": {
    "mse": 1.0668079539755126e-06,
    "num_pixels": 16777216
  },
  "12_k.pt": {
    "mse": 2.5773797460715286e-06,
    "num_pixels": 4194304
  },
  "12_v.pt": {
    "mse": 3.1559528679281357e-07,
    "num_pixels": 4194304
  },
  "12_o.pt": {
    "mse": 4.673339901728468e-07,
    "num_pixels": 16777216
  },
  "12_up.pt": {
    "mse": 4.3825329498758947e-07,
    "num_pixels": 58720256
  },
  "12_gate.pt": {
    "mse": 6.246538646337285e-07,
    "num_pixels": 58720256
  },
  "12_down.pt": {
    "mse": 4.4882654037792236e-07,
    "num_pixels": 58720256
  },
  "13_q.pt": {
    "mse": 1.10914754714031e-06,
    "num_pixels": 16777216
  },
  "13_k.pt": {
    "mse": 2.8095441848563496e-06,
    "num_pixels": 4194304
  },
  "13_v.pt": {
    "mse": 2.7368420774109836e-07,
    "num_pixels": 4194304
  },
  "13_o.pt": {
    "mse": 4.5090655476087704e-07,
    "num_pixels": 16777216
  },
  "13_up.pt": {
    "mse": 4.4585311798073235e-07,
    "num_pixels": 58720256
  },
  "13_gate.pt": {
    "mse": 6.339162723634217e-07,
    "num_pixels": 58720256
  },
  "13_down.pt": {
    "mse": 4.5057049646857195e-07,
    "num_pixels": 58720256
  },