{
  "0_q.pt": {
    "mse": 2.816227606672328e-06,
    "num_pixels": 16777216
  },
  "0_k.pt": {
    "mse": 5.106910521135433e-06,
    "num_pixels": 4194304
  },
  "0_v.pt": {
    "mse": 2.7888478371096426e-07,
    "num_pixels": 4194304
  },
  "0_o.pt": {
    "mse": 3.7662741192434623e-07,
    "num_pixels": 16777216
  },
  "0_up.pt": {
    "mse": 4.974829153070459e-07,
    "num_pixels": 58720256
  },
  "0_gate.pt": {
    "mse": 6.06381036050152e-07,
    "num_pixels": 58720256
  },
  "0_down.pt": {
    "mse": 4.4845342017652e-07,
    "num_pixels": 58720256
  },
  "1_q.pt": {
    "mse": 1.6413557659689104e-06,
    "num_pixels": 16777216
  },
  "1_k.pt": {
    "mse": 3.378965402589529e-06,
    "num_pixels": 4194304
  },
  "1_v.pt": {
    "mse": 2.870083619654906e-07,
    "num_pixels": 4194304
  },
  "1_o.pt": {
    "mse": 4.2473828898437205e-07,
    "num_pixels": 16777216
  },
  "1_up.pt": {
    "mse": 5.209418532103882e-07,
    "num_pixels": 58720256
  },
  "1_gate.pt": {
    "mse": 6.309972491180815e-07,
    "num_pixels": 58720256
  },
  "1_down.pt": {
    "mse": 3.814265596702171e-07,
    "num_pixels": 58720256
  },
  "2_q.pt": {
    "mse": 1.3484855116985273e-06,
    "num_pixels": 16777216
  },
  "2_k.pt": {
    "mse": 3.1505182960245293e-06,
    "num_pixels": 4194304
  },
  "2_v.pt": {
    "mse": 1.8704929516388802e-07,
    "num_pixels": 4194304
  },
  "2_o.pt": {
    "mse": 2.8636588922381634e-07,
    "num_pixels": 16777216
  },
  "2_up.pt": {
    "mse": 4.932118145006825e-07,
    "num_pixels": 58720256
  },
  "2_gate.pt": {
    "mse": 6.362099043144553e-07,
    "num_pixels": 58720256
  },
  "2_down.pt": {
    "mse": 4.336567940299574e-07,
    "num_pixels": 58720256
  },
  "3_q.pt": {
    "mse": 1.2501886885729618e-06,
    "num_pixels": 16777216
  },
  "3_k.pt": {
    "mse": 2.8939680305484217e-06,
    "num_pixels": 4194304
  },
  "3_v.pt": {
    "mse": 2.3964489059835614e-07,
    "num_pixels": 4194304
  },
  "3_o.pt": {
    "mse": 3.578753648980637e-07,
    "num_pixels": 16777216
  },
  "3_up.pt": {
    "mse": 4.525193162407959e-07,
    "num_pixels": 58720256
  },
  "3_gate.pt": {
    "mse": 6.84300232478563e-07,
    "num_pixels": 58720256
  },
  "3_down.pt": {
    "mse": 4.0659864453118644e-07,
    "num_pixels": 58720256
  },
  "4_q.pt": {
    "mse": 1.2254610055606463e-06,
    "num_pixels": 16777216
  },
  "4_k.pt": {
    "mse": 2.8254037260921905e-06,
    "num_pixels": 4194304
  },
  "4_v.pt": {
    "mse": 2.8162466492176463e-07,
    "num_pixels": 4194304
  },
  "4_o.pt": {
    "mse": 4.02256091547315e-07,
    "num_pixels": 16777216
  },
  "4_up.pt": {
    "mse": 4.014422643194848e-07,
    "num_pixels": 58720256
  },
  "4_gate.pt": {
    "mse": 7.148134955059504e-07,
    "num_pixels": 58720256
  },
  "4_down.pt": {
    "mse": 3.9225002979037527e-07,
    "num_pixels": 58720256
  },
  "5_q.pt": {
    "mse": 1.2238350564075517e-06,
    "num_pixels": 16777216
  },
  "5_k.pt": {
    "mse": 2.8655038022407098e-06,
    "num_pixels": 4194304
  },
  "5_v.pt": {
    "mse": 1.9468237155706447e-07,
    "num_pixels": 4194304
  },
  "5_o.pt": {
    "mse": 3.5297281897328503e-07,
    "num_pixels": 16777216
  },
  "5_up.pt": {
    "mse": 3.967786312841781e-07,
    "num_pixels": 58720256
  },
  "5_gate.pt": {
    "mse": 6.95722633281548e-07,
    "num_pixels": 58720256
  },
  "5_down.pt": {
    "mse": 3.9429042431038397e-07,
    "num_pixels": 58720256
  },
  "6_q.pt": {
    "mse": 1.2434053360266262e-06,
    "num_pixels": 16777216
  },
  "6_k.pt": {
    "mse": 2.799925368890399e-06,
    "num_pixels": 4194304
  },
  "6_v.pt": {
    "mse": 2.2539676081123616e-07,
    "num_pixels": 4194304
  },
  "6_o.pt": {
    "mse": 3.6942617498425534e-07,
    "num_pixels": 16777216
  },
  "6_up.pt": {
    "mse": 3.9549397001792386e-07,
    "num_pixels": 58720256
  },
  "6_gate.pt": {
    "mse": 7.020219072728651e-07,
    "num_pixels": 58720256
  },
  "6_down.pt": {
    "mse": 3.970658895013912e-07,
    "num_pixels": 58720256
  },
  "7_q.pt": {
    "mse": 1.139649157266831e-06,
    "num_pixels": 16777216
  },
  "7_k.pt": {
    "mse": 2.86113072434091e-06,
    "num_pixels": 4194304
  },
  "7_v.pt": {
    "mse": 2.216198282667392e-07,
    "num_pixels": 4194304
  },
  "7_o.pt": {
    "mse": 3.8528693835360173e-07,
    "num_pixels": 16777216
  },
  "7_up.pt": {
    "mse": 3.9933178186402074e-07,
    "num_pixels": 58720256
  },
  "7_gate.pt": {
    "mse": 6.64425954255421e-07,
    "num_pixels": 58720256
  },
  "7_down.pt": {
    "mse": 4.064669667513954e-07,
    "num_pixels": 58720256
  },
  "8_q.pt": {
    "mse": 1.143922077062598e-06,
    "num_pixels": 16777216
  },
  "8_k.pt": {
    "mse": 2.8043386919307522e-06,
    "num_pixels": 4194304
  },
  "8_v.pt": {
    "mse": 2.443664186557726e-07,
    "num_pixels": 4194304
  },
  "8_o.pt": {
    "mse": 4.0870179418561747e-07,
    "num_pixels": 16777216
  },
  "8_up.pt": {
    "mse": 3.968533803799801e-07,
    "num_pixels": 58720256
  },
  "8_gate.pt": {
    "mse": 6.743827611899178e-07,
    "num_pixels": 58720256
  },
  "8_down.pt": {
    "mse": 4.0597598172098515e-07,
    "num_pixels": 58720256
  },
  "9_q.pt": {
    "mse": 1.1214920050406363e-06,
    "num_pixels": 16777216
  },
  "9_k.pt": {
    "mse": 2.746637846939848e-06,
    "num_pixels": 4194304
  },
  "9_v.pt": {
    "mse": 3.2259058002637175e-07,
    "num_pixels": 4194304
  },
  "9_o.pt": {
    "mse": 4.737059668968868e-07,
    "num_pixels": 16777216
  },
  "9_up.pt": {
    "mse": 4.0069372175821627e-07,
    "num_pixels": 58720256
  },
  "9_gate.pt": {
    "mse": 6.826840603935125e-07,
    "num_pixels": 58720256
  },
  "9_down.pt": {
    "mse": 4.103730475435441e-07,
    "num_pixels": 58720256
  },
  "10_q.pt": {
    "mse": 1.1811140439021983e-06,
    "num_pixels": 16777216
  },
  "10_k.pt": {
    "mse": 2.8259619284654036e-06,
    "num_pixels": 4194304
  },
  "10_v.pt": {
    "mse": 2.3602802912137122e-07,
    "num_pixels": 4194304
  },
  "10_o.pt": {
    "mse": 3.9617077618459007e-07,
    "num_pixels": 16777216
  },
  "10_up.pt": {
    "mse": 4.125378723074391e-07,
    "num_pixels": 58720256
  },
  "10_gate.pt": {
    "mse": 6.498327138615423e-07,
    "num_pixels": 58720256
  },
  "10_down.pt": {
    "mse": 4.2068563743669074e-07,
    "num_pixels": 58720256
  },
  "11_q.pt": {
    "mse": 1.039836661220761e-06,
    "num_pixels": 16777216
  },
  "11_k.pt": {
    "mse": 2.717816187214339e-06,
    "num_pixels": 4194304
  },
  "11_v.pt": {
    "mse": 2.2714893077591114e-07,
    "num_pixels": 4194304
  },
  "11_o.pt": {
    "mse": 4.3629185597637843e-07,
    "num_pixels": 16777216
  },
  "11_up.pt": {
    "mse": 4.182441557532002e-07,
    "num_pixels": 58720256
  },
  "11_gate.pt": {
    "mse": 6.333896749310952e-07,
    "num_pixels": 58720256
  },
  "11_down.pt": {
    "mse": 4.2846897940762574e-07,
    "num_pixels": 58720256
  },
  "12_q.pt": {
    "mse": 1.0666173011486535e-06,
    "num_pixels": 16777216
  },
  "12_k.pt": {
    "mse": 2.5780666419450426e-06,
    "num_pixels": 4194304
  },
  "12_v.pt": {
    "mse": 3.154035823627055e-07,
    "num_pixels": 4194304
  },
  "12_o.pt": {
    "mse": 4.6710459855603403e-07,
    "num_pixels": 16777216
  },
  "12_up.pt": {
    "mse": 4.382050917683955e-07,
    "num_pixels": 58720256
  },
  "12_gate.pt": {
    "mse": 6.244212045203312e-07,
    "num_pixels": 58720256
  },
  "12_down.pt": {
    "mse": 4.4875790194964793e-07,
    "num_pixels": 58720256
  },
  "13_q.pt": {
    "mse": 1.109032382373698e-06,
    "num_pixels": 16777216
  },
  "13_k.pt": {
    "mse": 2.8109188860980794e-06,
    "num_pixels": 4194304
  },
  "13_v.pt": {
    "mse": 2.7368605515221134e-07,
    "num_pixels": 4194304
  },
  "13_o.pt": {
    "mse": 4.509081747983146e-07,
    "num_pixels": 16777216
  },
  "13_up.pt": {
    "mse": 4.457624811493588e-07,
    "num_pixels": 58720256
  },
  "13_gate.pt": {
    "mse": 6.338186153698189e-07,
    "num_pixels": 58720256
  },
  "13_down.pt": {
    "mse": 4.5055264763504965e-07,
    "num_pixels": 58720256
  },