{"AWQ": {"bpp": [2.25, 3.25, 4.25, 5.25, 6.25, 7.25, 8.25], "ppl": [1706217.75, 8.243, 6.531, 6.237, 6.157, 6.141, 6.138], "mse": [23, 21, 18, 189, 21, 18, 23]}, "*OMNIQ": {}, "*QUIP#_no_ft": {}, "*QUIP#": {}, "RTNg128": {"bpp": [2.25, 3.25, 4.25, 5.25, 6.25, 7.25, 8.25], "ppl": [295954.625, 12.141, 6.731, 6.304, 6.186, 6.15, 6.14], "mse": [0.2619, 0.0489, 0.0107, 0.0025, 0.0006, 0.0002, 4.624e-05]}, "RTN": {"bpp": [2, 3, 4, 5, 6, 7, 8], "ppl": [1385877.125, 2276.227, 8.537, 6.561, 6.27, 6.173, 6.149], "mse": [0.5205, 0.1124, 0.0253, null, 0.0015, null, 9.9967e-05]}, "VQVAE_old": {"bpp": [2, 3, 4, 5, 6, 8], "ppl": [801779, 110.0668, 10.7364, 7.8319, 7.6031, 7.5663], "mse": [0.1144, 0.0389, 0.0186, 0.0049, 0.0028, 0.002]}, "VQVAE": {"bpp": [3, 4, 5, 6, 8], "ppl": [24.881, 7.194, 6.47, 6.215, 6.177], "mse": [0.03701, 0.01228, 0.00365, 0.00101, 9e-05]}, "VQVAE_idx": {"bpp": [3, 4, 6, 8], "ppl": [50.871, 7.739, null, 6.223], "mse": [0.0369, 0.0192, 0.0027, 0.001]}, "VQVAE_idx_row": {"bpp": [3, 4, 5, 6, 7, 8], "ppl": [159.215, 7.852, null, 6.545, null, 6.166], "mse": [0.041, 0.0123, 0.0064, 0.0033, 0.0026, 0.0002]}, "SeedLM": {"bpp": [3, 4], "ppl": [10.1, 7.0], "mse": [0.0388, 0.0081]}, "Entropy_row16": {"bpp": [6.014, 6.39, 8.22], "ppl": [7.796, 6.844, 6.217], "mse": [0.0145, 0.00725, 0.00076]}, "Entropy_col128": {"bpp": [3.27539, 3.77784, 4.57791, 5.44646, 7.08356, 7.8364], "ppl": [9.072, 7.492, 6.392, 6.222, 6.142, 6.14], "mse": [0.01454, 0.00729, 0.00245, 0.00075, 8e-05, 3e-05]}, "Entropy_row128": {"bpp": [3.64225, 4.14475, 4.9485, 5.828, 7.466, 8.2165], "ppl": [8.0, 6.922, 6.375, 6.225, 6.146, 6.142], "mse": [0.01454, 0.00729, 0.00245, 0.00075, 8e-05, 3e-05]}, "Entropy_row16_bundle": {"bpp": [3.311, 3.81, 4.27, 5.47, 6.474, 6.644], "ppl": [7.724, 6.876, 6.501, 6.228, 6.167, 6.16], "mse": [0.0145, 0.0072, 0.00363, 0.0008, 0.0003, 0.0002]}, "Entropy_row16_bundle_ROWCOL": {"bpp": [3.311, 3.81, 4.27, 5.47, 6.474, 6.644], "ppl": [7.724, 6.876, 6.501, 6.228, 6.167, 6.16], "mse": [0.0145, 0.0072, 0.00363, 0.0008, 0.0003, 0.0002]}, "Entropy_ql_random_seq16(loss)": {"bpp": [2.56, 3.058, 3.56, 3.86, 4.7, 5.93], "ppl": [11.939, 7.735, 6.891, 6.64, 6.294, 6.187], "mse": [0.04085, 0.02041, 0.01026, 0.0069, 0.00215, 0.00052]}, "Entropy_ql_random_seq16": {"bpp": [2.573, 3.0733, 3.579, 3.873, 4.7203, 5.9474], "ppl": [11.939, 7.735, 6.891, 6.64, 6.294, 6.187], "mse": [0.04085, 0.02041, 0.01026, 0.0069, 0.00215, 0.00052]}, "Entropy_ql_random_seq16_2": {"bpp": [2.613881, 3.11315, 3.618142049, 3.9107435, 4.75101, 5.952254, 6.1921], "ppl": [9.312, 7.258, 6.721, 6.509, 6.259, 6.183, 6.184], "mse": [0.04085, 0.02041, 0.01026, 0.0069, 0.00215, 0.00052]}, "Entropy_gaussian_seq16": {"bpp": [3.36442, 3.8647, 4.36402, 5.50448, 6.66792, 6.73752], "ppl": [7.993, 6.885, 6.561, 6.406, 7.829, 6.752], "mse": [0.01445, 0.00724, 0.00365, 0.00091, 0.00196, 0.00097]}, "nwc_hp_row_seq16": {"bpp": [3.34822, 3.852, 4.37264, 5.51448, 6.5558], "ppl": [7.735, 6.845, 6.5, 6.215, 6.168], "mse": [0.01447, 0.00725, 0.00363, 0.00077, 0.00023]}, "Entropy(loss)": {"bpp": [3.27539, 3.77784, 4.57791, 5.44646, 7.08356, 7.8364], "ppl": [8.0, 6.922, 6.375, 6.225, 6.146, 6.142], "mse": [0.01454, 0.00729, 0.00245, 0.00075, 8e-05, 3e-05]}, "Entropy_ql_col16": {"bpp": [2.90884, 4.55409, 5.89107, 6.10535], "ppl": [7.921, 6.342, 6.262, 6.265], "mse": [0.02425, 0.00252, 0.00051, 0.00043]}, "Entropy_ql_random_col128": {"bpp": [3.06427, 3.58498, 4.73994, 6.38184, 7.12939], "ppl": [9.733, 6.79, 6.268, 6.154, 6.146], "mse": [0.02039, 0.01025, 0.00205, 0.00022, 8e-05]}, "Entropy_col16": {"bpp": [6.13, 6.424], "ppl": [7.83, 6.849], "mse": [0.0145, 0.00725]}, "Entropy_gaussian16": {"bpp": [6.12, 6.38, 8.054], "ppl": [8.084, 6.935, 6.23], "mse": [0.0146, 0.00723, 0.00077]}, "Ours": {"bpp": [3.311, 3.81, 4.27, 5.47, 6.474, 6.644], "ppl": [7.724, 6.876, 6.501, 6.228, 6.167, 6.16], "mse": [0.0145, 0.0072, 0.00363, 0.0008, 0.0003, 0.0002]}, "Ours_salience_aware": {"bpp": [2.573, 3.0733, 3.579, 3.873, 4.7203, 5.9474], "ppl": [11.939, 7.735, 6.891, 6.64, 6.294, 6.187], "mse": [0.04085, 0.02041, 0.01026, 0.0069, 0.00215, 0.00052]}}