{
    "ppl": {
        "wikitext2": 3.8426356315612793,
        "c4": 6.880582332611084
    }
}