{
    "bpp_loss": 2.3015328621482833,
    "bpp": 0.0,
    "ppl": {
        "wikitext2": 8.210469245910645,
        "c4": 11.490262985229492
    }
}