{
    "bpp_loss": 5.9810235201596065,
    "bpp": 0.0,
    "ppl": {
        "wikitext2": 6.152048587799072,
        "c4": 8.89590835571289
    }
}