{
    "bpp_loss": 2.6693616848877775,
    "bpp": 0.0,
    "ppl": {
        "wikitext2": 7.21427583694458,
        "c4": 10.36293888092041
    }
}