{
    "bpp_loss": 4.77782450354873,
    "bpp": 0.0,
    "ppl": {
        "wikitext2": 6.194113731384277,
        "c4": 8.945286750793457
    }
}