{
    "bpp_loss": 3.16721133423002,
    "bpp": 0.0,
    "ppl": {
        "wikitext2": 6.672239303588867,
        "c4": 9.5855131149292
    }
}