{
    "bpp_loss": 3.954826640797994,
    "bpp": 0.0,
    "ppl": {
        "wikitext2": 6.316709518432617,
        "c4": 9.086956977844238
    }
}