{
  "wikitext2": 5.501436233520508,
  "c4": 7.002763748168945
}