{
    "ppl": {
        "wikitext2": 5.470766544342041,
        "c4": 6.973465442657471
    }
}