{
  "compressed_layers": 21,
  "compressed_params": 11678912,
  "fp32_bits": 373725184.0,
  "use_codes": false,
  "metadata_bits": 63296.0,
  "estimated_bits": 34376467.494140625,
  "actual_bits": null,
  "estimated_bits_per_param": 2.9434648958859033,
  "actual_bits_per_param": null,
  "estimated_compression_ratio": 10.871541238601681,
  "actual_compression_ratio": null,
  "weighted_mse": 3.5552530314383994e-05,
  "eval_before": {
    "top1": 69.764,
    "top5": 89.07,
    "num_samples": 50000.0
  },
  "eval_after": {
    "top1": 68.82,
    "top5": 88.554,
    "num_samples": 50000.0
  }
}