{
  "wikitext2": 5.667256832122803,
  "c4": 7.174556255340576
}