{"loss": [6.161711692810059, 7.478086471557617, 6.2020649909973145, 6.375233173370361, 6.661901950836182, 6.321649074554443, 5.912492752075195, 6.059670448303223, 6.277653694152832, 6.201830863952637, 5.9547319412231445, 5.887672424316406, 6.01570987701416, 6.028963088989258, 5.931381702423096, 5.81113862991333, 5.8349809646606445, 5.929818153381348, 5.905813217163086, 5.832516670227051, 5.766077518463135, 5.817850112915039, 5.835334777832031, 5.845280647277832, 5.804797172546387, 5.787045955657959, 5.778216361999512, 5.822829246520996, 5.788635730743408, 5.783841133117676, 5.781302452087402, 5.791988372802734, 5.797436714172363, 5.751302719116211, 5.762408256530762, 5.741665363311768, 5.763473987579346, 5.7787580490112305, 5.762096405029297, 5.74924898147583, 5.759356498718262, 5.7615647315979, 5.7450971603393555, 5.712158679962158, 5.73870849609375, 5.737689971923828, 5.761476039886475, 5.744844913482666, 5.747223377227783, 5.73799467086792, 5.757812023162842, 5.758114337921143, 5.7487287521362305, 5.739064693450928, 5.752295017242432, 5.7104878425598145, 5.714094638824463, 5.727913856506348, 5.733924865722656, 5.728379726409912, 5.753770351409912, 5.740145683288574, 5.731858730316162, 5.74673318862915, 5.746515274047852, 5.743172645568848, 5.710891246795654, 5.732780933380127, 5.759268760681152, 5.74896240234375, 5.731917858123779, 5.739865303039551, 5.739667892456055, 5.716763496398926, 5.714122772216797, 5.73276948928833, 5.741193771362305, 5.756340026855469, 5.733912944793701, 5.732087135314941, 5.7368574142456055, 5.710583686828613, 5.728287696838379, 5.722379207611084, 5.72735071182251, 5.71992301940918, 5.702899932861328, 5.753499507904053, 5.708827972412109, 5.74557638168335, 5.73909330368042, 5.753660678863525, 5.721582412719727, 5.7063446044921875, 5.7478508949279785, 5.700602054595947, 5.740477561950684, 5.746834754943848, 5.723094463348389, 5.721226215362549], "adaptive_loss": [0.015181245282292366, 0.02815833128988743, 0.015491476282477379, 0.01732754334807396, 0.020232148468494415, 0.016806822270154953, 0.012662929482758045, 0.014087090268731117, 0.016250476241111755, 0.015510042198002338, 0.013077208772301674, 0.012452622875571251, 0.013765234500169754, 0.013911456800997257, 0.012923904694616795, 0.011700337752699852, 0.01191198080778122, 0.012844420969486237, 0.012606599368155003, 0.01189110055565834, 0.011254421435296535, 0.01179945096373558, 0.011993372812867165, 0.012098859064280987, 0.01168860588222742, 0.011498209089040756, 0.011397231370210648, 0.011836579069495201, 0.011499015614390373, 0.0114625608548522, 0.011458463035523891, 0.01158309169113636, 0.011646447703242302, 0.011187448166310787, 0.0112919881939888, 0.011076684109866619, 0.011288848705589771, 0.011444373987615108, 0.011288747191429138, 0.01117620151489973, 0.011289283633232117, 0.011318979784846306, 0.011155647225677967, 0.01082397811114788, 0.01108530443161726, 0.011073525063693523, 0.011313184164464474, 0.01115567609667778, 0.011187766678631306, 0.011107592843472958, 0.01131011638790369, 0.011314643546938896, 0.011219524778425694, 0.01112392358481884, 0.011255745775997639, 0.010839478112757206, 0.010882604867219925, 0.011030255816876888, 0.01110188290476799, 0.011051992885768414, 0.011309717781841755, 0.01116950809955597, 0.011084605939686298, 0.011231740936636925, 0.011234527453780174, 0.011209995485842228, 0.010892202146351337, 0.011117869056761265, 0.011386544443666935, 0.011285836808383465, 0.01111654844135046, 0.011197957210242748, 0.011199911125004292, 0.010976020246744156, 0.010955017060041428, 0.011147514916956425, 0.011234077624976635, 0.011385852470993996, 0.01116371713578701, 0.011148525401949883, 0.011202624067664146, 0.010946136899292469, 0.011128142476081848, 0.011071281507611275, 0.01111937128007412, 0.011039148084819317, 0.010870311409235, 0.011381701566278934, 0.01094758789986372, 0.011324438266456127, 0.01126341987401247, 0.011409339495003223, 0.011088530533015728, 0.010936988517642021, 0.011352033354341984, 0.01088639721274376, 0.011292549781501293, 0.011359141208231449, 0.011121729388833046, 0.01110223401337862], "bpp_loss": [4.643587112426758, 4.662253379821777, 4.652917385101318, 4.642478942871094, 4.6386871337890625, 4.640966892242432, 4.646199703216553, 4.650961399078369, 4.652606010437012, 4.650826454162598, 4.6470112800598145, 4.6424102783203125, 4.639186382293701, 4.6378173828125, 4.638991355895996, 4.641104698181152, 4.643783092498779, 4.645376205444336, 4.645153045654297, 4.643406867980957, 4.6406354904174805, 4.637905120849609, 4.635997772216797, 4.63539457321167, 4.635936737060547, 4.637225151062012, 4.638493061065674, 4.639171600341797, 4.638734340667725, 4.637585163116455, 4.635456085205078, 4.633678913116455, 4.632791996002197, 4.6325578689575195, 4.633209705352783, 4.633996963500977, 4.634589195251465, 4.6343207359313965, 4.633221626281738, 4.63162899017334, 4.630428314208984, 4.629666805267334, 4.629532337188721, 4.6297607421875, 4.630177974700928, 4.630337715148926, 4.630157470703125, 4.629277229309082, 4.628446578979492, 4.627235412597656, 4.626800537109375, 4.626649856567383, 4.626776218414307, 4.626672267913818, 4.626720428466797, 4.626540184020996, 4.625833988189697, 4.6248884201049805, 4.62373685836792, 4.623180389404297, 4.622798442840576, 4.623194694519043, 4.623398303985596, 4.62355899810791, 4.623062610626221, 4.622172832489014, 4.621671199798584, 4.6209940910339355, 4.620614528656006, 4.6203789710998535, 4.62026309967041, 4.62006950378418, 4.61967658996582, 4.619161605834961, 4.618621349334717, 4.61801815032959, 4.617785930633545, 4.617754936218262, 4.617541313171387, 4.617234706878662, 4.616595268249512, 4.615970134735107, 4.61547327041626, 4.615251064300537, 4.615413665771484, 4.616008281707764, 4.61586856842041, 4.615329265594482, 4.614068984985352, 4.613132476806641, 4.612751483917236, 4.61272668838501, 4.612729072570801, 4.612645626068115, 4.612647533416748, 4.61196231842041, 4.611222743988037, 4.610920429229736, 4.610921382904053, 4.6110029220581055],