{"loss": [3.8382184505462646, 4.020883560180664, 4.0385894775390625, 4.0330963134765625, 3.978360176086426, 3.9709675312042236, 3.9887776374816895, 4.005260467529297, 3.984400510787964, 3.970707893371582, 3.9536685943603516, 3.9497427940368652, 3.938066244125366, 3.950124502182007, 3.9567983150482178, 3.934286117553711, 3.9446122646331787, 3.9470343589782715, 3.9297378063201904, 3.9504196643829346, 3.9132609367370605, 3.9186453819274902, 3.924377918243408, 3.912233352661133, 3.8982436656951904, 3.919987440109253, 3.909391164779663, 3.9233269691467285, 3.8929245471954346, 3.9060139656066895, 3.902731418609619, 3.8955111503601074, 3.9015684127807617, 3.9096808433532715, 3.8998594284057617, 3.903332471847534, 3.890673875808716, 3.9100594520568848, 3.9125165939331055, 3.8951003551483154, 3.8975017070770264, 3.894935131072998, 3.901608943939209, 3.903015613555908, 3.892141342163086, 3.897210121154785, 3.9000556468963623, 3.8878517150878906, 3.882059097290039, 3.8810672760009766, 3.863812208175659, 3.885732650756836, 3.897688388824463, 3.889798641204834, 3.881971597671509, 3.867460250854492, 3.8645243644714355, 3.8767800331115723, 3.884793281555176, 3.8634114265441895, 3.878929615020752, 3.885056257247925, 3.8984551429748535, 3.880258798599243, 3.8626203536987305, 3.877254009246826, 3.870744228363037, 3.902567148208618, 3.8755481243133545, 3.879722833633423, 3.8701181411743164, 3.8772952556610107, 3.882890224456787, 3.8622043132781982, 3.878632068634033, 3.8683698177337646, 3.8490471839904785, 3.8779261112213135, 3.875702142715454, 3.8681840896606445, 3.8624353408813477, 3.8711318969726562, 3.855053424835205, 3.8745462894439697, 3.873067617416382, 3.8603579998016357, 3.86929988861084, 3.8628480434417725, 3.877654790878296, 3.8688583374023438, 3.8773837089538574, 3.857370376586914, 3.864466905593872, 3.8671677112579346, 3.8669662475585938, 3.883547782897949, 3.8671982288360596, 3.852914810180664, 3.855903387069702, 3.861978054046631], "adaptive_loss": [0.006003335118293762, 0.007858650758862495, 0.008065419271588326, 0.008036256767809391, 0.0075124348513782024, 0.007461972068995237, 0.007662760093808174, 0.007849297486245632, 0.007662500720471144, 0.007546927314251661, 0.007396665867418051, 0.007376351393759251, 0.00727706728503108, 0.007413451559841633, 0.00749591551721096, 0.007284353952854872, 0.007400596048682928, 0.007437096908688545, 0.007275316398590803, 0.007491684053093195, 0.007130239624530077, 0.007193326484411955, 0.007258075755089521, 0.00714489072561264, 0.007011270150542259, 0.007235152646899223, 0.007134819868952036, 0.007280420511960983, 0.006983148865401745, 0.007119274232536554, 0.007091202773153782, 0.007025004830211401, 0.0070912204682827, 0.0071769459173083305, 0.007082616910338402, 0.0071228244341909885, 0.007001122925430536, 0.0071996888145804405, 0.007229317910969257, 0.0070605953224003315, 0.007089403457939625, 0.007068837992846966, 0.007141560316085815, 0.007160698529332876, 0.0070570544339716434, 0.007113602478057146, 0.007147311698645353, 0.0070315334014594555, 0.006978532765060663, 0.006973162293434143, 0.006805083714425564, 0.007028697524219751, 0.007152394391596317, 0.007078319787979126, 0.007004380691796541, 0.006863831076771021, 0.006838628556579351, 0.006965345237404108, 0.007050932850688696, 0.006842025555670261, 0.007001806050539017, 0.0070678978227078915, 0.00720672681927681, 0.007029127795249224, 0.006856832653284073, 0.007008095737546682, 0.006947789806872606, 0.007268545683473349, 0.0070004817098379135, 0.007046706508845091, 0.0069530922919511795, 0.007029647007584572, 0.00708808796480298, 0.006885485257953405, 0.00705255102366209, 0.0069548599421978, 0.00676486873999238, 0.007057921029627323, 0.007039565593004227, 0.006967632099986076, 0.006914100609719753, 0.007004481740295887, 0.006847057957202196, 0.007044855039566755, 0.007033651694655418, 0.006911106873303652, 0.007004221901297569, 0.006942884065210819, 0.007094898726791143, 0.0070103914476931095, 0.007099310401827097, 0.006903056055307388, 0.006978101097047329, 0.007009234745055437, 0.0070101423189044, 0.007180291227996349, 0.007020454853773117, 0.006880468223243952, 0.006913931109011173, 0.006977967917919159], "bpp_loss": [3.237884998321533, 3.235018491744995, 3.2320477962493896, 3.2294704914093018, 3.227116584777832, 3.2247703075408936, 3.222501516342163, 3.2203309535980225, 3.2181503772735596, 3.216015100479126, 3.2140021324157715, 3.2121076583862305, 3.210359573364258, 3.2087793350219727, 3.2072067260742188, 3.205850839614868, 3.20455265045166, 3.203324794769287, 3.2022061347961426, 3.201251268386841, 3.2002370357513428, 3.199312686920166, 3.198570489883423, 3.197744131088257, 3.1971166133880615, 3.19647216796875, 3.195909261703491, 3.195284843444824, 3.1946096420288086, 3.1940865516662598, 3.1936111450195312, 3.1930105686187744, 3.192446231842041, 3.191986322402954, 3.1915977001190186, 3.1910500526428223, 3.190561532974243, 3.1900906562805176, 3.189584732055664, 3.1890408992767334, 3.18856143951416, 3.188051223754883, 3.187453031539917, 3.186945676803589, 3.1864359378814697, 3.185849905014038, 3.1853244304656982, 3.1846983432769775, 3.1842057704925537, 3.183751106262207, 3.1833038330078125, 3.1828629970550537, 3.1824488639831543, 3.181966543197632, 3.1815335750579834, 3.181077003479004, 3.18066143989563, 3.1802456378936768, 3.1796998977661133, 3.179208755493164, 3.1787490844726562, 3.1782665252685547, 3.1777825355529785, 3.1773459911346436, 3.1769371032714844, 3.1764445304870605, 3.1759653091430664, 3.1757125854492188, 3.17549991607666, 3.1750521659851074, 3.174808979034424, 3.174330472946167, 3.174081563949585, 3.1736557483673096, 3.17337703704834, 3.1728837490081787, 3.172560214996338, 3.1721339225769043, 3.171745538711548, 3.1714208126068115, 3.171025276184082, 3.1706838607788086, 3.1703476905822754, 3.170060873031616, 3.1697025299072266, 3.1692473888397217, 3.168877601623535, 3.1685595512390137, 3.1681649684906006, 3.1678192615509033, 3.167452573776245, 3.167064905166626, 3.166656732559204, 3.1662442684173584, 3.16595196723938, 3.1655187606811523, 3.1651527881622314, 3.164868116378784, 3.1645102500915527, 3.1641812324523926],