{"loss": [6.181244850158691, 6.810783386230469, 6.464597225189209, 6.489530563354492, 6.505605697631836, 6.4160590171813965, 6.360986232757568, 6.405623912811279, 6.484930515289307, 6.4266204833984375, 6.347728729248047, 6.334855079650879, 6.33937406539917, 6.372654914855957, 6.348630905151367, 6.317907333374023, 6.284376621246338, 6.3215484619140625, 6.331750869750977, 6.339243412017822, 6.291201591491699, 6.293854713439941, 6.290426254272461, 6.329482078552246, 6.279573440551758, 6.27255916595459, 6.294958114624023, 6.2785797119140625, 6.269769668579102, 6.284142017364502, 6.263247489929199, 6.2609477043151855, 6.284733772277832, 6.265158653259277, 6.2780280113220215, 6.277442932128906, 6.283816814422607, 6.274960994720459, 6.2797722816467285, 6.276039123535156, 6.264742851257324, 6.26408052444458, 6.274753570556641, 6.295478820800781, 6.26332950592041, 6.288122653961182, 6.27107048034668, 6.261055946350098, 6.255220890045166, 6.26196813583374, 6.2867021560668945, 6.269227027893066, 6.2659220695495605, 6.28721284866333, 6.285212516784668, 6.269657135009766, 6.244681358337402, 6.271566390991211, 6.261751651763916, 6.2700347900390625, 6.265995502471924, 6.254172325134277, 6.271971225738525, 6.264869689941406, 6.266506195068359, 6.27237606048584, 6.262844085693359, 6.271995544433594, 6.281192302703857, 6.274258613586426, 6.291366100311279, 6.258702754974365, 6.259189605712891, 6.254423141479492, 6.270901679992676, 6.276584625244141, 6.257254123687744, 6.2615437507629395, 6.266918182373047, 6.260806083679199, 6.265874862670898, 6.267458438873291, 6.261356830596924, 6.266858100891113, 6.267657279968262, 6.266033172607422, 6.262972831726074, 6.257637023925781, 6.28125, 6.25509786605835, 6.273727893829346, 6.260148048400879, 6.2673444747924805, 6.269471168518066, 6.286755561828613, 6.258879661560059, 6.254819393157959, 6.268442630767822, 6.26305627822876, 6.262681007385254], "adaptive_loss": [0.009817181155085564, 0.01582576520740986, 0.012545384466648102, 0.012964331544935703, 0.013172568753361702, 0.012232178822159767, 0.011598728597164154, 0.011970638297498226, 0.012726806104183197, 0.012161359190940857, 0.011423521675169468, 0.011356455273926258, 0.011452744714915752, 0.011807272210717201, 0.011560284532606602, 0.011222416535019875, 0.010845966637134552, 0.011183783411979675, 0.011274665594100952, 0.01135807204991579, 0.010909303091466427, 0.010976423509418964, 0.010974609293043613, 0.011379203759133816, 0.01087026298046112, 0.010778550989925861, 0.010978160426020622, 0.010795333422720432, 0.010701521299779415, 0.010852242819964886, 0.01066079642623663, 0.010660535655915737, 0.01091296412050724, 0.010726246982812881, 0.010854627005755901, 0.010843232274055481, 0.010895381681621075, 0.010794791392982006, 0.010841288603842258, 0.010810388252139091, 0.01070649828761816, 0.010709647089242935, 0.010820453055202961, 0.011029587127268314, 0.010708906687796116, 0.01094896625727415, 0.010773279704153538, 0.010671700350940228, 0.010616746731102467, 0.010685896500945091, 0.01094086654484272, 0.010773898102343082, 0.01074491161853075, 0.01095492485910654, 0.010932303965091705, 0.010778814554214478, 0.010531161911785603, 0.010801046155393124, 0.01070481352508068, 0.010786155238747597, 0.010743369348347187, 0.010622069239616394, 0.010797438211739063, 0.0107291080057621, 0.010744421742856503, 0.010805065743625164, 0.010716415010392666, 0.010813052766025066, 0.010910245589911938, 0.010844092816114426, 0.011019067838788033, 0.010686611756682396, 0.01068112812936306, 0.010626239702105522, 0.010790116153657436, 0.010852272622287273, 0.010669762268662453, 0.010720653459429741, 0.01077917218208313, 0.010717744939029217, 0.0107598090544343, 0.010768420062959194, 0.010705488733947277, 0.010764796286821365, 0.01078385766595602, 0.010776055045425892, 0.01074227038770914, 0.010680927895009518, 0.010913340374827385, 0.01065318938344717, 0.01084264274686575, 0.010715997777879238, 0.010793586261570454, 0.010805872268974781, 0.010968239046633244, 0.010685070417821407, 0.010642037726938725, 0.010791253298521042, 0.010750564746558666, 0.010754656046628952], "bpp_loss": [5.199526786804199, 5.228207111358643, 5.210058689117432, 5.193097114562988, 5.188348770141602, 5.192841053009033, 5.201113224029541, 5.208559989929199, 5.212249755859375, 5.210484504699707, 5.205376625061035, 5.199209690093994, 5.194099426269531, 5.191927909851074, 5.192602634429932, 5.1956658363342285, 5.199779987335205, 5.203169822692871, 5.204284191131592, 5.203436374664307, 5.200271129608154, 5.196212291717529, 5.192965030670166, 5.191561698913574, 5.192546844482422, 5.194704055786133, 5.197142124176025, 5.199046611785889, 5.199617385864258, 5.198917865753174, 5.197167873382568, 5.194894313812256, 5.193437576293945, 5.19253396987915, 5.192565441131592, 5.193120002746582, 5.194278717041016, 5.195481777191162, 5.195643424987793, 5.195000171661377, 5.194092750549316, 5.193115711212158, 5.1927080154418945, 5.1925201416015625, 5.192439079284668, 5.193225860595703, 5.193742275238037, 5.193885803222656, 5.193546295166016, 5.193378448486328, 5.192615509033203, 5.191837310791016, 5.191431045532227, 5.191720485687256, 5.191982269287109, 5.191775798797607, 5.191565036773682, 5.191461563110352, 5.191270351409912, 5.1914191246032715, 5.1916584968566895, 5.191965579986572, 5.192227363586426, 5.191958904266357, 5.192063808441162, 5.191869258880615, 5.191202640533447, 5.190690517425537, 5.1901679039001465, 5.189849376678467, 5.189459323883057, 5.190041542053223, 5.191076755523682, 5.191799163818359, 5.191890239715576, 5.191357612609863, 5.190278053283691, 5.189478397369385, 5.189001083374023, 5.189031600952148, 5.189894199371338, 5.190616607666016, 5.190807819366455, 5.190378665924072, 5.189271450042725, 5.188427448272705, 5.188745975494385, 5.189544200897217, 5.189916133880615, 5.189778804779053, 5.1894636154174805, 5.188548564910889, 5.187985897064209, 5.1888837814331055, 5.189931392669678, 5.190372467041016, 5.190615653991699, 5.189317226409912, 5.187999725341797, 5.187215328216553],