{"loss": [3.9874837398529053, 4.3862080574035645, 4.267445087432861, 4.218160152435303, 4.137965202331543, 4.177011013031006, 4.214927673339844, 4.229192733764648, 4.15889310836792, 4.128108501434326, 4.114413261413574, 4.109811782836914, 4.109554767608643, 4.123086929321289, 4.1260294914245605, 4.133558750152588, 4.1145100593566895, 4.092890739440918, 4.107609272003174, 4.101418972015381, 4.101535797119141, 4.091679573059082, 4.0950517654418945, 4.089734077453613, 4.081045627593994, 4.089511871337891, 4.100723743438721, 4.10211706161499, 4.091723442077637, 4.076760292053223, 4.07054328918457, 4.0782575607299805, 4.088749408721924, 4.069528579711914, 4.0765604972839355, 4.07224178314209, 4.065235614776611, 4.075768947601318, 4.059113502502441, 4.0680108070373535, 4.069249153137207, 4.06874418258667, 4.069889068603516, 4.070910930633545, 4.077682971954346, 4.068771839141846, 4.0622735023498535, 4.0702595710754395, 4.061381816864014, 4.0604681968688965, 4.073365688323975, 4.06152868270874, 4.073339939117432, 4.07301139831543, 4.061077117919922, 4.059762477874756, 4.065511703491211, 4.06758975982666, 4.063767433166504, 4.072618007659912, 4.072941303253174, 4.064521789550781, 4.068029880523682, 4.075611591339111, 4.0662336349487305, 4.080965042114258, 4.065958499908447, 4.064532279968262, 4.058119297027588, 4.079183101654053, 4.068490982055664, 4.067373752593994, 4.073782444000244, 4.078183174133301, 4.0625319480896, 4.068394660949707, 4.069323539733887, 4.074529647827148, 4.063055515289307, 4.075173854827881, 4.074196815490723, 4.075669288635254, 4.082870006561279, 4.066222667694092, 4.056789875030518, 4.072896957397461, 4.076420307159424, 4.079266548156738, 4.06827974319458, 4.086832523345947, 4.071371078491211, 4.077947616577148, 4.074065208435059, 4.066794395446777, 4.078505516052246, 4.087867736816406, 4.081528663635254, 4.078881740570068, 4.072758674621582, 4.07128381729126], "adaptive_loss": [0.00646338751539588, 0.010433263145387173, 0.009251473471522331, 0.008773023262619972, 0.007987681776285172, 0.00839200709015131, 0.008783885277807713, 0.008939344435930252, 0.008245397359132767, 0.007943583652377129, 0.0078124962747097015, 0.00777147663757205, 0.007770311553031206, 0.007907440885901451, 0.007936990819871426, 0.008012774400413036, 0.00782168097794056, 0.0076046474277973175, 0.007750635966658592, 0.007686806842684746, 0.007686895318329334, 0.007587685249745846, 0.007620575372129679, 0.007567344233393669, 0.007481297943741083, 0.007568789646029472, 0.007680891547352076, 0.007697839289903641, 0.007597515359520912, 0.007450575940310955, 0.007390934508293867, 0.007469822186976671, 0.0075759803876280785, 0.007384245749562979, 0.007454006001353264, 0.007410343270748854, 0.007339632138609886, 0.007444251328706741, 0.007276876829564571, 0.0073639629408717155, 0.007377600762993097, 0.007372200023382902, 0.007383928168565035, 0.007395691704005003, 0.007465003523975611, 0.007378180976957083, 0.007313733454793692, 0.007394858635962009, 0.00730574456974864, 0.007296988740563393, 0.00742668891325593, 0.007308762054890394, 0.007426799274981022, 0.007422232534736395, 0.007303249090909958, 0.0072903381660580635, 0.0073485709726810455, 0.007370110135525465, 0.007332372944802046, 0.007421033922582865, 0.007425690069794655, 0.0073415618389844894, 0.007377839181572199, 0.007453492376953363, 0.007360052317380905, 0.0075078741647303104, 0.0073575894348323345, 0.007343555334955454, 0.007280090358108282, 0.007490754127502441, 0.0073842513374984264, 0.007372068706899881, 0.007436295971274376, 0.0074798730202019215, 0.007324657402932644, 0.00738417636603117, 0.007395399734377861, 0.007449181284755468, 0.007336050737649202, 0.007458943407982588, 0.0074486201629042625, 0.00746419932693243, 0.0075355046428740025, 0.007367866579443216, 0.007273200433701277, 0.007432923186570406, 0.007467424497008324, 0.007494788151234388, 0.00738515192642808, 0.007571903057396412, 0.00741818780079484, 0.007484758272767067, 0.0074474443681538105, 0.007374289911240339, 0.007491827476769686, 0.007585651241242886, 0.0075240833684802055, 0.007499098312109709, 0.007438981905579567, 0.007424576673656702], "bpp_loss": [3.3411450386047363, 3.342881679534912, 3.3422977924346924, 3.340857982635498, 3.3391969203948975, 3.3378102779388428, 3.3365390300750732, 3.3352582454681396, 3.334353446960449, 3.3337502479553223, 3.3331637382507324, 3.3326640129089355, 3.3325235843658447, 3.332343101501465, 3.3323302268981934, 3.3322813510894775, 3.3323419094085693, 3.332425832748413, 3.332545518875122, 3.332738161087036, 3.332846164703369, 3.3329110145568848, 3.3329944610595703, 3.3329997062683105, 3.332916021347046, 3.3326330184936523, 3.332634449005127, 3.3323330879211426, 3.331972122192383, 3.331702947616577, 3.3314497470855713, 3.331275463104248, 3.3311514854431152, 3.331104040145874, 3.331159830093384, 3.331207513809204, 3.331272602081299, 3.33134388923645, 3.331425905227661, 3.3316144943237305, 3.331488847732544, 3.331524133682251, 3.331496477127075, 3.3313417434692383, 3.3311827182769775, 3.33095383644104, 3.330900192260742, 3.3307735919952393, 3.3308072090148926, 3.3307693004608154, 3.3306968212127686, 3.3306524753570557, 3.330660104751587, 3.3307878971099854, 3.33075213432312, 3.330728769302368, 3.3306543827056885, 3.3305788040161133, 3.3305304050445557, 3.330514430999756, 3.3303723335266113, 3.3303656578063965, 3.3302459716796875, 3.3302624225616455, 3.330228567123413, 3.3301777839660645, 3.330199718475342, 3.330176830291748, 3.3301100730895996, 3.3301076889038086, 3.3300657272338867, 3.330166816711426, 3.330152988433838, 3.330195903778076, 3.330066204071045, 3.329976797103882, 3.3297836780548096, 3.3296115398406982, 3.3294503688812256, 3.3292794227600098, 3.3293349742889404, 3.329249382019043, 3.329319477081299, 3.3294358253479004, 3.329469919204712, 3.3296046257019043, 3.3296780586242676, 3.3297877311706543, 3.3297646045684814, 3.3296422958374023, 3.329552173614502, 3.3294715881347656, 3.3293206691741943, 3.3293652534484863, 3.329322576522827, 3.3293027877807617, 3.329120397567749, 3.328972101211548, 3.328860282897949, 3.3288259506225586],