{"loss": [6.1353068351745605, 7.512893199920654, 6.463472366333008, 6.497583389282227, 6.903189659118652, 6.611084938049316, 6.148371696472168, 6.313326835632324, 6.553936958312988, 6.485808372497559, 6.279561996459961, 6.171152114868164, 6.234227180480957, 6.343723297119141, 6.318166732788086, 6.160763740539551, 6.119826316833496, 6.140518665313721, 6.2594828605651855, 6.255937576293945, 6.139908790588379, 6.095301628112793, 6.118842124938965, 6.21600341796875, 6.146326065063477, 6.099867820739746, 6.119544982910156, 6.105001926422119, 6.135582447052002, 6.101813793182373, 6.119298934936523, 6.0738444328308105, 6.091552734375, 6.06251335144043, 6.103923797607422, 6.057173728942871, 6.05139684677124, 6.095403671264648, 6.10066032409668, 6.099032878875732, 6.073733806610107, 6.06201696395874, 6.076282024383545, 6.085994720458984, 6.047341823577881, 6.079428672790527, 6.068469047546387, 6.072174549102783, 6.095526695251465, 6.052107334136963, 6.028177738189697, 6.070432186126709, 6.062691688537598, 6.057387828826904, 6.041861057281494, 6.064050674438477, 6.077104568481445, 6.081023693084717, 6.047267913818359, 6.098896503448486, 6.061807155609131, 6.065761089324951, 6.078513145446777, 6.080633163452148, 6.0337419509887695, 6.066952228546143, 6.052406311035156, 6.068063735961914, 6.073700904846191, 6.107330799102783, 6.073616981506348, 6.043732643127441, 6.013391494750977, 6.07503080368042, 6.066647529602051, 6.062560081481934, 6.091605186462402, 6.0808258056640625, 6.0661234855651855, 6.055732727050781, 6.03171968460083, 6.059378147125244, 6.085582256317139, 6.11763858795166, 6.0375285148620605, 6.061017990112305, 6.071359157562256, 6.100105285644531, 6.057284355163574, 6.025023460388184, 6.0872578620910645, 6.0598273277282715, 6.072239875793457, 6.097570419311523, 6.079257965087891, 6.041661262512207, 6.046477794647217, 6.062053680419922, 6.059178829193115, 6.06976318359375], "adaptive_loss": [0.011519841849803925, 0.02503851056098938, 0.014688813127577305, 0.01518912985920906, 0.01930941641330719, 0.016361381858587265, 0.011663070879876614, 0.013237373903393745, 0.015601884573698044, 0.014931618236005306, 0.012915278784930706, 0.011893747374415398, 0.01258090976625681, 0.013707058504223824, 0.013454679399728775, 0.011859286576509476, 0.011415631510317326, 0.011593333445489407, 0.01277119666337967, 0.012746342457830906, 0.011615698225796223, 0.01120761875063181, 0.011476781219244003, 0.012466286309063435, 0.011770001612603664, 0.011290605179965496, 0.011468418873846531, 0.011309850960969925, 0.011611483991146088, 0.011281671933829784, 0.01147784385830164, 0.011050318367779255, 0.011249103583395481, 0.010972635820508003, 0.011392229236662388, 0.0109195401892066, 0.010851520113646984, 0.011289079673588276, 0.011346287094056606, 0.011339778080582619, 0.011104205623269081, 0.011003122664988041, 0.011155720800161362, 0.011257763020694256, 0.010868999175727367, 0.011186237446963787, 0.011068142019212246, 0.01109984889626503, 0.011339089833199978, 0.010920149274170399, 0.010698174126446247, 0.011136957444250584, 0.011072296649217606, 0.011021772399544716, 0.010863800533115864, 0.011078455485403538, 0.01120833307504654, 0.011254587210714817, 0.010927129536867142, 0.011458287015557289, 0.01109890453517437, 0.011146235279738903, 0.011275365017354488, 0.011288046836853027, 0.010816531255841255, 0.011152224615216255, 0.01101660169661045, 0.011185714043676853, 0.011249284259974957, 0.01159122958779335, 0.011255143210291862, 0.010956025682389736, 0.0106493029743433, 0.011265192180871964, 0.011190147139132023, 0.011162756010890007, 0.01146438717842102, 0.011361921206116676, 0.011215263977646828, 0.011114729568362236, 0.010874439030885696, 0.011152805760502815, 0.011418077163398266, 0.011743612587451935, 0.010951579548418522, 0.011196177452802658, 0.0113090043887496, 0.011598799377679825, 0.01117275096476078, 0.010848324745893478, 0.01147366687655449, 0.011206966824829578, 0.011334898881614208, 0.011592498049139977, 0.011409725062549114, 0.011035758070647717, 0.011088632978498936, 0.0112504493445158, 0.011229223571717739, 0.011338533833622932], "bpp_loss": [4.983322620391846, 5.009042263031006, 4.994590759277344, 4.978670120239258, 4.972248077392578, 4.97494649887085, 4.982064723968506, 4.989589214324951, 4.993748664855957, 4.99264669418335, 4.988034248352051, 4.981777191162109, 4.976136207580566, 4.97301721572876, 4.97269868850708, 4.97483491897583, 4.9782633781433105, 4.981185436248779, 4.982363224029541, 4.9813032150268555, 4.978339195251465, 4.974539756774902, 4.971163749694824, 4.969374656677246, 4.969326019287109, 4.970807075500488, 4.972702980041504, 4.9740166664123535, 4.974433898925781, 4.973646640777588, 4.971514701843262, 4.968812465667725, 4.966642379760742, 4.965249538421631, 4.964700698852539, 4.965219974517822, 4.966244697570801, 4.966495990753174, 4.966031551361084, 4.965054988861084, 4.963313102722168, 4.961704730987549, 4.960710048675537, 4.96021842956543, 4.960442066192627, 4.9608049392700195, 4.961655139923096, 4.962189674377441, 4.961617469787598, 4.960092544555664, 4.958360195159912, 4.9567365646362305, 4.9554619789123535, 4.9552106857299805, 4.955481052398682, 4.956204891204834, 4.956271171569824, 4.955564975738525, 4.954555034637451, 4.953067779541016, 4.951916694641113, 4.951137542724609, 4.950976848602295, 4.951828479766846, 4.952088832855225, 4.951729774475098, 4.950746059417725, 4.949492454528809, 4.948772430419922, 4.948207855224609, 4.948102951049805, 4.948130130767822, 4.948461055755615, 4.948511600494385, 4.947632789611816, 4.946284294128418, 4.94516658782959, 4.944633960723877, 4.944597244262695, 4.9442596435546875, 4.944275856018066, 4.944097518920898, 4.943774700164795, 4.943277359008789, 4.942370414733887, 4.941400527954102, 4.94045877456665, 4.940225601196289, 4.940009117126465, 4.940191268920898, 4.939891338348389, 4.939130783081055, 4.938750267028809, 4.938320636749268, 4.9382853507995605, 4.938085556030273, 4.937614440917969, 4.937008857727051, 4.936256408691406, 4.935909748077393],