{"loss": [3.9964795112609863, 4.421706199645996, 4.326804161071777, 4.342747211456299, 4.218752861022949, 4.1781463623046875, 4.233899116516113, 4.259607315063477, 4.24357795715332, 4.1953654289245605, 4.196636199951172, 4.20729398727417, 4.167908668518066, 4.113036632537842, 4.122898578643799, 4.159847736358643, 4.1298370361328125, 4.134932518005371, 4.134479522705078, 4.13371467590332, 4.156891822814941, 4.110376358032227, 4.116840362548828, 4.091123580932617, 4.103446006774902, 4.1232829093933105, 4.112064838409424, 4.09321928024292, 4.070303440093994, 4.108600616455078, 4.090649604797363, 4.101263999938965, 4.083186149597168, 4.092428207397461, 4.08487606048584, 4.100824356079102, 4.079944133758545, 4.088329315185547, 4.0794267654418945, 4.053745269775391, 4.085455417633057, 4.063593864440918, 4.079071521759033, 4.070321559906006, 4.084559917449951, 4.039674282073975, 4.06963586807251, 4.055445194244385, 4.060543537139893, 4.100675582885742, 4.090737342834473, 4.083566665649414, 4.090856552124023, 4.074650764465332, 4.066254615783691, 4.067635536193848, 4.079159736633301, 4.0634284019470215, 4.0793352127075195, 4.081349849700928, 4.085647106170654, 4.053089141845703, 4.058285713195801, 4.0629353523254395, 4.0722856521606445, 4.0585527420043945, 4.048910617828369, 4.067248344421387, 4.076083183288574, 4.061495304107666, 4.057777404785156, 4.06935453414917, 4.057790279388428, 4.076066493988037, 4.053928852081299, 4.038464546203613, 4.060079574584961, 4.044140338897705, 4.035962104797363, 4.061171054840088, 4.069416046142578, 4.031630039215088, 4.067646503448486, 4.066662788391113, 4.068917274475098, 4.057806968688965, 4.037176609039307, 4.050920486450195, 4.058999538421631, 4.0298895835876465, 4.050589561462402, 4.053020000457764, 4.030750274658203, 4.045895576477051, 4.055908679962158, 4.061991214752197, 4.069301128387451, 4.0724778175354, 4.04347562789917, 4.0475263595581055], "adaptive_loss": [0.0064955162815749645, 0.010764244012534618, 0.00983491912484169, 0.010016769170761108, 0.008799087256193161, 0.008412761613726616, 0.008991296403110027, 0.009267679415643215, 0.009127986617386341, 0.008665194734930992, 0.008696800097823143, 0.008820456452667713, 0.008443000726401806, 0.00790928304195404, 0.00802198052406311, 0.008403977379202843, 0.0081168906763196, 0.008180110715329647, 0.008188605308532715, 0.008191701024770737, 0.008435152471065521, 0.007979746907949448, 0.008054089732468128, 0.007805472705513239, 0.007937788963317871, 0.008142426609992981, 0.00803767517209053, 0.007856517098844051, 0.007633070461452007, 0.008022495545446873, 0.007848366163671017, 0.007958811707794666, 0.0077840229496359825, 0.007880304008722305, 0.007808447815477848, 0.007972764782607555, 0.007767792325466871, 0.007856488227844238, 0.007771983277052641, 0.007520643528550863, 0.007841849699616432, 0.007628321181982756, 0.007787709124386311, 0.007705894764512777, 0.007851146161556244, 0.007406795863062143, 0.007709828205406666, 0.0075726257637143135, 0.007626859471201897, 0.008030627854168415, 0.007935826666653156, 0.007869426161050797, 0.007945929653942585, 0.00778765557333827, 0.007708200253546238, 0.007725772447884083, 0.00784535612910986, 0.007692900486290455, 0.007856311276555061, 0.007879281416535378, 0.007926320657134056, 0.007603159639984369, 0.007659300230443478, 0.007709601894021034, 0.0078069306910037994, 0.007672436535358429, 0.0075791687704622746, 0.0077651930041611195, 0.00785672664642334, 0.00771348038688302, 0.0076799774542450905, 0.00779836717993021, 0.007686253637075424, 0.007871825248003006, 0.007654219400137663, 0.007502363063395023, 0.007722916081547737, 0.007566607557237148, 0.00748828798532486, 0.0077431355603039265, 0.00782761536538601, 0.007453585509210825, 0.00781587976962328, 0.00780937634408474, 0.007833785377442837, 0.007724630180746317, 0.007519813720136881, 0.007660211529582739, 0.007743348367512226, 0.007454175502061844, 0.007663755677640438, 0.007691019214689732, 0.007470560725778341, 0.007624645717442036, 0.007727248128503561, 0.007790194824337959, 0.007865756750106812, 0.007899874821305275, 0.00761194434016943, 0.007654810789972544], "bpp_loss": [3.3469278812408447, 3.3452820777893066, 3.3433125019073486, 3.3410704135894775, 3.338844060897827, 3.3368701934814453, 3.3347692489624023, 3.332839250564575, 3.3307793140411377, 3.328845977783203, 3.326956272125244, 3.3252484798431396, 3.323608636856079, 3.322108268737793, 3.3207004070281982, 3.3194501399993896, 3.318147897720337, 3.3169217109680176, 3.3156187534332275, 3.314544439315796, 3.3133764266967773, 3.312401533126831, 3.311431646347046, 3.3105764389038086, 3.3096673488616943, 3.3090403079986572, 3.3082973957061768, 3.307567596435547, 3.3069965839385986, 3.3063511848449707, 3.3058130741119385, 3.30538272857666, 3.304784059524536, 3.3043978214263916, 3.3040311336517334, 3.3035478591918945, 3.3031647205352783, 3.302680492401123, 3.3022284507751465, 3.3016810417175293, 3.3012702465057373, 3.3007619380950928, 3.3003005981445312, 3.299731969833374, 3.299445152282715, 3.298994541168213, 3.2986528873443604, 3.298182725906372, 3.2978575229644775, 3.2976129055023193, 3.297154664993286, 3.296623945236206, 3.2962634563446045, 3.2958850860595703, 3.2954344749450684, 3.295058250427246, 3.294624090194702, 3.294138193130493, 3.2937042713165283, 3.293421745300293, 3.2930150032043457, 3.2927732467651367, 3.29235577583313, 3.291975259780884, 3.291592836380005, 3.291308879852295, 3.2909939289093018, 3.29072904586792, 3.2904105186462402, 3.290147304534912, 3.2897796630859375, 3.289517879486084, 3.2891650199890137, 3.288883924484253, 3.2885067462921143, 3.2882280349731445, 3.287788152694702, 3.2874794006347656, 3.28713321685791, 3.2868573665618896, 3.286654472351074, 3.286271572113037, 3.2860584259033203, 3.2857251167297363, 3.285538673400879, 3.285343885421753, 3.2851953506469727, 3.2848994731903076, 3.2846648693084717, 3.2844719886779785, 3.2842137813568115, 3.2839179039001465, 3.28369402885437, 3.283431053161621, 3.2831838130950928, 3.2829718589782715, 3.2827255725860596, 3.2824904918670654, 3.2822813987731934, 3.282045364379883],