{"loss": [4.154623508453369, 4.391464710235596, 4.318953990936279, 4.266711235046387, 4.27971076965332, 4.299379348754883, 4.307821273803711, 4.281822204589844, 4.267997741699219, 4.255728244781494, 4.2514448165893555, 4.246870040893555, 4.267958641052246, 4.271203517913818, 4.270915508270264, 4.256518840789795, 4.248891353607178, 4.240962982177734, 4.240749359130859, 4.243499755859375, 4.252708435058594, 4.239919662475586, 4.242408752441406, 4.237070560455322, 4.241255283355713, 4.2378764152526855, 4.240691184997559, 4.2392144203186035, 4.240624904632568, 4.22552490234375, 4.2299041748046875, 4.216191291809082, 4.230813503265381, 4.227444171905518, 4.2358317375183105, 4.226275444030762, 4.21605110168457, 4.223135471343994, 4.226103782653809, 4.22730016708374, 4.221792697906494, 4.22572135925293, 4.223308563232422, 4.230673313140869, 4.224860668182373, 4.218169212341309, 4.219062328338623, 4.219787120819092, 4.220254898071289, 4.2231574058532715, 4.22031831741333, 4.219766616821289, 4.223175048828125, 4.217544078826904, 4.228025436401367, 4.227277755737305, 4.220857620239258, 4.220098972320557, 4.217453479766846, 4.218038082122803, 4.220757007598877, 4.217568397521973, 4.2123212814331055, 4.215954303741455, 4.222143173217773, 4.224980354309082, 4.228780269622803, 4.222975730895996, 4.221821308135986, 4.221083641052246, 4.224404335021973, 4.22438907623291, 4.228127956390381, 4.231481075286865, 4.213901042938232, 4.225879192352295, 4.221293926239014, 4.2252583503723145, 4.2210917472839355, 4.217090606689453, 4.224563121795654, 4.222940444946289, 4.223808288574219, 4.225130081176758, 4.222622871398926, 4.225489616394043, 4.227926254272461, 4.226443290710449, 4.218087673187256, 4.219390869140625, 4.229026794433594, 4.223317623138428, 4.219051837921143, 4.228067398071289, 4.215274810791016, 4.2249064445495605, 4.227981090545654, 4.2297868728637695, 4.224086284637451, 4.22305965423584], "adaptive_loss": [0.006689293775707483, 0.009061744436621666, 0.00836248230189085, 0.007864322513341904, 0.008016529493033886, 0.008227061480283737, 0.008319218643009663, 0.008061983622610569, 0.007918408140540123, 0.00778941297903657, 0.007738692220300436, 0.007685089483857155, 0.007893742062151432, 0.007924850098788738, 0.007923965342342854, 0.007784918881952763, 0.007716520689427853, 0.00764450104907155, 0.00764721492305398, 0.007681423332542181, 0.00777730206027627, 0.00765022449195385, 0.0076738824136555195, 0.00762010645121336, 0.007658627349883318, 0.0076231323182582855, 0.007648673839867115, 0.0076327514834702015, 0.007648466620594263, 0.0074983881786465645, 0.0075445109978318214, 0.007409584708511829, 0.007557478733360767, 0.007524542976170778, 0.007609538733959198, 0.007513906806707382, 0.0074122897349298, 0.007484785281121731, 0.00751511100679636, 0.007526651956140995, 0.007470912300050259, 0.007510422728955746, 0.007484391797333956, 0.007556312717497349, 0.0074964724481105804, 0.007429763209074736, 0.00744204455986619, 0.007450325880199671, 0.007459011394530535, 0.007490355055779219, 0.007465218659490347, 0.007462507113814354, 0.007497634273022413, 0.007440510205924511, 0.007545261178165674, 0.0075345709919929504, 0.007468539755791426, 0.0074576218612492085, 0.007428762502968311, 0.007433837279677391, 0.007460154592990875, 0.007429327350109816, 0.007379045244306326, 0.007418848108500242, 0.007484260015189648, 0.0075166537426412106, 0.007555636111646891, 0.0074983094818890095, 0.007488270755857229, 0.007482246030122042, 0.007513835094869137, 0.007510852999985218, 0.007546708919107914, 0.007577554788440466, 0.007402049843221903, 0.007521721534430981, 0.007477391976863146, 0.00751832639798522, 0.007476758677512407, 0.007438719738274813, 0.007513578049838543, 0.007497237995266914, 0.007507367990911007, 0.007520794402807951, 0.00749536557123065, 0.0075218165293335915, 0.007547978777438402, 0.0075323935598134995, 0.007450970355421305, 0.007463676389306784, 0.00756097910925746, 0.0075035300105810165, 0.00745887216180563, 0.007549094967544079, 0.007420630194246769, 0.007518047466874123, 0.007551607210189104, 0.007570750545710325, 0.007516356650739908, 0.007507549598813057], "bpp_loss": [3.485694169998169, 3.485290288925171, 3.48270583152771, 3.480278730392456, 3.478057622909546, 3.4766733646392822, 3.4758994579315186, 3.4756240844726562, 3.476156711578369, 3.4767868518829346, 3.4775757789611816, 3.478361129760742, 3.4785842895507812, 3.4787185192108154, 3.4785189628601074, 3.478026866912842, 3.4772393703460693, 3.476512908935547, 3.4760279655456543, 3.4753575325012207, 3.47497820854187, 3.4748971462249756, 3.475020408630371, 3.475059747695923, 3.4753923416137695, 3.4755632877349854, 3.4758236408233643, 3.4759392738342285, 3.475778341293335, 3.4756860733032227, 3.4754528999328613, 3.4752330780029297, 3.4750654697418213, 3.474989891052246, 3.4748778343200684, 3.4748849868774414, 3.4748222827911377, 3.4746570587158203, 3.474592924118042, 3.474634885787964, 3.474701404571533, 3.4746789932250977, 3.4748694896698, 3.4750421047210693, 3.4752135276794434, 3.4751927852630615, 3.474857807159424, 3.474754571914673, 3.474353551864624, 3.4741220474243164, 3.4737963676452637, 3.4735159873962402, 3.473411798477173, 3.4734928607940674, 3.4734995365142822, 3.473820447921753, 3.474003791809082, 3.474336624145508, 3.4745771884918213, 3.474654197692871, 3.4747414588928223, 3.474635601043701, 3.474416971206665, 3.474069356918335, 3.473717212677002, 3.4733147621154785, 3.4732165336608887, 3.473144769668579, 3.472994327545166, 3.4728591442108154, 3.4730207920074463, 3.47330379486084, 3.473457098007202, 3.4737255573272705, 3.473696231842041, 3.4737069606781006, 3.473554849624634, 3.4734256267547607, 3.4734158515930176, 3.4732184410095215, 3.473205327987671, 3.4732165336608887, 3.473071575164795, 3.473050594329834, 3.473086357116699, 3.4733078479766846, 3.473128318786621, 3.4732041358947754, 3.4729907512664795, 3.4730231761932373, 3.472928762435913, 3.4729645252227783, 3.4731647968292236, 3.4731578826904297, 3.4732115268707275, 3.4731016159057617, 3.472820281982422, 3.4727115631103516, 3.4724504947662354, 3.4723048210144043],