{"loss": [6.110291957855225, 6.609278202056885, 6.325283527374268, 6.3043670654296875, 6.368377208709717, 6.301389694213867, 6.262363433837891, 6.287202835083008, 6.329835414886475, 6.281246662139893, 6.2316131591796875, 6.208462715148926, 6.22466516494751, 6.257026672363281, 6.228464126586914, 6.216911792755127, 6.214844703674316, 6.2134599685668945, 6.218686103820801, 6.206669807434082, 6.190332412719727, 6.19257926940918, 6.2071943283081055, 6.195627689361572, 6.198424339294434, 6.187193870544434, 6.175161838531494, 6.180904865264893, 6.188960552215576, 6.1732177734375, 6.183367729187012, 6.1796875, 6.194504261016846, 6.1842041015625, 6.187097549438477, 6.176739692687988, 6.179008483886719, 6.17666482925415, 6.177227973937988, 6.17424201965332, 6.177168846130371, 6.184922218322754, 6.165835857391357, 6.173630714416504, 6.171298503875732, 6.174616813659668, 6.169290065765381, 6.179529666900635, 6.1602067947387695, 6.1700639724731445, 6.161161422729492, 6.17435884475708, 6.170424461364746, 6.1648688316345215, 6.166804313659668, 6.164193153381348, 6.163881301879883, 6.166295051574707, 6.167774200439453, 6.1629638671875, 6.175775527954102, 6.166016578674316, 6.175717830657959, 6.180149555206299, 6.166859149932861, 6.1746721267700195, 6.178127288818359, 6.173045635223389, 6.1692962646484375, 6.17612361907959, 6.177186965942383, 6.164448261260986, 6.174932956695557, 6.162359237670898, 6.176824569702148, 6.181441783905029, 6.171451568603516, 6.164952754974365, 6.158935546875, 6.180848121643066, 6.171704292297363, 6.170430660247803, 6.165219783782959, 6.1784987449646, 6.180193901062012, 6.158903121948242, 6.175506591796875, 6.181921482086182, 6.17447566986084, 6.167353630065918, 6.17052698135376, 6.181722640991211, 6.165822982788086, 6.1716413497924805, 6.186107635498047, 6.167282581329346, 6.174251079559326, 6.166025161743164, 6.167132377624512, 6.162655830383301], "adaptive_loss": [0.009792448952794075, 0.01449830923229456, 0.011845370754599571, 0.011807291768491268, 0.01250416785478592, 0.011790364980697632, 0.011316980235278606, 0.01148782018572092, 0.011882052756845951, 0.011414149776101112, 0.010972840711474419, 0.0108047379180789, 0.011020046658813953, 0.011365607380867004, 0.011070704087615013, 0.0109188761562109, 0.010854223743081093, 0.010802988894283772, 0.010844245553016663, 0.010736976750195026, 0.010605519637465477, 0.010669267736375332, 0.010850293561816216, 0.010747510008513927, 0.010772685520350933, 0.010643471032381058, 0.010500417090952396, 0.010538731701672077, 0.010613027028739452, 0.010465169325470924, 0.010581131093204021, 0.010567748919129372, 0.010729237459599972, 0.010630431585013866, 0.010650133714079857, 0.010532586835324764, 0.010541226714849472, 0.010511013679206371, 0.010520311072468758, 0.010503757745027542, 0.010543810203671455, 0.010635020211338997, 0.01045028306543827, 0.010528704151511192, 0.01049896702170372, 0.010524083860218525, 0.010462787933647633, 0.010562988929450512, 0.010378256440162659, 0.010485298000276089, 0.010408297181129456, 0.010545141063630581, 0.010501344688236713, 0.010436647571623325, 0.010446581989526749, 0.010415960103273392, 0.01041974313557148, 0.010451765730977058, 0.010479787364602089, 0.010443150997161865, 0.010572515428066254, 0.010467960499227047, 0.01055627316236496, 0.010590200312435627, 0.010449405759572983, 0.010531822219491005, 0.010574650019407272, 0.010533791035413742, 0.010503440164029598, 0.010573428124189377, 0.010581385344266891, 0.010450429283082485, 0.010550226084887981, 0.010425202548503876, 0.010574921034276485, 0.010624472051858902, 0.010523030534386635, 0.010454746894538403, 0.010393202304840088, 0.010610182769596577, 0.010523146949708462, 0.010517746210098267, 0.01047035213559866, 0.010606995783746243, 0.010620500892400742, 0.01040959358215332, 0.010572654195129871, 0.010639085434377193, 0.010567639954388142, 0.010495221242308617, 0.010527919046580791, 0.01063649170100689, 0.010474087670445442, 0.010527319274842739, 0.010667196474969387, 0.010483292862772942, 0.010559093207120895, 0.010487012565135956, 0.010497989133000374, 0.010457733646035194], "bpp_loss": [5.131047248840332, 5.159447193145752, 5.140746593475342, 5.123638153076172, 5.117960453033447, 5.1223530769348145, 5.130665302276611, 5.138421058654785, 5.141630172729492, 5.13983154296875, 5.134328842163086, 5.127988815307617, 5.1226606369018555, 5.1204657554626465, 5.12139368057251, 5.125024318695068, 5.129422187805176, 5.1331610679626465, 5.134261608123779, 5.132972240447998, 5.129780292510986, 5.12565279006958, 5.122164726257324, 5.120876789093018, 5.121155738830566, 5.122846603393555, 5.125120162963867, 5.1270318031311035, 5.127657890319824, 5.1267008781433105, 5.1252546310424805, 5.122912406921387, 5.121580600738525, 5.121160984039307, 5.122084140777588, 5.123481273651123, 5.1248860359191895, 5.125563621520996, 5.125196933746338, 5.123866081237793, 5.122787952423096, 5.121419906616211, 5.120807647705078, 5.120760440826416, 5.121401786804199, 5.122208595275879, 5.123011112213135, 5.123230934143066, 5.122381210327148, 5.12153434753418, 5.120331764221191, 5.119844913482666, 5.120290279388428, 5.121203899383545, 5.122146129608154, 5.1225972175598145, 5.1219072341918945, 5.121118545532227, 5.119795322418213, 5.118648529052734, 5.118524074554443, 5.119220733642578, 5.120090484619141, 5.121129512786865, 5.121918678283691, 5.121490001678467, 5.120662212371826, 5.119666576385498, 5.11895227432251, 5.118780612945557, 5.119048595428467, 5.119405269622803, 5.11991024017334, 5.119838714599609, 5.119332313537598, 5.11899471282959, 5.1191487312316895, 5.119478225708008, 5.11961555480957, 5.1198296546936035, 5.119389533996582, 5.118656158447266, 5.118184566497803, 5.117799282073975, 5.118143558502197, 5.11794376373291, 5.118241310119629, 5.11801290512085, 5.117711544036865, 5.117831230163574, 5.117734909057617, 5.118073463439941, 5.118414402008057, 5.1189093589782715, 5.119388103485107, 5.118953227996826, 5.11834192276001, 5.117323875427246, 5.11733341217041, 5.11688232421875],