{"loss": [6.14833927154541, 6.803916931152344, 6.377643585205078, 6.347464084625244, 6.455122947692871, 6.378891944885254, 6.303045749664307, 6.331140518188477, 6.375077247619629, 6.317823886871338, 6.242997169494629, 6.242030143737793, 6.267966270446777, 6.302361011505127, 6.2720794677734375, 6.243527412414551, 6.249788284301758, 6.234621524810791, 6.223795413970947, 6.2344465255737305, 6.203173637390137, 6.2256646156311035, 6.235635757446289, 6.236503601074219, 6.221773147583008, 6.216197967529297, 6.213135719299316, 6.216094017028809, 6.204495906829834, 6.221142292022705, 6.190497875213623, 6.1984052658081055, 6.2295823097229, 6.201232433319092, 6.196554183959961, 6.204082012176514, 6.194157123565674, 6.191328525543213, 6.182826995849609, 6.192742824554443, 6.197498321533203, 6.194605827331543, 6.1952805519104, 6.208731174468994, 6.1952924728393555, 6.192059516906738, 6.19127893447876, 6.184370040893555, 6.18870210647583, 6.182221412658691, 6.195741653442383, 6.196137428283691, 6.211240768432617, 6.211583137512207, 6.189058303833008, 6.180638313293457, 6.176454544067383, 6.201098442077637, 6.195578575134277, 6.2003254890441895, 6.189743518829346, 6.1957550048828125, 6.200578212738037, 6.1933393478393555, 6.180850982666016, 6.178423881530762, 6.190235614776611, 6.203430652618408, 6.185303688049316, 6.1913652420043945, 6.189787864685059, 6.197229385375977, 6.191570281982422, 6.2060747146606445, 6.195531845092773, 6.195851802825928, 6.191765785217285, 6.201188087463379, 6.188150882720947, 6.1857590675354, 6.205715656280518, 6.217324733734131, 6.17572546005249, 6.183144569396973, 6.195840835571289, 6.191758632659912, 6.18625020980835, 6.202882289886475, 6.208132743835449, 6.210412979125977, 6.194074630737305, 6.193216800689697, 6.191728115081787, 6.189638137817383, 6.172391891479492, 6.208600997924805, 6.189702033996582, 6.188584327697754, 6.180256366729736, 6.1837687492370605], "adaptive_loss": [0.010135352611541748, 0.016410676762461662, 0.01231139525771141, 0.012173186056315899, 0.013309239409863949, 0.01251332089304924, 0.011679653078317642, 0.011890954338014126, 0.012300360947847366, 0.011742886155843735, 0.011044502258300781, 0.011093762703239918, 0.01139993965625763, 0.011761230416595936, 0.011445594020187855, 0.011124399490654469, 0.011150922626256943, 0.01097231823951006, 0.010860458947718143, 0.010985943488776684, 0.010709665715694427, 0.0109756700694561, 0.011102483607828617, 0.011117327027022839, 0.010959252715110779, 0.010880496352910995, 0.010826407000422478, 0.010844620876014233, 0.010732689872384071, 0.010913648642599583, 0.010632899589836597, 0.010734169743955135, 0.011055649258196354, 0.010769170708954334, 0.010708375833928585, 0.010767199099063873, 0.010654687881469727, 0.010630504228174686, 0.010559926740825176, 0.01068208646029234, 0.010746777057647705, 0.01072392426431179, 0.010724333114922047, 0.010847793892025948, 0.01070577185600996, 0.010670192539691925, 0.010665200650691986, 0.01060446072369814, 0.01065872609615326, 0.010606047697365284, 0.010748365893959999, 0.01075311191380024, 0.01089368388056755, 0.010884281247854233, 0.010652954690158367, 0.010569179430603981, 0.010538012720644474, 0.010800721123814583, 0.010757685638964176, 0.01081043854355812, 0.01069917157292366, 0.010751142166554928, 0.010792086832225323, 0.01071438379585743, 0.0105960788205266, 0.010583318769931793, 0.010714475065469742, 0.010854125022888184, 0.01066816970705986, 0.010722528211772442, 0.010700336657464504, 0.010769546031951904, 0.010714410804212093, 0.010867977514863014, 0.010775887407362461, 0.010788493789732456, 0.010746031999588013, 0.010831424966454506, 0.010692819021642208, 0.010666961781680584, 0.010871896520256996, 0.010998043231666088, 0.010588432662189007, 0.010665924288332462, 0.01079099252820015, 0.01074152160435915, 0.010683893226087093, 0.01085223350673914, 0.010907649993896484, 0.01094046700745821, 0.010784812271595001, 0.010778270661830902, 0.010761418379843235, 0.010739575140178204, 0.010567950084805489, 0.010924694128334522, 0.010735714808106422, 0.010723697021603584, 0.010645519010722637, 0.010683826170861721], "bpp_loss": [5.1348042488098145, 5.162849426269531, 5.146503925323486, 5.13014554977417, 5.124198913574219, 5.127560138702393, 5.135080337524414, 5.142045021057129, 5.145040988922119, 5.143535137176514, 5.138546943664551, 5.132653713226318, 5.12797212600708, 5.126237869262695, 5.1275200843811035, 5.131087303161621, 5.134696006774902, 5.137389659881592, 5.137749671936035, 5.135852336883545, 5.132206916809082, 5.1280975341796875, 5.125387668609619, 5.1247711181640625, 5.125847816467285, 5.128148078918457, 5.130495071411133, 5.131631851196289, 5.131227016448975, 5.129777431488037, 5.1272077560424805, 5.124988555908203, 5.124017238616943, 5.12431526184082, 5.125716686248779, 5.127362251281738, 5.128688335418701, 5.1282782554626465, 5.126834392547607, 5.1245341300964355, 5.122820854187012, 5.122213363647461, 5.122847080230713, 5.1239519119262695, 5.124715328216553, 5.125040531158447, 5.124758720397949, 5.123924255371094, 5.122829437255859, 5.121616363525391, 5.120904922485352, 5.120826244354248, 5.121872425079346, 5.123155117034912, 5.123763084411621, 5.123720645904541, 5.122653484344482, 5.121026039123535, 5.119810104370117, 5.119281768798828, 5.119826316833496, 5.120640754699707, 5.121369361877441, 5.121901035308838, 5.121243000030518, 5.120091915130615, 5.118788242340088, 5.11801815032959, 5.1184868812561035, 5.119112491607666, 5.119754314422607, 5.120275020599365, 5.120129108428955, 5.119277000427246, 5.117942810058594, 5.117002487182617, 5.117162704467773, 5.118045330047607, 5.118868827819824, 5.119062900543213, 5.118525981903076, 5.117520332336426, 5.11688232421875, 5.116552352905273, 5.11674165725708, 5.1176066398620605, 5.117860794067383, 5.117659091949463, 5.117367744445801, 5.116366386413574, 5.115593433380127, 5.115389823913574, 5.115586280822754, 5.115680694580078, 5.115596771240234, 5.116131782531738, 5.116130352020264, 5.116214752197266, 5.115704536437988, 5.115386009216309],