{"loss": [3.859393835067749, 4.281795024871826, 4.07723331451416, 4.016252040863037, 4.044349670410156, 4.077492713928223, 4.071484088897705, 4.06318473815918, 4.0196733474731445, 4.002821445465088, 3.9921798706054688, 4.0086188316345215, 4.018024444580078, 4.006699085235596, 4.004683971405029, 3.996354103088379, 3.973736047744751, 3.978154420852661, 3.9791603088378906, 3.97802734375, 3.9699182510375977, 3.9778547286987305, 3.980335235595703, 3.95389723777771, 3.9682374000549316, 3.958547353744507, 3.9637699127197266, 3.9640350341796875, 3.9487223625183105, 3.936802625656128, 3.9632792472839355, 3.966299057006836, 3.9588475227355957, 3.9505977630615234, 3.9569129943847656, 3.945730447769165, 3.970681667327881, 3.9520139694213867, 3.9457011222839355, 3.9534671306610107, 3.9458560943603516, 3.956104278564453, 3.9470911026000977, 3.9440877437591553, 3.945958375930786, 3.9397501945495605, 3.9446189403533936, 3.944570541381836, 3.9443047046661377, 3.9464306831359863, 3.9399616718292236, 3.951663017272949, 3.9488306045532227, 3.9552366733551025, 3.930847644805908, 3.945040702819824, 3.9488933086395264, 3.949615955352783, 3.9534807205200195, 3.9502182006835938, 3.9447340965270996, 3.9450464248657227, 3.9418931007385254, 3.9548285007476807, 3.9480040073394775, 3.9434008598327637, 3.9477169513702393, 3.9394969940185547, 3.9499170780181885, 3.9686574935913086, 3.943458080291748, 3.9498815536499023, 3.946800708770752, 3.935335159301758, 3.9463610649108887, 3.9407172203063965, 3.9365665912628174, 3.9485647678375244, 3.945888042449951, 3.9452357292175293, 3.942040205001831, 3.9387083053588867, 3.9390435218811035, 3.9407944679260254, 3.9402225017547607, 3.9516682624816895, 3.956048011779785, 3.938128709793091, 3.935504913330078, 3.945034980773926, 3.9486076831817627, 3.9448204040527344, 3.9432265758514404, 3.939085006713867, 3.9443740844726562, 3.941352367401123, 3.942889451980591, 3.9411091804504395, 3.937185049057007, 3.9317893981933594], "adaptive_loss": [0.006145564839243889, 0.010366612114012241, 0.0083372937515378, 0.0077421655878424644, 0.008038492873311043, 0.00838545709848404, 0.008338697254657745, 0.008267829194664955, 0.0078436816111207, 0.007684849668294191, 0.007584149483591318, 0.0077528380788862705, 0.007849960587918758, 0.007738726679235697, 0.007719115354120731, 0.0076374877244234085, 0.007411408703774214, 0.0074562812224030495, 0.007466644048690796, 0.007456363644450903, 0.007375692017376423, 0.007454534526914358, 0.007479231338948011, 0.0072151850908994675, 0.007358634378761053, 0.007262620143592358, 0.007314882706850767, 0.007318956311792135, 0.007169077638536692, 0.007051991764456034, 0.00731963524594903, 0.007351938169449568, 0.00728006474673748, 0.007198548410087824, 0.0072613987140357494, 0.007151753641664982, 0.007401362061500549, 0.007214847952127457, 0.007151391822844744, 0.00722954235970974, 0.0071543618105351925, 0.007256712764501572, 0.0071668666787445545, 0.007136698346585035, 0.0071560717187821865, 0.0070958309806883335, 0.007143837865442038, 0.0071438150480389595, 0.007141620386391878, 0.007164171896874905, 0.007099906913936138, 0.007217036560177803, 0.007190225180238485, 0.00725598307326436, 0.007014105562120676, 0.007158262655138969, 0.007199314422905445, 0.00720689631998539, 0.007246411871165037, 0.007213272619992495, 0.007159739267081022, 0.007162472698837519, 0.007130683399736881, 0.007260530721396208, 0.007191832177340984, 0.0071463570930063725, 0.007190723903477192, 0.007108928635716438, 0.007213760167360306, 0.007400279399007559, 0.007149612531065941, 0.007213722914457321, 0.007183321285992861, 0.007070357911288738, 0.007181309629231691, 0.007125156465917826, 0.007084157317876816, 0.0072050029411911964, 0.007179205771535635, 0.007173162419348955, 0.007141769398003817, 0.0071091544814407825, 0.0071114045567810535, 0.007128516212105751, 0.007123871240764856, 0.007238422054797411, 0.0072827935218811035, 0.0071051097474992275, 0.0070795402862131596, 0.00717591866850853, 0.007212294731289148, 0.007174943573772907, 0.00715983659029007, 0.007120085880160332, 0.00717335706576705, 0.00714310584589839, 0.007159123662859201, 0.007141003385186195, 0.007101476192474365, 0.007046368904411793], "bpp_loss": [3.2448372840881348, 3.245133638381958, 3.243504047393799, 3.242035388946533, 3.2405004501342773, 3.2389469146728516, 3.237614393234253, 3.2364017963409424, 3.2353053092956543, 3.2343366146087646, 3.233764886856079, 3.233335018157959, 3.2330286502838135, 3.2328262329101562, 3.2327725887298584, 3.232605218887329, 3.232595205307007, 3.2325263023376465, 3.2324957847595215, 3.232391119003296, 3.232348918914795, 3.232401132583618, 3.232412099838257, 3.2323787212371826, 3.2323739528656006, 3.232285261154175, 3.2322816848754883, 3.2321393489837646, 3.2318146228790283, 3.2316033840179443, 3.231315851211548, 3.231105327606201, 3.2308411598205566, 3.230742931365967, 3.2307732105255127, 3.2305550575256348, 3.2305455207824707, 3.230529308319092, 3.2305619716644287, 3.230512857437134, 3.230419874191284, 3.2304329872131348, 3.2304043769836426, 3.2304179668426514, 3.230351209640503, 3.2301671504974365, 3.2302350997924805, 3.230189085006714, 3.230142593383789, 3.230013608932495, 3.229970932006836, 3.22995924949646, 3.2298080921173096, 3.2296383380889893, 3.2294371128082275, 3.2292144298553467, 3.228961944580078, 3.228926420211792, 3.22883939743042, 3.228890895843506, 3.228760242462158, 3.2287991046905518, 3.2288246154785156, 3.2287755012512207, 3.22882080078125, 3.2287650108337402, 3.228644609451294, 3.2286040782928467, 3.228541135787964, 3.2286295890808105, 3.228496789932251, 3.2285091876983643, 3.228468656539917, 3.228299379348755, 3.2282302379608154, 3.2282016277313232, 3.2281508445739746, 3.22806453704834, 3.2279675006866455, 3.227919340133667, 3.227863311767578, 3.227792978286743, 3.227903127670288, 3.227942943572998, 3.2278354167938232, 3.2278261184692383, 3.227768659591675, 3.2276177406311035, 3.227550983428955, 3.227442979812622, 3.2273781299591064, 3.227325916290283, 3.227242946624756, 3.227076292037964, 3.2270383834838867, 3.227041721343994, 3.2269771099090576, 3.227008819580078, 3.2270374298095703, 3.2271525859832764],