{"loss": [5.09374475479126, 5.659712791442871, 5.417594909667969, 5.332718849182129, 5.317511558532715, 5.387667655944824, 5.447920799255371, 5.373873710632324, 5.303769588470459, 5.27210807800293, 5.274672985076904, 5.289969444274902, 5.301859378814697, 5.2963175773620605, 5.287188529968262, 5.263782501220703, 5.256474494934082, 5.246845245361328, 5.251084327697754, 5.251151084899902, 5.253113746643066, 5.23159122467041, 5.227741241455078, 5.227693557739258, 5.227834701538086, 5.222439289093018, 5.224481582641602, 5.238431930541992, 5.233038425445557, 5.221545219421387, 5.225101947784424, 5.2264628410339355, 5.224508285522461, 5.221815586090088, 5.222721099853516, 5.218412399291992, 5.219866752624512, 5.2273101806640625, 5.201759338378906, 5.222341537475586, 5.217233180999756, 5.204774856567383, 5.207542896270752, 5.217474937438965, 5.225693225860596, 5.228879928588867, 5.20010232925415, 5.224199295043945, 5.210818290710449, 5.209140777587891, 5.21375846862793, 5.222709655761719, 5.223554611206055, 5.222133636474609, 5.225805759429932, 5.226787567138672, 5.211042404174805, 5.229990482330322, 5.211942672729492, 5.214926719665527, 5.2092671394348145, 5.214076042175293, 5.227944850921631, 5.21193265914917, 5.217846393585205, 5.203015327453613, 5.2097249031066895, 5.204042434692383, 5.208666801452637, 5.225488185882568, 5.206177234649658, 5.207388401031494, 5.212566375732422, 5.222216606140137, 5.222433567047119, 5.219760894775391, 5.203973770141602, 5.201996803283691, 5.207311153411865, 5.22891092300415, 5.2216715812683105, 5.220790386199951, 5.20120906829834, 5.223759174346924, 5.214163780212402, 5.22257137298584, 5.232036590576172, 5.2201247215271, 5.221356391906738, 5.234755516052246, 5.240937232971191, 5.205555438995361, 5.209700107574463, 5.224778652191162, 5.207687854766846, 5.210811138153076, 5.217680931091309, 5.215390205383301, 5.213335990905762, 5.202437877655029], "adaptive_loss": [0.008050779812037945, 0.013790691271424294, 0.011412940919399261, 0.01058907713741064, 0.010446793399751186, 0.011147413402795792, 0.01174235437065363, 0.01099487580358982, 0.010285395197570324, 0.009962708689272404, 0.009983450174331665, 0.010135435499250889, 0.01025612372905016, 0.01020611822605133, 0.010116751305758953, 0.009884145110845566, 0.00981211569160223, 0.009714923799037933, 0.009757153689861298, 0.009757177904248238, 0.009777560830116272, 0.009561224840581417, 0.009527180343866348, 0.009532418102025986, 0.009540034458041191, 0.009491663426160812, 0.009518710896372795, 0.009662977419793606, 0.009612158872187138, 0.009498342871665955, 0.009534350596368313, 0.009545227512717247, 0.009519959799945354, 0.009486132301390171, 0.009487421251833439, 0.009442467242479324, 0.009455224499106407, 0.009530171751976013, 0.009282524697482586, 0.009492194280028343, 0.00945069920271635, 0.009332439862191677, 0.009365956299006939, 0.009467699564993382, 0.009552806615829468, 0.009579000994563103, 0.009290731512010098, 0.009526173584163189, 0.009388635866343975, 0.00936672743409872, 0.00940945465117693, 0.009498254396021366, 0.009509105235338211, 0.00949767604470253, 0.009539030492305756, 0.009555790573358536, 0.009405652992427349, 0.009599452838301659, 0.00942134577780962, 0.009454237297177315, 0.009396824054419994, 0.009442518465220928, 0.009578225202858448, 0.009412025101482868, 0.009465323761105537, 0.009311307221651077, 0.00937640480697155, 0.009318831376731396, 0.009368236176669598, 0.009543954394757748, 0.009355815127491951, 0.009373510256409645, 0.009429514408111572, 0.00953004788607359, 0.00953279621899128, 0.009505495429039001, 0.009346816688776016, 0.009324993938207626, 0.00937404204159975, 0.009587216190993786, 0.009511328302323818, 0.009499712847173214, 0.009303131140768528, 0.00952931772917509, 0.00943684484809637, 0.009524540044367313, 0.009624715894460678, 0.009509659372270107, 0.009526966139674187, 0.00966043584048748, 0.009724085219204426, 0.009368633851408958, 0.009409608319401741, 0.009554814547300339, 0.009381923824548721, 0.009408731944859028, 0.00947829894721508, 0.00945214368402958, 0.009434602223336697, 0.009328247047960758], "bpp_loss": [4.288666725158691, 4.280643463134766, 4.27630090713501, 4.273811340332031, 4.27283239364624, 4.272926330566406, 4.273685455322266, 4.274386405944824, 4.2752299308776855, 4.275836944580078, 4.276328086853027, 4.276425838470459, 4.276247024536133, 4.275705814361572, 4.275513172149658, 4.275367736816406, 4.275262832641602, 4.275352954864502, 4.275369167327881, 4.27543306350708, 4.275357723236084, 4.275468826293945, 4.275023460388184, 4.274451732635498, 4.273831367492676, 4.27327299118042, 4.272610664367676, 4.272134304046631, 4.271822452545166, 4.2717108726501465, 4.271667003631592, 4.271940231323242, 4.272512435913086, 4.273202419281006, 4.2739787101745605, 4.274165630340576, 4.274344444274902, 4.274292945861816, 4.273507118225098, 4.273122310638428, 4.272163391113281, 4.271531105041504, 4.270947456359863, 4.270704746246338, 4.270412445068359, 4.270979881286621, 4.271028995513916, 4.271582126617432, 4.271954536437988, 4.272468090057373, 4.272812843322754, 4.272884368896484, 4.27264404296875, 4.272366046905518, 4.271902561187744, 4.2712082862854, 4.270477294921875, 4.270045280456543, 4.269808292388916, 4.269503116607666, 4.269584655761719, 4.269824028015137, 4.270122528076172, 4.270730018615723, 4.2713141441345215, 4.271884441375732, 4.2720842361450195, 4.272159099578857, 4.271843433380127, 4.271092891693115, 4.270595550537109, 4.2700371742248535, 4.2696146965026855, 4.269211769104004, 4.269154071807861, 4.269211292266846, 4.26929235458374, 4.269497394561768, 4.269906997680664, 4.27018928527832, 4.270538806915283, 4.270819187164307, 4.270895957946777, 4.270827293395996, 4.270479202270508, 4.270117282867432, 4.269565105438232, 4.269158840179443, 4.268659591674805, 4.268712043762207, 4.268528938293457, 4.2686920166015625, 4.268739223480225, 4.269297122955322, 4.269495487213135, 4.269937992095947, 4.269851207733154, 4.270175933837891, 4.269876003265381, 4.269613265991211],