{"loss": [5.56308126449585, 6.31915283203125, 5.888248920440674, 5.843808174133301, 5.887862682342529, 5.860016822814941, 5.8465471267700195, 5.834510326385498, 5.802976608276367, 5.765209197998047, 5.726629734039307, 5.744001865386963, 5.790959358215332, 5.794156074523926, 5.720563888549805, 5.704414367675781, 5.713247776031494, 5.7106733322143555, 5.709570407867432, 5.7196221351623535, 5.695195198059082, 5.710077285766602, 5.727659702301025, 5.693980693817139, 5.711038589477539, 5.6977081298828125, 5.683720588684082, 5.685126304626465, 5.688899517059326, 5.682650089263916, 5.680084705352783, 5.673040390014648, 5.678388595581055, 5.674618721008301, 5.684035778045654, 5.684349060058594, 5.680248737335205, 5.6714606285095215, 5.684503555297852, 5.659844875335693, 5.66372013092041, 5.678102016448975, 5.669990539550781, 5.680311679840088, 5.681700229644775, 5.662732124328613, 5.659419059753418, 5.650840759277344, 5.671555519104004, 5.669873237609863, 5.661362648010254, 5.661450386047363, 5.66691780090332, 5.677352428436279, 5.648423194885254, 5.641060829162598, 5.6522064208984375, 5.6595988273620605, 5.674917697906494, 5.664659023284912, 5.657565116882324, 5.657602310180664, 5.6724324226379395, 5.658267021179199, 5.674540996551514, 5.659914970397949, 5.654022216796875, 5.66985559463501, 5.656319618225098, 5.663915634155273, 5.685842514038086, 5.663998126983643, 5.6629638671875, 5.693154811859131, 5.659631729125977, 5.655537128448486, 5.644852638244629, 5.661546230316162, 5.673050403594971, 5.663978576660156, 5.6567206382751465, 5.652052402496338, 5.648925304412842, 5.658952236175537, 5.673722743988037, 5.67550802230835, 5.674473762512207, 5.650485992431641, 5.671339511871338, 5.664437294006348, 5.667452335357666, 5.672494888305664, 5.676685333251953, 5.665340423583984, 5.6666388511657715, 5.662406921386719, 5.653408050537109, 5.6696062088012695, 5.676870346069336, 5.677606105804443], "adaptive_loss": [0.009277760051190853, 0.016599390655755997, 0.012436737306416035, 0.01213101763278246, 0.012608404271304607, 0.012291043996810913, 0.012094022706151009, 0.011922057718038559, 0.011589422821998596, 0.01123492419719696, 0.010892605409026146, 0.011112114414572716, 0.011610236950218678, 0.011645643971860409, 0.010890648700296879, 0.01070177648216486, 0.010766834020614624, 0.010729389265179634, 0.010723247192800045, 0.010843571275472641, 0.010625053197145462, 0.010796710848808289, 0.010981274768710136, 0.010641871020197868, 0.010801703669130802, 0.01065470278263092, 0.010505475103855133, 0.010515457950532436, 0.010559516958892345, 0.010510281659662724, 0.01050063781440258, 0.010442926548421383, 0.010498257353901863, 0.010455128736793995, 0.010535908862948418, 0.010531570762395859, 0.010481921024620533, 0.01039348728954792, 0.01052876841276884, 0.010292953811585903, 0.010349098592996597, 0.010499904863536358, 0.010420789010822773, 0.010517544113099575, 0.010520714335143566, 0.010324857197701931, 0.010291818529367447, 0.010213643312454224, 0.010427969507873058, 0.010417448356747627, 0.010330750606954098, 0.010331728495657444, 0.010381931439042091, 0.01048800628632307, 0.01020125113427639, 0.01013196911662817, 0.010244417935609818, 0.010314706712961197, 0.010466868057847023, 0.010362759232521057, 0.0102944141253829, 0.010295512154698372, 0.01044491771608591, 0.010306700132787228, 0.010470515117049217, 0.010327070951461792, 0.010267568752169609, 0.010420764796435833, 0.01028499100357294, 0.01036339346319437, 0.0105894785374403, 0.010374149307608604, 0.010365830734372139, 0.010662960819900036, 0.010323000140488148, 0.010284233838319778, 0.01018178928643465, 0.010345310904085636, 0.010456427931785583, 0.010365983471274376, 0.010300131514668465, 0.010262547992169857, 0.01023491844534874, 0.010333380661904812, 0.010477595962584019, 0.010492024943232536, 0.010480053722858429, 0.010238763876259327, 0.010448754765093327, 0.010385286062955856, 0.010416707023978233, 0.010471981950104237, 0.010508072562515736, 0.010392296127974987, 0.010404324159026146, 0.010367849841713905, 0.01028480101376772, 0.010452592745423317, 0.01052676048129797, 0.01052632462233305], "bpp_loss": [4.635305404663086, 4.659213542938232, 4.644575119018555, 4.630706310272217, 4.6270222663879395, 4.6309123039245605, 4.637144565582275, 4.642304420471191, 4.644034385681152, 4.641716957092285, 4.637369155883789, 4.632790565490723, 4.6299357414245605, 4.629591941833496, 4.63149881362915, 4.634236812591553, 4.636564254760742, 4.637734413146973, 4.6372456550598145, 4.635264873504639, 4.632689952850342, 4.630405902862549, 4.629532337188721, 4.629793643951416, 4.630867958068848, 4.632237911224365, 4.633172988891602, 4.633580684661865, 4.63294792175293, 4.631621837615967, 4.630021095275879, 4.628747940063477, 4.628562927246094, 4.629106044769287, 4.6304450035095215, 4.631192207336426, 4.632056713104248, 4.6321120262146, 4.631626605987549, 4.630549430847168, 4.628810405731201, 4.628111362457275, 4.627911567687988, 4.628557205200195, 4.629628658294678, 4.630246162414551, 4.630237102508545, 4.629476547241211, 4.628758430480957, 4.628128528594971, 4.628287315368652, 4.62827730178833, 4.628724575042725, 4.628551959991455, 4.628298282623291, 4.627863883972168, 4.627764701843262, 4.6281280517578125, 4.628231048583984, 4.628383159637451, 4.628123760223389, 4.628050804138184, 4.627940654754639, 4.627596855163574, 4.6274895668029785, 4.6272077560424805, 4.627265453338623, 4.627779006958008, 4.6278204917907715, 4.6275763511657715, 4.626894474029541, 4.626583099365234, 4.626380920410156, 4.626858711242676, 4.627331733703613, 4.6271138191223145, 4.626673698425293, 4.627015113830566, 4.627407550811768, 4.62738037109375, 4.626707553863525, 4.625797748565674, 4.625433444976807, 4.625614166259766, 4.62596321105957, 4.62630558013916, 4.626468658447266, 4.6266093254089355, 4.626463890075684, 4.625908851623535, 4.625781536102295, 4.625296592712402, 4.62587833404541, 4.626110553741455, 4.626206398010254, 4.625621795654297, 4.624927997589111, 4.624346733093262, 4.624194145202637, 4.624973773956299],