{"loss": [4.873727798461914, 6.03286600112915, 5.1952996253967285, 5.099128723144531, 5.3906941413879395, 5.421090602874756, 5.249632358551025, 5.077362537384033, 5.06516695022583, 5.136075496673584, 5.199244022369385, 5.183344841003418, 5.139963150024414, 5.0687737464904785, 5.041621208190918, 5.056726455688477, 5.077850818634033, 5.085138320922852, 5.063827991485596, 5.0441789627075195, 5.0178022384643555, 5.0198211669921875, 5.037527084350586, 5.030629634857178, 5.03532075881958, 5.012577533721924, 5.002264976501465, 5.013504505157471, 5.02904748916626, 5.015058517456055, 5.015264511108398, 4.995661735534668, 4.996026515960693, 5.008538246154785, 4.992284297943115, 4.995911121368408, 5.007767677307129, 5.017704010009766, 5.002264499664307, 4.9914164543151855, 4.996871471405029, 4.995945453643799, 5.02235221862793, 4.996834754943848, 4.991694927215576, 4.992712497711182, 4.987855911254883, 4.995248794555664, 5.007933616638184, 5.0058274269104, 4.992892742156982, 4.987096309661865, 5.007163047790527, 5.016392230987549, 4.9966630935668945, 4.989337921142578, 5.004395008087158, 4.988884449005127, 4.991918563842773, 5.0112786293029785, 4.9908976554870605, 4.99365234375, 4.994657516479492, 4.99127721786499, 4.991909980773926, 4.996105670928955, 4.996098041534424, 4.981478214263916, 5.004830837249756, 4.9964399337768555, 4.9858222007751465, 4.998960018157959, 4.995147705078125, 5.001598834991455, 4.999244213104248, 4.991486549377441, 4.993595123291016, 4.983547210693359, 4.996769905090332, 4.994456768035889, 4.989882469177246, 4.982184410095215, 4.997373580932617, 4.990257263183594, 4.999811172485352, 4.999068737030029, 5.004125595092773, 5.013270854949951, 4.987607002258301, 5.000617980957031, 4.9955573081970215, 4.994543075561523, 5.002169132232666, 5.010673522949219, 4.99411678314209, 5.001767158508301, 4.992348670959473, 4.998303413391113, 4.998997688293457, 4.994826316833496], "adaptive_loss": [0.007912379689514637, 0.019346632063388824, 0.01104820892214775, 0.010179697535932064, 0.0131616722792387, 0.013496056199073792, 0.011784004047513008, 0.010044315829873085, 0.009899047203361988, 0.010592540726065636, 0.011218927800655365, 0.011069240979850292, 0.010649020783603191, 0.009950127452611923, 0.009686733596026897, 0.009838594123721123, 0.010041991248726845, 0.010100090876221657, 0.00987068098038435, 0.009658236056566238, 0.009386175312101841, 0.009405385702848434, 0.00958975963294506, 0.00953452754765749, 0.009597355499863625, 0.009381956420838833, 0.009286846034228802, 0.009399212896823883, 0.009548034518957138, 0.009399564936757088, 0.009393041022121906, 0.009190266951918602, 0.009190922603011131, 0.009316684678196907, 0.00916469469666481, 0.009208041243255138, 0.0093374727293849, 0.009440295398235321, 0.009285151027143002, 0.009174307808279991, 0.009226709604263306, 0.009215355850756168, 0.009480893611907959, 0.009227268397808075, 0.009177729487419128, 0.009188972413539886, 0.009136644192039967, 0.009210096672177315, 0.009335340932011604, 0.009313925169408321, 0.009184225462377071, 0.009128988720476627, 0.009330800734460354, 0.009425826370716095, 0.009230265393853188, 0.00915524736046791, 0.009307783097028732, 0.00915038026869297, 0.009179997257888317, 0.009375311434268951, 0.009172040037810802, 0.009200576692819595, 0.009216077625751495, 0.009184573777019978, 0.00919482670724392, 0.009238477796316147, 0.00923959817737341, 0.009091806598007679, 0.009322074241936207, 0.009233183227479458, 0.009125734679400921, 0.009250550530850887, 0.009210717864334583, 0.009276920929551125, 0.009259467013180256, 0.009186680428683758, 0.009212151169776917, 0.009113202802836895, 0.009243026375770569, 0.009221816435456276, 0.009175235405564308, 0.00909910723567009, 0.009253416210412979, 0.009183677844703197, 0.009277720004320145, 0.009266391396522522, 0.009315784089267254, 0.009405752643942833, 0.009148454293608665, 0.00927693210542202, 0.00923027191311121, 0.009223227389156818, 0.009303201921284199, 0.009395691566169262, 0.00923371035605669, 0.009307365864515305, 0.009205412119626999, 0.009260679595172405, 0.009262981824576855, 0.009223357774317265], "bpp_loss": [4.082489967346191, 4.098202705383301, 4.090478897094727, 4.0811591148376465, 4.074526786804199, 4.0714850425720215, 4.071231842041016, 4.072930812835693, 4.075262069702148, 4.076821327209473, 4.077351093292236, 4.076420783996582, 4.075060844421387, 4.073760986328125, 4.072947978973389, 4.072866916656494, 4.0736517906188965, 4.07512903213501, 4.0767598152160645, 4.078355312347412, 4.079184532165527, 4.079282760620117, 4.078551292419434, 4.077177047729492, 4.07558536529541, 4.0743818283081055, 4.073580265045166, 4.073583126068115, 4.074244022369385, 4.075101852416992, 4.075960636138916, 4.076634883880615, 4.076934337615967, 4.076869964599609, 4.075814723968506, 4.075107097625732, 4.0740203857421875, 4.07367467880249, 4.073749542236328, 4.073985576629639, 4.074200630187988, 4.0744099617004395, 4.074262619018555, 4.074107646942139, 4.073922157287598, 4.07381534576416, 4.074191570281982, 4.074239253997803, 4.074399471282959, 4.074434757232666, 4.074470043182373, 4.074197292327881, 4.074082851409912, 4.073809623718262, 4.073636531829834, 4.073813438415527, 4.0736165046691895, 4.073846340179443, 4.07391881942749, 4.073747634887695, 4.073693752288818, 4.073594570159912, 4.073049545288086, 4.072819709777832, 4.072427272796631, 4.072257995605469, 4.07213830947876, 4.0722975730896, 4.072623252868652, 4.073121547698975, 4.073248863220215, 4.073904991149902, 4.074075698852539, 4.073906898498535, 4.073297500610352, 4.072818279266357, 4.072380065917969, 4.0722270011901855, 4.07246732711792, 4.072275161743164, 4.072359085083008, 4.0722737312316895, 4.0720319747924805, 4.071889400482178, 4.0720391273498535, 4.072429656982422, 4.072547435760498, 4.072695732116699, 4.072761535644531, 4.072924613952637, 4.072530269622803, 4.072220325469971, 4.0718488693237305, 4.071104526519775, 4.070745944976807, 4.071030616760254, 4.071807384490967, 4.072235584259033, 4.072699546813965, 4.072490692138672],