{"loss": [5.84832239151001, 7.394675254821777, 6.1504106521606445, 6.154664039611816, 6.58500862121582, 6.484889984130859, 6.238929271697998, 6.09564208984375, 6.1237640380859375, 6.177849769592285, 6.177556037902832, 6.16014289855957, 6.148714065551758, 6.095870494842529, 6.033256530761719, 6.026641845703125, 6.017584323883057, 6.050129413604736, 6.080722332000732, 6.048381805419922, 5.985038757324219, 5.955301761627197, 5.976318836212158, 5.999873638153076, 6.0027875900268555, 5.987510681152344, 5.982101917266846, 5.987436294555664, 5.9818525314331055, 5.96965217590332, 5.973549842834473, 5.9532246589660645, 5.945919513702393, 5.9523515701293945, 5.948950290679932, 5.962576389312744, 5.9529900550842285, 5.9377312660217285, 5.923402786254883, 5.935222625732422, 5.952060222625732, 5.943777084350586, 5.940509796142578, 5.941051959991455, 5.947201728820801, 5.938459396362305, 5.953388214111328, 5.943305015563965, 5.9368367195129395, 5.941752910614014, 5.951139450073242, 5.95267915725708, 5.916872024536133, 5.937063694000244, 5.9430742263793945, 5.940112590789795, 5.942437171936035, 5.950344562530518, 5.928923606872559, 5.962397575378418, 5.946282863616943, 5.9465556144714355, 5.9638872146606445, 5.944455146789551, 5.926715850830078, 5.95726203918457, 5.944643974304199, 5.962978363037109, 5.954141616821289, 5.957211971282959, 5.968433856964111, 5.956625938415527, 5.956117630004883, 5.9581170082092285, 5.92714786529541, 5.961360454559326, 5.961127758026123, 5.966958999633789, 5.934847354888916, 5.941996097564697, 5.968480110168457, 5.948028564453125, 5.95795202255249, 5.959413528442383, 5.955743312835693, 5.938095569610596, 5.953553199768066, 5.961838245391846, 5.947605609893799, 5.949512958526611, 5.936985015869141, 5.976437091827393, 5.953394412994385, 5.947381496429443, 5.944236755371094, 5.945362567901611, 5.938610553741455, 5.945801258087158, 5.934687614440918, 5.9568634033203125], "adaptive_loss": [0.009712111204862595, 0.024895519018173218, 0.012611644342541695, 0.012818639166653156, 0.01718723215162754, 0.016152093186974525, 0.013617249205708504, 0.012102910317480564, 0.012342595495283604, 0.012883458286523819, 0.01292213425040245, 0.012805303558707237, 0.012741567566990852, 0.012242836877703667, 0.01162087731063366, 0.011532819829881191, 0.011406950652599335, 0.011697430163621902, 0.011985491961240768, 0.011662187986075878, 0.01104744616895914, 0.010778609663248062, 0.011014952324330807, 0.011268850415945053, 0.011302506551146507, 0.011137411929666996, 0.01106625609099865, 0.011102908290922642, 0.011036642827093601, 0.01091621071100235, 0.010968388058245182, 0.01078246533870697, 0.010722721926867962, 0.010793130844831467, 0.01075576152652502, 0.010882297530770302, 0.010777885094285011, 0.010619297623634338, 0.010478044860064983, 0.01060335524380207, 0.010775342583656311, 0.010698758997023106, 0.010669363662600517, 0.01067531481385231, 0.010735418647527695, 0.010644027963280678, 0.010791782289743423, 0.010692440904676914, 0.01062854379415512, 0.010679669678211212, 0.01077520102262497, 0.010796908289194107, 0.0104440376162529, 0.010647729970514774, 0.010704579763114452, 0.0106730367988348, 0.010693848133087158, 0.010774358175694942, 0.010566343553364277, 0.010900712572038174, 0.010739034041762352, 0.010738082230091095, 0.010907008312642574, 0.010708819143474102, 0.010531662963330746, 0.010845858603715897, 0.010730225592851639, 0.010918526910245419, 0.010830100625753403, 0.010853848420083523, 0.010957134887576103, 0.010834809392690659, 0.01083691418170929, 0.010863076895475388, 0.010558173060417175, 0.010903109796345234, 0.010901824571192265, 0.01095887366682291, 0.01063203439116478, 0.010699748992919922, 0.010964129120111465, 0.010764332488179207, 0.010867215692996979, 0.010888054966926575, 0.01084866002202034, 0.01067062746733427, 0.01082020252943039, 0.010901646688580513, 0.010766896419227123, 0.010794535279273987, 0.01067169290035963, 0.011064956896007061, 0.010826652869582176, 0.010763436555862427, 0.010734371840953827, 0.010752420872449875, 0.010688837617635727, 0.010760979726910591, 0.010643009096384048, 0.01085908804088831], "bpp_loss": [4.877111434936523, 4.905123233795166, 4.889245986938477, 4.872800350189209, 4.86628532409668, 4.869680404663086, 4.877204418182373, 4.885351181030273, 4.889504432678223, 4.8895039558410645, 4.885342597961426, 4.879612445831299, 4.874557018280029, 4.871586799621582, 4.871169090270996, 4.873359680175781, 4.876889228820801, 4.8803863525390625, 4.88217306137085, 4.882163047790527, 4.880294322967529, 4.877440929412842, 4.874823570251465, 4.872988700866699, 4.872537136077881, 4.873769283294678, 4.875476360321045, 4.877145290374756, 4.878188133239746, 4.878031253814697, 4.876710891723633, 4.874978065490723, 4.873647212982178, 4.873038291931152, 4.873373985290527, 4.874346733093262, 4.87520170211792, 4.8758015632629395, 4.875598430633545, 4.874886989593506, 4.874526023864746, 4.873900890350342, 4.873573303222656, 4.873520374298096, 4.873660087585449, 4.874056816101074, 4.874209880828857, 4.87406063079834, 4.8739824295043945, 4.873785972595215, 4.873619079589844, 4.872988224029541, 4.8724684715271, 4.87229061126709, 4.872616291046143, 4.872808933258057, 4.873052597045898, 4.872908592224121, 4.872289180755615, 4.872326374053955, 4.872379302978516, 4.872747421264648, 4.8731865882873535, 4.873573303222656, 4.873549461364746, 4.872676372528076, 4.871621608734131, 4.8711256980896, 4.871131420135498, 4.871827125549316, 4.872720241546631, 4.87314510345459, 4.872426509857178, 4.871809482574463, 4.871330261230469, 4.871049404144287, 4.870945453643799, 4.8710713386535645, 4.871644020080566, 4.872021198272705, 4.872067451477051, 4.87159538269043, 4.871230602264404, 4.870608329772949, 4.870877265930176, 4.87103271484375, 4.871532917022705, 4.871673583984375, 4.87091588973999, 4.870059490203857, 4.869815826416016, 4.869941234588623, 4.870728969573975, 4.87103796005249, 4.870799541473389, 4.870120525360107, 4.869726657867432, 4.86970329284668, 4.870386600494385, 4.870954513549805],