{"loss": [3.9934659004211426, 4.397578239440918, 4.236001491546631, 4.163684844970703, 4.167821407318115, 4.204147815704346, 4.2302656173706055, 4.197003364562988, 4.15633487701416, 4.139288425445557, 4.122214317321777, 4.139430999755859, 4.136003017425537, 4.147195816040039, 4.138102054595947, 4.118016242980957, 4.117763042449951, 4.105563163757324, 4.11581563949585, 4.11329984664917, 4.118038177490234, 4.118452072143555, 4.105813026428223, 4.093423843383789, 4.105012893676758, 4.106693744659424, 4.101397514343262, 4.109806537628174, 4.088833808898926, 4.080334186553955, 4.079008102416992, 4.093061923980713, 4.103075981140137, 4.090332984924316, 4.086574554443359, 4.090751647949219, 4.078900337219238, 4.091503620147705, 4.092567443847656, 4.09657621383667, 4.080078125, 4.091855049133301, 4.089221954345703, 4.090017795562744, 4.085831642150879, 4.087453842163086, 4.09207820892334, 4.078150272369385, 4.083957195281982, 4.092181205749512, 4.079415321350098, 4.080925941467285, 4.0796918869018555, 4.079701900482178, 4.086705207824707, 4.080930233001709, 4.079240322113037, 4.083093166351318, 4.071955680847168, 4.080921173095703, 4.080533981323242, 4.087143898010254, 4.0775041580200195, 4.0841193199157715, 4.074893474578857, 4.081870079040527, 4.084150791168213, 4.08795166015625, 4.089557647705078, 4.075340747833252, 4.0856146812438965, 4.09494686126709, 4.092069149017334, 4.083343505859375, 4.081011772155762, 4.0855607986450195, 4.092832565307617, 4.0804123878479, 4.086882591247559, 4.077457427978516, 4.083293914794922, 4.088600158691406, 4.086213111877441, 4.078014373779297, 4.085763454437256, 4.09251594543457, 4.09151029586792, 4.094317436218262, 4.078855037689209, 4.09286642074585, 4.087442398071289, 4.087853908538818, 4.075406074523926, 4.089472770690918, 4.091854572296143, 4.083685874938965, 4.08866024017334, 4.085975646972656, 4.076293468475342, 4.09153413772583], "adaptive_loss": [0.006476179230958223, 0.010494855232536793, 0.008893623948097229, 0.008189217187464237, 0.00824679248034954, 0.008623640052974224, 0.008896153420209885, 0.00857346411794424, 0.008173503912985325, 0.008006150834262371, 0.00783570110797882, 0.008006774820387363, 0.00796971470117569, 0.008080379106104374, 0.007989882491528988, 0.007786551024764776, 0.007783833891153336, 0.007658712100237608, 0.007759925443679094, 0.00773371709510684, 0.007780187763273716, 0.007784340064972639, 0.00765950046479702, 0.007536306511610746, 0.007654289249330759, 0.007673289626836777, 0.007624090649187565, 0.007709738798439503, 0.007502888794988394, 0.007419398985803127, 0.007407232187688351, 0.007548983208835125, 0.00764802098274231, 0.0075203366577625275, 0.007481846958398819, 0.007521858438849449, 0.007402941584587097, 0.007527858018875122, 0.00753693887963891, 0.007576984353363514, 0.0074122194200754166, 0.007531361188739538, 0.0075053502805531025, 0.00751394173130393, 0.007473043631762266, 0.007489384151995182, 0.007536628283560276, 0.007398652378469706, 0.0074563659727573395, 0.007540387567132711, 0.007413969375193119, 0.0074287657625973225, 0.00741717079654336, 0.0074188788421452045, 0.007490282412618399, 0.007432794198393822, 0.007416880689561367, 0.007454201579093933, 0.007342090830206871, 0.007431626319885254, 0.007426470518112183, 0.007490381598472595, 0.007393738254904747, 0.007459448184818029, 0.007366277743130922, 0.007436846382915974, 0.00746134901419282, 0.00749976234510541, 0.007518434431403875, 0.00737835792824626, 0.0074831219390034676, 0.007578650023788214, 0.007551704067736864, 0.007465427741408348, 0.007441503461450338, 0.00748541671782732, 0.007556106895208359, 0.007429846096783876, 0.0074920360930264, 0.007397424429655075, 0.007454066537320614, 0.007506363093852997, 0.00748381158336997, 0.007403356488794088, 0.007483806926757097, 0.007551933638751507, 0.007544707972556353, 0.007573324721306562, 0.0074203526601195335, 0.007559760939329863, 0.007505939342081547, 0.007508834823966026, 0.007382171228528023, 0.007521654479205608, 0.007545009255409241, 0.007464069873094559, 0.007513244170695543, 0.007487957365810871, 0.007392335683107376, 0.0075462074019014835], "bpp_loss": [3.3458480834960938, 3.348092794418335, 3.3466391563415527, 3.3447632789611816, 3.34314227104187, 3.3417837619781494, 3.3406500816345215, 3.3396568298339844, 3.338984251022339, 3.3386733531951904, 3.338644027709961, 3.3387534618377686, 3.339031457901001, 3.339158058166504, 3.339113712310791, 3.3393609523773193, 3.3393795490264893, 3.3396918773651123, 3.3398232460021973, 3.339928150177002, 3.3400192260742188, 3.3400182723999023, 3.3398630619049072, 3.3397932052612305, 3.3395838737487793, 3.339364767074585, 3.3389885425567627, 3.3388326168060303, 3.338545083999634, 3.3383944034576416, 3.338284969329834, 3.3381636142730713, 3.3382740020751953, 3.338299512863159, 3.3383896350860596, 3.3385655879974365, 3.338606357574463, 3.3387176990509033, 3.3388736248016357, 3.3388779163360596, 3.3388559818267822, 3.338719129562378, 3.33868670463562, 3.338623523712158, 3.338527202606201, 3.338515520095825, 3.3384156227111816, 3.338284969329834, 3.33832049369812, 3.3381426334381104, 3.3380181789398193, 3.3380491733551025, 3.337974786758423, 3.3378140926361084, 3.337677001953125, 3.337650775909424, 3.337552070617676, 3.3376731872558594, 3.3377463817596436, 3.337758779525757, 3.3378868103027344, 3.3381059169769287, 3.338130235671997, 3.338174343109131, 3.3382656574249268, 3.3381855487823486, 3.3380160331726074, 3.33797550201416, 3.3377139568328857, 3.3375048637390137, 3.3373026847839355, 3.3370819091796875, 3.3368988037109375, 3.3368005752563477, 3.3368613719940186, 3.337019205093384, 3.337222099304199, 3.337427854537964, 3.337678909301758, 3.3377151489257812, 3.3378872871398926, 3.3379640579223633, 3.337831735610962, 3.337678909301758, 3.3373827934265137, 3.33732271194458, 3.3370394706726074, 3.336984872817993, 3.336819648742676, 3.33689022064209, 3.336848258972168, 3.336970329284668, 3.337189197540283, 3.3373074531555176, 3.337353467941284, 3.3372788429260254, 3.3373360633850098, 3.3371801376342773, 3.337059736251831, 3.3369133472442627],