{"loss": [6.214682102203369, 6.9686360359191895, 6.5242509841918945, 6.472968101501465, 6.643951892852783, 6.501504898071289, 6.395267009735107, 6.441898345947266, 6.506717205047607, 6.475302696228027, 6.383274555206299, 6.30941915512085, 6.359116077423096, 6.433564186096191, 6.400373935699463, 6.366765975952148, 6.334809303283691, 6.3441081047058105, 6.350466728210449, 6.3531670570373535, 6.2967848777771, 6.302541732788086, 6.323049068450928, 6.316058158874512, 6.319693088531494, 6.304445266723633, 6.296574592590332, 6.286158561706543, 6.2949419021606445, 6.289112091064453, 6.276963233947754, 6.273830890655518, 6.290611267089844, 6.2896409034729, 6.291451454162598, 6.3014607429504395, 6.298121452331543, 6.301993370056152, 6.288724899291992, 6.280680179595947, 6.302227020263672, 6.268400192260742, 6.278067588806152, 6.292369842529297, 6.281496047973633, 6.296049118041992, 6.299332141876221, 6.2655792236328125, 6.285484313964844, 6.276814937591553, 6.263574600219727, 6.272267818450928, 6.288181304931641, 6.275197982788086, 6.264277458190918, 6.259793758392334, 6.272868633270264, 6.270751476287842, 6.271048069000244, 6.275784969329834, 6.274547100067139, 6.281752586364746, 6.271771430969238, 6.2848639488220215, 6.285639762878418, 6.265594482421875, 6.278449058532715, 6.280507564544678, 6.280370712280273, 6.271202087402344, 6.2643938064575195, 6.288042068481445, 6.258974075317383, 6.265818119049072, 6.302679538726807, 6.283863067626953, 6.2971954345703125, 6.2779693603515625, 6.295892238616943, 6.304810523986816, 6.272871017456055, 6.292095184326172, 6.289225101470947, 6.300023555755615, 6.285113334655762, 6.273342609405518, 6.292616844177246, 6.277749061584473, 6.291414260864258, 6.2773284912109375, 6.262333393096924, 6.262405872344971, 6.290748119354248, 6.27740478515625, 6.278166770935059, 6.295093059539795, 6.271213531494141, 6.252157688140869, 6.272727966308594, 6.2736921310424805], "adaptive_loss": [0.010054031386971474, 0.017297133803367615, 0.013025715947151184, 0.012692000716924667, 0.014469358138740063, 0.013003754429519176, 0.011854233220219612, 0.012232284061610699, 0.012837876565754414, 0.012534544803202152, 0.011666459031403065, 0.010995086282491684, 0.011545653454959393, 0.012318306602537632, 0.011978289112448692, 0.011603464372456074, 0.011237856931984425, 0.011294490657746792, 0.011345936916768551, 0.011380823329091072, 0.010849753394722939, 0.010947773233056068, 0.01118695642799139, 0.011138208210468292, 0.01117266621440649, 0.010999451391398907, 0.010896884836256504, 0.010772092267870903, 0.010845304466784, 0.010792546905577183, 0.010680067352950573, 0.01066691055893898, 0.010856461711227894, 0.010859789326786995, 0.010878198780119419, 0.010971788316965103, 0.010925414972007275, 0.010948516428470612, 0.010813162662088871, 0.010736889205873013, 0.010962731204926968, 0.010638680309057236, 0.010745324194431305, 0.010894332081079483, 0.01078735664486885, 0.010926448740065098, 0.01094946451485157, 0.010604407638311386, 0.010799643583595753, 0.010714498348534107, 0.010591990314424038, 0.010689942166209221, 0.010859129019081593, 0.010730369947850704, 0.010620461776852608, 0.010562228038907051, 0.010683197528123856, 0.01066021341830492, 0.010665065608918667, 0.010723455809056759, 0.010721727274358273, 0.010799448937177658, 0.010702373459935188, 0.010827707126736641, 0.010826710611581802, 0.010615887120366096, 0.010746093466877937, 0.010772227309644222, 0.010782438330352306, 0.010703162290155888, 0.010638692416250706, 0.010873431339859962, 0.01056975219398737, 0.010629161261022091, 0.01099278312176466, 0.010807475075125694, 0.010948024690151215, 0.010767493396997452, 0.0109483627602458, 0.011036284267902374, 0.01071273535490036, 0.010903340764343739, 0.010872926563024521, 0.010979094542562962, 0.010838472284376621, 0.010727167129516602, 0.010920205153524876, 0.010767534375190735, 0.010898186825215816, 0.010754745453596115, 0.010609785094857216, 0.010616902261972427, 0.010909237898886204, 0.010773787274956703, 0.010772721841931343, 0.010932274162769318, 0.01069194171577692, 0.010505384765565395, 0.010717641562223434, 0.010737420991063118], "bpp_loss": [5.2092790603637695, 5.238922595977783, 5.2216796875, 5.203767776489258, 5.19701623916626, 5.20112943649292, 5.209843635559082, 5.218669891357422, 5.22292947769165, 5.221848011016846, 5.216628551483154, 5.2099103927612305, 5.204550743103027, 5.201733589172363, 5.202545166015625, 5.206419467926025, 5.211023330688477, 5.214659214019775, 5.215872764587402, 5.215084552764893, 5.2118096351623535, 5.207764148712158, 5.204353332519531, 5.202237606048584, 5.202426433563232, 5.204500198364258, 5.206885814666748, 5.208949089050293, 5.210411548614502, 5.20985746383667, 5.208956241607666, 5.20713996887207, 5.204965114593506, 5.203661918640137, 5.203631401062012, 5.204281806945801, 5.205580234527588, 5.207141876220703, 5.207408905029297, 5.206991195678711, 5.205954074859619, 5.204532146453857, 5.203535079956055, 5.20293664932251, 5.202760219573975, 5.203404426574707, 5.204385757446289, 5.205138206481934, 5.205519676208496, 5.205365180969238, 5.204375743865967, 5.203273773193359, 5.202268600463867, 5.202160835266113, 5.202231407165527, 5.20357084274292, 5.2045488357543945, 5.204730033874512, 5.2045416831970215, 5.203439235687256, 5.202374458312988, 5.201807975769043, 5.201533794403076, 5.202093124389648, 5.202968597412109, 5.204005718231201, 5.2038397789001465, 5.203284740447998, 5.202126979827881, 5.200885772705078, 5.200524806976318, 5.2006988525390625, 5.201998710632324, 5.202901840209961, 5.2034010887146, 5.203115463256836, 5.202393054962158, 5.2012200355529785, 5.201056003570557, 5.201181888580322, 5.201597690582275, 5.201761245727539, 5.201932430267334, 5.202114105224609, 5.201266288757324, 5.200625896453857, 5.200596332550049, 5.200995445251465, 5.201595306396484, 5.2018537521362305, 5.20135498046875, 5.2007155418396, 5.199824333190918, 5.200026035308838, 5.200894355773926, 5.2018656730651855, 5.202019214630127, 5.2016191482543945, 5.200963973999023, 5.199949741363525],