{"loss": [6.165591716766357, 6.917366981506348, 6.389435768127441, 6.391410827636719, 6.515939712524414, 6.42757511138916, 6.316854953765869, 6.359555721282959, 6.412581443786621, 6.365161895751953, 6.293346881866455, 6.265377044677734, 6.2875213623046875, 6.330015659332275, 6.318307876586914, 6.2812700271606445, 6.2548322677612305, 6.268366813659668, 6.277978897094727, 6.268083572387695, 6.237194538116455, 6.245312690734863, 6.267626762390137, 6.2619242668151855, 6.232227802276611, 6.227233409881592, 6.220518112182617, 6.215179920196533, 6.24122428894043, 6.240271091461182, 6.2380218505859375, 6.230896949768066, 6.219963073730469, 6.246112823486328, 6.215800762176514, 6.222574710845947, 6.215307235717773, 6.226128578186035, 6.218602657318115, 6.219575881958008, 6.209155082702637, 6.211268424987793, 6.2242817878723145, 6.224218845367432, 6.220187664031982, 6.217836380004883, 6.220874309539795, 6.220575332641602, 6.222137928009033, 6.218425750732422, 6.213450908660889, 6.216341495513916, 6.2061381340026855, 6.227235317230225, 6.214537620544434, 6.221115589141846, 6.227866172790527, 6.222058296203613, 6.214622497558594, 6.231469631195068, 6.216959476470947, 6.217992782592773, 6.234434127807617, 6.216574192047119, 6.188153266906738, 6.203120231628418, 6.199150562286377, 6.2199931144714355, 6.220624923706055, 6.212336540222168, 6.207129955291748, 6.222398281097412, 6.201992988586426, 6.212137222290039, 6.218212604522705, 6.22740364074707, 6.217859268188477, 6.214993476867676, 6.2282023429870605, 6.234707832336426, 6.212447643280029, 6.224376678466797, 6.221567153930664, 6.221818923950195, 6.206179141998291, 6.202764987945557, 6.23275089263916, 6.215435028076172, 6.214995384216309, 6.2148237228393555, 6.2153143882751465, 6.212784767150879, 6.2131667137146, 6.1931304931640625, 6.216519832611084, 6.226783275604248, 6.222122669219971, 6.222723007202148, 6.222297668457031, 6.221584796905518], "adaptive_loss": [0.010006078518927097, 0.017229335382580757, 0.012117153964936733, 0.012310001067817211, 0.013619277626276016, 0.01270350068807602, 0.011515365913510323, 0.011864924803376198, 0.012349969707429409, 0.011882112361490726, 0.011208233423531055, 0.010987342335283756, 0.011263329535722733, 0.011719094589352608, 0.011600972153246403, 0.011202190071344376, 0.010896961204707623, 0.010995795950293541, 0.011078150942921638, 0.01099023874849081, 0.010708056390285492, 0.010827720165252686, 0.011085611768066883, 0.011048467829823494, 0.010746674612164497, 0.01068152952939272, 0.010593034327030182, 0.010517431423068047, 0.010768058709800243, 0.010766343213617802, 0.01076353807002306, 0.010714533738791943, 0.010619604960083961, 0.010885893367230892, 0.010576101019978523, 0.01063102763146162, 0.010548903606832027, 0.010651681572198868, 0.010581587441265583, 0.01060172263532877, 0.010508979670703411, 0.010537711903452873, 0.010673809796571732, 0.010668397881090641, 0.010621828027069569, 0.010593380779027939, 0.010625891387462616, 0.010631312616169453, 0.010657129809260368, 0.01062593050301075, 0.01058064866811037, 0.0106074633076787, 0.010493642650544643, 0.01069602183997631, 0.01056425366550684, 0.010630382224917412, 0.010710971429944038, 0.010666344314813614, 0.01059962809085846, 0.010770363733172417, 0.010616506449878216, 0.010618014261126518, 0.010775277391076088, 0.010600508190691471, 0.010325768031179905, 0.010482891462743282, 0.010451531037688255, 0.010659726336598396, 0.010662286542356014, 0.010568897239863873, 0.010514367371797562, 0.010671798139810562, 0.010475647635757923, 0.010586888529360294, 0.010649338364601135, 0.010738958604633808, 0.010639406740665436, 0.01060638390481472, 0.010734353214502335, 0.010799990966916084, 0.010581906884908676, 0.010711371898651123, 0.010687454603612423, 0.01069801114499569, 0.010542860254645348, 0.010501238517463207, 0.010794154368340969, 0.010615456849336624, 0.010608607903122902, 0.010611231438815594, 0.010622339323163033, 0.010600689798593521, 0.010604595765471458, 0.010399855673313141, 0.010632432997226715, 0.010739061050117016, 0.010700803250074387, 0.010715937241911888, 0.010716812685132027, 0.010706915520131588], "bpp_loss": [5.164983749389648, 5.194433689117432, 5.177720546722412, 5.1604108810424805, 5.1540117263793945, 5.157225131988525, 5.165318489074707, 5.173063278198242, 5.177584648132324, 5.176950931549072, 5.172523498535156, 5.166642665863037, 5.161188125610352, 5.158106327056885, 5.158210754394531, 5.161050796508789, 5.165135860443115, 5.168787479400635, 5.170163631439209, 5.169059753417969, 5.166388988494873, 5.162540912628174, 5.1590657234191895, 5.157077312469482, 5.157560348510742, 5.159080505371094, 5.161214828491211, 5.1634368896484375, 5.164418697357178, 5.163636684417725, 5.161668300628662, 5.1594438552856445, 5.158002853393555, 5.1575236320495605, 5.158190727233887, 5.1594719886779785, 5.160416603088379, 5.160960674285889, 5.1604437828063965, 5.159403324127197, 5.158257007598877, 5.157497406005859, 5.156900882720947, 5.157379150390625, 5.1580047607421875, 5.158498287200928, 5.158285140991211, 5.157444000244141, 5.1564249992370605, 5.155832767486572, 5.155385971069336, 5.155595302581787, 5.156774044036865, 5.157633304595947, 5.158112525939941, 5.158077239990234, 5.156769275665283, 5.155423641204834, 5.154659748077393, 5.154433250427246, 5.155308723449707, 5.156191349029541, 5.1569061279296875, 5.15652322769165, 5.155576229095459, 5.1548309326171875, 5.153997421264648, 5.154020309448242, 5.1543965339660645, 5.155446529388428, 5.155693054199219, 5.155218601226807, 5.154428005218506, 5.153448581695557, 5.153278827667236, 5.153507709503174, 5.153918743133545, 5.154355049133301, 5.154767036437988, 5.1547088623046875, 5.154256820678711, 5.1532392501831055, 5.1528215408325195, 5.152018070220947, 5.151893138885498, 5.152641296386719, 5.1533355712890625, 5.153889179229736, 5.154134750366211, 5.153700828552246, 5.153080463409424, 5.152715682983398, 5.152707099914551, 5.153144836425781, 5.153276443481445, 5.152877330780029, 5.152042388916016, 5.151129245758057, 5.15061616897583, 5.150893211364746],