{"loss": [3.9122302532196045, 4.273037910461426, 4.163625240325928, 4.073720932006836, 4.059059143066406, 4.114948272705078, 4.103188991546631, 4.089550495147705, 4.057907581329346, 4.044832706451416, 4.038242816925049, 4.036559104919434, 4.050721645355225, 4.0593061447143555, 4.049228191375732, 4.0383687019348145, 4.01642370223999, 4.014951705932617, 4.0178985595703125, 4.021134376525879, 4.005837917327881, 4.011194229125977, 4.012990951538086, 3.9951233863830566, 4.006292343139648, 3.999629259109497, 4.005410194396973, 4.000754356384277, 3.9890856742858887, 3.9926912784576416, 3.9980664253234863, 3.9994776248931885, 4.003413200378418, 3.9896340370178223, 3.995241641998291, 3.9873626232147217, 3.990896463394165, 3.993335485458374, 4.005512714385986, 3.9942591190338135, 3.995218276977539, 3.9861979484558105, 3.994856834411621, 3.981825351715088, 3.9865236282348633, 3.9980788230895996, 3.9818825721740723, 3.9929418563842773, 4.0067596435546875, 3.996042013168335, 3.9829864501953125, 3.9888219833374023, 3.989198684692383, 3.9966888427734375, 3.9818227291107178, 3.9809517860412598, 3.985137462615967, 3.990985870361328, 3.9977447986602783, 3.99356746673584, 3.9904823303222656, 3.9846742153167725, 3.983642816543579, 3.99507737159729, 3.9840595722198486, 3.9775495529174805, 3.9845972061157227, 3.990311622619629, 3.9825873374938965, 3.9858298301696777, 3.9827487468719482, 3.9894001483917236, 3.9862051010131836, 3.9785351753234863, 3.9904661178588867, 3.98740291595459, 3.9857981204986572, 3.994788408279419, 3.9872183799743652, 3.98569655418396, 3.9919052124023438, 3.990902900695801, 3.9946842193603516, 3.9893648624420166, 3.9962000846862793, 3.9907588958740234, 3.998202085494995, 3.9899368286132812, 3.987663984298706, 3.986210584640503, 3.9895691871643066, 3.992927074432373, 3.9826345443725586, 3.987604856491089, 3.993572235107422, 3.9921727180480957, 3.9860055446624756, 3.9928274154663086, 3.994398593902588, 3.988924980163574], "adaptive_loss": [0.0063405949622392654, 0.009932867251336575, 0.008850242011249065, 0.007967607118189335, 0.007832770235836506, 0.008405013009905815, 0.008300292305648327, 0.008173307403922081, 0.00786609761416912, 0.007743448484688997, 0.007682453375309706, 0.007669444661587477, 0.007812315132468939, 0.007898342795670033, 0.007798077538609505, 0.007690569385886192, 0.007471404038369656, 0.007455822546035051, 0.0074846865609288216, 0.007517543155699968, 0.007365006022155285, 0.007419161964207888, 0.007437630090862513, 0.007260610815137625, 0.0073727453127503395, 0.007307157851755619, 0.007366185076534748, 0.0073211765848100185, 0.00720593798905611, 0.007242788560688496, 0.0072971307672560215, 0.007312955800443888, 0.007353247608989477, 0.00721574854105711, 0.007271090988069773, 0.007193674799054861, 0.007229173090308905, 0.0072539448738098145, 0.007377009838819504, 0.007265122607350349, 0.007273792289197445, 0.007183291483670473, 0.007270222529768944, 0.007139286492019892, 0.007187527138739824, 0.0073043848387897015, 0.007143534719944, 0.007254937198013067, 0.007394121959805489, 0.0072890762239694595, 0.00715938676148653, 0.007220495957881212, 0.00722507806494832, 0.007299980614334345, 0.0071511720307171345, 0.007141739130020142, 0.007181893568485975, 0.007239989470690489, 0.007307286839932203, 0.007266698405146599, 0.007236445788294077, 0.007179098669439554, 0.00717040104791522, 0.007283354178071022, 0.007173524703830481, 0.007108649238944054, 0.0071790204383432865, 0.007236373145133257, 0.007158869411796331, 0.007191777229309082, 0.0071620033122599125, 0.007230117451399565, 0.0071987188421189785, 0.0071227154694497585, 0.007244335953146219, 0.007214635610580444, 0.00719850230962038, 0.0072871060110628605, 0.007213091943413019, 0.00719710998237133, 0.007258696015924215, 0.007249156478792429, 0.007286497391760349, 0.007234547287225723, 0.007303837686777115, 0.0072506205178797245, 0.0073262769728899, 0.007243391126394272, 0.007222327403724194, 0.007207714952528477, 0.007241562940180302, 0.007274942472577095, 0.007171271834522486, 0.007219962775707245, 0.00727789755910635, 0.007264231331646442, 0.0072024185210466385, 0.0072709619998931885, 0.007287008222192526, 0.007233362179249525], "bpp_loss": [3.2781708240509033, 3.2797510623931885, 3.2786011695861816, 3.2769603729248047, 3.2757821083068848, 3.274446725845337, 3.2731597423553467, 3.272219657897949, 3.2712976932525635, 3.2704877853393555, 3.2699975967407227, 3.2696144580841064, 3.2694902420043945, 3.269472122192383, 3.2694203853607178, 3.2693116664886475, 3.2692832946777344, 3.269369602203369, 3.269430160522461, 3.2693798542022705, 3.2693371772766113, 3.269278049468994, 3.2692277431488037, 3.2690622806549072, 3.2690179347991943, 3.268913507461548, 3.268791675567627, 3.26863694190979, 3.2684919834136963, 3.2684123516082764, 3.2683534622192383, 3.2681820392608643, 3.2680885791778564, 3.268059253692627, 3.2681326866149902, 3.2679951190948486, 3.267979145050049, 3.2679409980773926, 3.2678117752075195, 3.267746925354004, 3.267839193344116, 3.267868757247925, 3.2678346633911133, 3.2678966522216797, 3.267770767211914, 3.2676403522491455, 3.267529249191284, 3.2674481868743896, 3.267347574234009, 3.267134428024292, 3.267047643661499, 3.266772508621216, 3.266690731048584, 3.266690731048584, 3.2667055130004883, 3.266777753829956, 3.2669479846954346, 3.266986846923828, 3.2670161724090576, 3.266897678375244, 3.2668378353118896, 3.2667644023895264, 3.2666027545928955, 3.266741991043091, 3.266707181930542, 3.2666847705841064, 3.266695261001587, 3.266674280166626, 3.266700267791748, 3.2666521072387695, 3.2665483951568604, 3.266388416290283, 3.2663331031799316, 3.266263484954834, 3.2660324573516846, 3.265939474105835, 3.2659478187561035, 3.266077756881714, 3.265909194946289, 3.2659854888916016, 3.266035556793213, 3.2659873962402344, 3.2660343647003174, 3.2659101486206055, 3.2658164501190186, 3.2656967639923096, 3.2655744552612305, 3.2655975818634033, 3.2654311656951904, 3.265439033508301, 3.2654128074645996, 3.265432834625244, 3.265507459640503, 3.265608549118042, 3.265782594680786, 3.26574969291687, 3.265763759613037, 3.2657310962677, 3.265697717666626, 3.2655887603759766],