{
  "compressed_layers": 21,
  "compressed_params": 11678912,
  "fp32_bits": 373725184.0,
  "use_codes": false,
  "metadata_bits": 63270.0,
  "estimated_bits": 36587610.20703125,
  "actual_bits": null,
  "estimated_bits_per_param": 3.1327926956750125,
  "actual_bits_per_param": null,
  "estimated_compression_ratio": 10.214528412357993,
  "actual_compression_ratio": null,
  "weighted_mse": 1.2067092919174347e-05,
  "eval_before": {
    "top1": 69.764,
    "top5": 89.07,
    "num_samples": 50000.0
  },
  "eval_after": {
    "top1": 56.074,
    "top5": 79.184,
    "num_samples": 50000.0
  }
}