{
  "wikitext2": 11.687333106994629,
  "c4": 15.250215530395508
}