{
  "wikitext2": 8.449414253234863,
  "c4": 11.438995361328125
}