{
  "wikitext2": 7.987156867980957,
  "c4": 10.693965911865234
}