{
  "wikitext2": 7.903125762939453,
  "c4": 10.570728302001953
}