{
  "wikitext2": 7.904009819030762,
  "c4": 10.570932388305664
}