{
  "QTIP_no_e2e": {
    "bpp": [
      2,
      3,
      4,
      5,
      6
    ],
    "ppl_wikitext2": [
      4.85748815536499,
      4.0934553146362305,
      3.919222831726074,
      3.8850903511047363,
      3.8842527866363525
    ],
    "zeroshot": [
      0.7395994160250483,
      0.7639054555867199,
      0.7642116031524646,
      null,
      0.7690492462012951
    ],
    "commonsense": [
      0.7165950786466454,
      0.7428748078903472,
      0.7446734480894451,
      null,
      0.7486716233779299
    ],
    "mmlu": [
      0.6174334140435835,
      0.6652186298248113,
      0.6757584389688078,
      null,
      0.6759720837487537
    ],
    "qat": [
      0.6635656634090684,
      0.6929350225110839,
      0.6960530859821275,
      null,
      0.699869519211089
    ]
  },
  "NWC_ql_ldlq128_rnorm_ft": {
    "bpp": [
      2.3122283596164435,
      2.6786651388672005,
      3.175263356807526,
      3.961783277196778,
      4.784590525120046,
      5.985403801639749
    ],
    "ppl_wikitext2": [
      5.004480361938477,
      4.467855453491211,
      4.130506992340088,
      3.934939384460449,
      3.872077703475952,
      3.8505172729492188
    ],
    "ppl_c4": [
      6.896612167358398,
      7.344486236572266,
      7.061641693115234,
      6.932510852813721,
      7.903808116912842,
      6.884520530700684
    ]
  }
}