{
  "compressed_layers": 21,
  "compressed_params": 11678912,
  "fp32_bits": 373725184.0,
  "use_codes": false,
  "metadata_bits": 63296.0,
  "estimated_bits": 36742395.333984375,
  "actual_bits": null,
  "estimated_bits_per_param": 3.1460460815172144,
  "actual_bits_per_param": null,
  "estimated_compression_ratio": 10.17149754671351,
  "actual_compression_ratio": null,
  "weighted_mse": 2.6927411474246702e-05,
  "eval_before": {
    "top1": 69.764,
    "top5": 89.07,
    "num_samples": 50000.0
  },
  "eval_after": {
    "top1": 69.01,
    "top5": 88.718,
    "num_samples": 50000.0
  }
}