{
  "compressed_layers": 21,
  "compressed_params": 11678912,
  "fp32_bits": 373725184.0,
  "use_codes": false,
  "metadata_bits": 63270.0,
  "estimated_bits": 34176778.251953125,
  "actual_bits": null,
  "estimated_bits_per_param": 2.9263666214757955,
  "actual_bits_per_param": null,
  "estimated_compression_ratio": 10.935061849448681,
  "actual_compression_ratio": null,
  "weighted_mse": 1.611281200648304e-05,
  "eval_before": {
    "top1": 69.764,
    "top5": 89.07,
    "num_samples": 50000.0
  },
  "eval_after": {
    "top1": 48.894,
    "top5": 73.292,
    "num_samples": 50000.0
  }
}