{
  "wikitext2": 7.936089515686035,
  "c4": 9.618080139160156,
  "ptb": 29.90487289428711
}