{
  "wikitext2": 6.9867448806762695,
  "c4": 8.760348320007324,
  "ptb": 27.900489807128906
}