{
    "t=1": {
        "mses": [
            0.2360027536988129,
            0.2360027536988129,
            0.2360014194763478,
            0.23599730783643771,
            0.2359893492985538,
            0.23598754338249145,
            0.23598143203085606,
            0.2359793039430205,
            0.23596049453006104
        ],
        "mse_from_npy": [
            0.5166087935821165,
            0.5166087935821165,
            0.516606421194518,
            0.5166024579830462,
            0.5165989221525059,
            0.5165963092907949,
            0.5165719607939859,
            0.5165714638929396,
            0.5165463445115976
        ],
        "bpps": [
            1.3446484375,
            1.3446484375,
            1.3446796875,
            1.3447890625,
            1.3449296875,
            1.344984375,
            1.3451328125,
            1.3451796875,
            1.34540625
        ]
    },
    "t=1.2": {
        "mses": [
            0.3427075531512862,
            0.3427075531512862,
            0.34270465540031114,
            0.34270090072888826,
            0.34269467996740643,
            0.34267658714665017,
            0.3426620294471355,
            0.34260851491223154,
            0.34245957917993275
        ],
        "mse_from_npy": [
            0.5599392919623936,
            0.5599392919623936,
            0.559935747503825,
            0.5599316091946811,
            0.5599306111002751,
            0.5599031555514551,
            0.5598706853580813,
            0.5598129908454367,
            0.5596381024646795
        ],
        "bpps": [
            1.2240078125,
            1.2240078125,
            1.22409375,
            1.224171875,
            1.2242890625,
            1.224484375,
            1.2246484375,
            1.225078125,
            1.226140625
        ]
    },
    "t=1.5": {
        "mses": [
            0.5114381064385259,
            0.5114381064385259,
            0.5114363387589607,
            0.5114188052375335,
            0.5113321687993391,
            0.5111852128303075,
            0.5108043906110463,
            0.5100105696196154,
            0.5080657117386742
        ],
        "mse_from_npy": [
            0.6593504566030365,
            0.6593504566030365,
            0.6593477566169392,
            0.6593264071420483,
            0.65923231406791,
            0.6590579575147424,
            0.6586162693222052,
            0.6577386568738604,
            0.65557711312181
        ],
        "bpps": [
            1.033828125,
            1.033828125,
            1.0338671875,
            1.0340703125,
            1.0347265625,
            1.035734375,
            1.037859375,
            1.04115625,
            1.0483828125
        ]
    },
    "t=2": {
        "mses": [
            0.7407627852400003,
            0.7407627852400003,
            0.7406649949633151,
            0.7396512405995626,
            0.7365996432614688,
            0.7274946133598035,
            0.7150761250470489,
            0.6982965398751203,
            0.6752212715537206
        ],
        "mse_from_npy": [
            0.8178827668232272,
            0.8178827668232272,
            0.8177796606910526,
            0.816692588740644,
            0.8134703185991373,
            0.8039458620402762,
            0.7910564517470092,
            0.7736243856247766,
            0.7494177429308172
        ],
        "bpps": [
            0.688453125,
            0.688453125,
            0.6890546875,
            0.693984375,
            0.7059140625,
            0.735671875,
            0.7745,
            0.825546875,
            0.888421875
        ]
    },
    "t=2.5": {
        "mses": [
            0.870049664638505,
            0.870049664638505,
            0.8680709878675108,
            0.8551507140745821,
            0.8364900667697615,
            0.8118690543098674,
            0.7843437061926686,
            0.750544204717041,
            0.7179092884211583
        ],
        "mse_from_npy": [
            0.909996821143291,
            0.909996821143291,
            0.9079671177446675,
            0.8948774749304983,
            0.8759055933314992,
            0.8507965676987616,
            0.822545591695433,
            0.7878884469821588,
            0.7544547386232342
        ],
        "bpps": [
            0.4114140625,
            0.4114140625,
            0.4194609375,
            0.46509375,
            0.525390625,
            0.5969921875,
            0.6702109375,
            0.75871875,
            0.8491015625
        ]
    },
    "t=3": {
        "mses": [
            0.9331718385258365,
            0.9331718385258365,
            0.9255818106641075,
            0.8976871453531948,
            0.8652882021895903,
            0.8306644984527554,
            0.8001526644654772,
            0.7658079324087853,
            0.7329355879512536
        ],
        "mse_from_npy": [
            0.9543655360125947,
            0.9543655360125947,
            0.9467118471574315,
            0.918686404017903,
            0.8859669726757156,
            0.8509646163996063,
            0.8201438740557634,
            0.785347186435744,
            0.7519597111978324
        ],
        "bpps": [
            0.268703125,
            0.268703125,
            0.2959140625,
            0.37875,
            0.4696015625,
            0.5618828125,
            0.64475,
            0.737796875,
            0.836890625
        ]
    },
    "t=3.5": {
        "mses": [
            0.9635668872127603,
            0.9635668872127603,
            0.9495266760184785,
            0.9127335394089955,
            0.876672250253772,
            0.8410023099936466,
            0.8086337427983714,
            0.7729870259087456,
            0.7410013845558171
        ],
        "mse_from_npy": [
            0.9756553111084701,
            0.9756553111084701,
            0.9615762167298947,
            0.9247730204000681,
            0.888706329099273,
            0.8529071552237505,
            0.8203431757273563,
            0.7843282721834958,
            0.7518799580234689
        ],
        "bpps": [
            0.2087265625,
            0.2087265625,
            0.252875,
            0.3539375,
            0.4504765625,
            0.546296875,
            0.6330234375,
            0.730796875,
            0.82965625
        ]
    },
    "t=4": {
        "mses": [
            0.9789202659285501,
            0.9789202659285501,
            0.9620023260320294,
            0.9209016180123486,
            0.8825692318970912,
            0.8443439882311154,
            0.8116852317046083,
            0.7770671335043184,
            0.742685167569819
        ],
        "mse_from_npy": [
            0.985838818605257,
            0.985838818605257,
            0.9690093413136628,
            0.92806586520189,
            0.8898349537946184,
            0.851491212359716,
            0.8186933927758175,
            0.7838628045559332,
            0.7490804193414171
        ],
        "bpps": [
            0.18415625,
            0.18415625,
            0.2347890625,
            0.3413984375,
            0.4408125,
            0.540078125,
            0.627640625,
            0.7265859375,
            0.8275625
        ]
    },
    "t=5": {
        "mses": [
            0.9911727491528214,
            0.9911727491528214,
            0.9723545445022932,
            0.9268852971731368,
            0.8867038119632541,
            0.8479466828243717,
            0.8151645064546545,
            0.7793885640519036,
            0.7443327638694037
        ],
        "mse_from_npy": [
            0.9936050916531763,
            0.9936050916531763,
            0.9750030246598852,
            0.9300044724553166,
            0.8900723815261966,
            0.8513267376356991,
            0.8185559086970674,
            0.7826685407240167,
            0.74755147707734
        ],