{
  "wikitext2": 5.601992130279541,
  "c4": 7.2610273361206055
}