{
  "wikitext2": 4.916544437408447,
  "c4": 6.509835243225098
}