{
  "wikitext2": 13.348846435546875,
  "c4": 18.73523712158203
}