{
    "ppl": {
        "wikitext2": 6.147614479064941,
        "c4": 8.901545524597168
    }
}