{
    "ppl": {
        "wikitext2": 6.154661178588867,
        "c4": 8.915331840515137
    }
}