{
    "ppl": {
        "wikitext2": 6.151166915893555,
        "c4": 8.904563903808594
    }
}