{
    "ppl": {
        "wikitext2": 6.177572250366211,
        "c4": 8.951584815979004
    }
}