{
    "ppl": {
        "wikitext2": 6.253126621246338,
        "c4": 9.079610824584961
    }
}