{
    "ppl": {
        "wikitext2": 6.502776145935059,
        "c4": 9.570544242858887
    }
}