{
    "ppl": {
        "wikitext2": 6.148306846618652,
        "c4": 8.902764320373535
    }
}