{
  "compressed_layers": 21,
  "compressed_params": 11678912,
  "fp32_bits": 373725184.0,
  "use_codes": false,
  "metadata_bits": 63296.0,
  "estimated_bits": 58508662.98828125,
  "actual_bits": null,
  "estimated_bits_per_param": 5.009770001544771,
  "actual_bits_per_param": null,
  "estimated_compression_ratio": 6.387518786318083,
  "actual_compression_ratio": null,
  "weighted_mse": 3.839367722848084e-06,
  "eval_before": {
    "top1": 69.764,
    "top5": 89.07,
    "num_samples": 50000.0
  },
  "eval_after": {
    "top1": 68.012,
    "top5": 88.216,
    "num_samples": 50000.0
  }
}