{
    "t=1": {
        "mses": [
            0.2183556999995846,
            0.2183556999995846,
            0.21829495763500759,
            0.2181650741383863,
            0.21798431494454573,
            0.21754156670055616,
            0.21697165747037736,
            0.21612331850402472,
            0.21503518542041483
        ],
        "mse_from_npy": [
            0.5709013400126707,
            0.5709013400126707,
            0.5708313264504701,
            0.570686526772708,
            0.5704889182827706,
            0.5699965287046915,
            0.5693678758073729,
            0.5684470272307448,
            0.5672649307809814
        ],
        "bpps": [
            1.1306875,
            1.1306875,
            1.13224609375,
            1.134984375,
            1.138580078125,
            1.144638671875,
            1.1523125,
            1.162478515625,
            1.17471875
        ]
    },
    "t=1.2": {
        "mses": [
            0.30030516571547555,
            0.30030516571547555,
            0.30014676738889423,
            0.29968301339039244,
            0.2989205695717016,
            0.2979306081609737,
            0.29633624673825837,
            0.2944183389222451,
            0.29113862323982576
        ],
        "mse_from_npy": [
            0.5887240308251186,
            0.5887240308251186,
            0.5885550899246144,
            0.5880521308130758,
            0.5872348744406862,
            0.586194196964588,
            0.5845176776537603,
            0.5824844836762793,
            0.5789875493179409
        ],
        "bpps": [
            0.98763671875,
            0.98763671875,
            0.990708984375,
            0.997310546875,
            1.006876953125,
            1.018291015625,
            1.0339375,
            1.051650390625,
            1.07593359375
        ]
    },
    "t=1.5": {
        "mses": [
            0.42296137720686555,
            0.42296137720686555,
            0.4221643348808272,
            0.4206381062481644,
            0.4186265760551278,
            0.41529504941085577,
            0.4088927550567036,
            0.40147943377604467,
            0.392411050371604
        ],
        "mse_from_npy": [
            0.6382725258367463,
            0.6382725258367463,
            0.637440266415885,
            0.6358714670984255,
            0.6338085849176129,
            0.6303583361112212,
            0.623658168089962,
            0.6159285733339998,
            0.6063865394881919
        ],
        "bpps": [
            0.788005859375,
            0.788005859375,
            0.797955078125,
            0.81378125,
            0.83214453125,
            0.858267578125,
            0.89642578125,
            0.9400390625,
            0.99113671875
        ]
    },
    "t=2": {
        "mses": [
            0.6037793048396872,
            0.6037793048396872,
            0.6004940050649001,
            0.5928888823686295,
            0.5834528510420605,
            0.5733653508430013,
            0.5621397943663079,
            0.5509025721246469,
            0.5373931427364921
        ],
        "mse_from_npy": [
            0.7399757089369162,
            0.7399757089369162,
            0.7366474988166115,
            0.7289295992283752,
            0.7193287916420454,
            0.709033574391873,
            0.697563421659633,
            0.6859466451936188,
            0.6718637429504816
        ],
        "bpps": [
            0.53250390625,
            0.53250390625,
            0.558357421875,
            0.60571875,
            0.658685546875,
            0.715232421875,
            0.7745625,
            0.835568359375,
            0.9027578125
        ]
    },
    "t=2.5": {
        "mses": [
            0.7447071731338218,
            0.7447071731338218,
            0.7350017050360598,
            0.7228284657873286,
            0.7094653713611773,
            0.6945753396018695,
            0.6775188872120061,
            0.6583780207510758,
            0.6355234176720429
        ],
        "mse_from_npy": [
            0.8328967849867358,
            0.8328967849867358,
            0.8231407172772736,
            0.8109066103598946,
            0.7973521943279016,
            0.7821310655321883,
            0.7645896588258144,
            0.7447216422125167,
            0.7207813202388427
        ],
        "bpps": [
            0.3733828125,
            0.3733828125,
            0.427935546875,
            0.492171875,
            0.556705078125,
            0.62628125,
            0.69840234375,
            0.774857421875,
            0.858412109375
        ]
    },
    "t=3": {
        "mses": [
            0.8444932814935155,
            0.8444932814935155,
            0.8294479643652225,
            0.8122819428699878,
            0.792724593643783,
            0.7700110001225869,
            0.7445070918127727,
            0.7179833456177817,
            0.6899598830751964
        ],
        "mse_from_npy": [
            0.9028653940624558,
            0.9028653940624558,
            0.8877726106443045,
            0.8704205727765622,
            0.8505393079667771,
            0.8272530254434358,
            0.8008648023416118,
            0.7735534337938524,
            0.744483718642771
        ],
        "bpps": [
            0.2697890625,
            0.2697890625,
            0.340994140625,
            0.41574609375,
            0.491447265625,
            0.57391796875,
            0.65909765625,
            0.746720703125,
            0.83790625
        ]
    },
    "t=3.5": {
        "mses": [
            0.9106123947328396,
            0.9106123947328396,
            0.8904074291335852,
            0.8658364022018283,
            0.839483332765958,
            0.8115368008620547,
            0.781872921358449,
            0.7508734602929185,
            0.7183882448993884
        ],
        "mse_from_npy": [
            0.9506717072552202,
            0.9506717072552202,
            0.9303780387443503,
            0.9054738127567376,
            0.8786054844531788,
            0.850090852142723,
            0.8197369283111562,
            0.7879348944065739,
            0.7543979488155833
        ],
        "bpps": [
            0.205646484375,
            0.205646484375,
            0.286326171875,
            0.371607421875,
            0.458921875,
            0.547712890625,
            0.637517578125,
            0.73146875,
            0.826677734375
        ]
    },
    "t=4": {
        "mses": [
            0.9526535800933785,
            0.9526535800933785,
            0.9253723600993836,
            0.8957034097886885,
            0.8648853757715753,
            0.8322434210010607,
            0.7984188055362458,
            0.7641610278485477,
            0.7311328713967424
        ],
        "mse_from_npy": [
            0.9800303950341833,
            0.9800303950341833,
            0.9525264008373485,
            0.9224397577081521,
            0.891189245149454,
            0.8580808046512463,
            0.823654636165278,
            0.7885919421346699,
            0.7545604727933471
        ],
        "bpps": [
            0.16588671875,
            0.16588671875,
            0.256580078125,
            0.347875,
            0.439822265625,
            0.534314453125,
            0.62795703125,
            0.7235,
            0.822181640625
        ]
    },
    "t=5": {
        "mses": [
            0.9943435986920287,
            0.9943435986920287,
            0.9566248123466199,
            0.9204854751547779,
            0.8818101704825033,
            0.8422542456466083,
            0.8046595067615023,
            0.769433357208648,
            0.7368898922867011
        ],