{
  "QTIP_no_e2e": {
    "ppl_wikitext2": [
      15.513915061950684,
      11.951549530029297,
      11.220853805541992,
      11.186739921569824,
      11.106709480285645,
      11.1015625
    ],
    "ppl_c4": [
      18.392675399780273,
      15.241390228271484,
      14.713655471801758,
      14.618612289428711,
      14.623266220092773,
      14.60366153717041
    ],
    "zeroshot": [
      0.6039292138212143,
      0.662425370204058,
      0.6758806128836647,
      0.6808351905854654,
      0.6795199325017163,
      0.6785632868653121
    ],
    "commonsense": [
      0.5786577346140074,
      0.636250710979648,
      0.6494550483450974,
      0.6539323992447755,
      0.6529525295577105,
      0.6522051157390182
    ],
    "mmlu": [
      0.49786355220054124,
      0.5827517447657029,
      0.5980629539951574,
      0.6029055690072639,
      0.6048995869534254,
      0.6014100555476428
    ],
    "bpp": [
      2,
      3,
      4,
      5,
      6,
      7
    ]
  },
  "NWC_ql_ldlq128_rnorm_ft": {
    "bpp": [
      1.4866547492288409,
      2.305583594633,
      2.6720943528981436,
      3.169662787445954,
      3.957077749428295,
      4.780493611735957,
      5.985442032416661,
      6.351901960514841
    ],
    "ppl_wikitext2": [
      120.48391723632812,
      15.528154373168945,
      13.242801666259766,
      11.934012413024902,
      11.256174087524414,
      11.17859172821045,
      11.089018821716309,
      11.065159797668457
    ],
    "ppl_c4": [
      172.3354949951172,
      18.706497192382812,
      16.28917694091797,
      15.300298690795898,
      14.724664688110352,
      14.574065208435059,
      14.50007438659668,
      14.495681762695312
    ],
    "zeroshot": [
      0.4368539142130647,
      0.6232290005586896,
      0.6538257912801265,
      0.6753461790153663,
      0.6699210356479502,
      0.6763778275651682,
      0.679878997688522,
      0.6785184661918424
    ],
    "commonsense": [
      0.41219270783771456,
      0.5941268027293999,
      0.6257318094034249,
      0.6466529185481236,
      0.6444057491848169,
      0.6505166753310611,
      0.6534509140599597,
      0.6525494952448451
    ],
    "mmlu": [
      0.24690215069078478,
      0.47308075772681957,
      0.5319042871385843,
      0.5828941746190002,
      0.5939324882495371,
      0.6040450078336419,
      0.6025494943740208,
      0.6051132317333713
    ]
  }
}