{
  "wikitext2": 5.028642177581787,
  "c4": 6.615954875946045,
  "ptb": 29.853973388671875
}