{
  "wikitext2": 4.903945446014404,
  "c4": 6.488811492919922
}