{
  "compressed_layers": 21,
  "compressed_params": 11678912,
  "fp32_bits": 373725184.0,
  "use_codes": false,
  "metadata_bits": 63296.0,
  "estimated_bits": 69776855.38671875,
  "actual_bits": null,
  "estimated_bits_per_param": 5.97460237620754,
  "actual_bits_per_param": null,
  "estimated_compression_ratio": 5.356004966528406,
  "actual_compression_ratio": null,
  "weighted_mse": 6.953617960675536e-07,
  "eval_before": {
    "top1": 69.764,
    "top5": 89.07,
    "num_samples": 50000.0
  },
  "eval_after": {
    "top1": 69.694,
    "top5": 89.056,
    "num_samples": 50000.0
  }
}