{
    "t=1": {
        "mses": [
            0.2358274604068501,
            0.2358274604068501,
            0.2358274604068501,
            0.2358274604068501,
            0.2358274604068501,
            0.2358274604068501,
            0.2358274604068501,
            0.2358274604068501,
            0.2358274604068501
        ],
        "mse_from_npy": [
            0.5235590429145549,
            0.5235590429145549,
            0.5235590429145549,
            0.5235590429145549,
            0.5235590429145549,
            0.5235590429145549,
            0.5235590429145549,
            0.5235590429145549,
            0.5235590429145549
        ],
        "bpps": [
            1.2734202880859375,
            1.2734202880859375,
            1.2734202880859375,
            1.2734202880859375,
            1.2734202880859375,
            1.2734202880859375,
            1.2734202880859375,
            1.2734202880859375,
            1.2734202880859375
        ]
    },
    "t=1.2": {
        "mses": [
            0.3425182529788599,
            0.3425182529788599,
            0.3425182529788599,
            0.3425182529788599,
            0.3425182529788599,
            0.3425182529788599,
            0.3425182529788599,
            0.3425182529788599,
            0.3425182529788599
        ],
        "mse_from_npy": [
            0.5654672655107373,
            0.5654672655107373,
            0.5654672655107373,
            0.5654672655107373,
            0.5654672655107373,
            0.5654672655107373,
            0.5654672655107373,
            0.5654672655107373,
            0.5654672655107373
        ],
        "bpps": [
            1.1548351135253907,
            1.1548351135253907,
            1.1548351135253907,
            1.1548351135253907,
            1.1548351135253907,
            1.1548351135253907,
            1.1548351135253907,
            1.1548351135253907,
            1.1548351135253907
        ]
    },
    "t=1.5": {
        "mses": [
            0.5122173089028242,
            0.5122173089028242,
            0.5122173089028242,
            0.5122173089028242,
            0.5122173089028242,
            0.5122173089028242,
            0.5122173089028242,
            0.5122173089028242,
            0.5092569823859128
        ],
        "mse_from_npy": [
            0.665078227439949,
            0.665078227439949,
            0.665078227439949,
            0.665078227439949,
            0.665078227439949,
            0.665078227439949,
            0.665078227439949,
            0.665078227439949,
            0.661753177759779
        ],
        "bpps": [
            0.965819580078125,
            0.965819580078125,
            0.965819580078125,
            0.965819580078125,
            0.965819580078125,
            0.965819580078125,
            0.965819580078125,
            0.965819580078125,
            0.9726818237304687
        ]
    },
    "t=2": {
        "mses": [
            0.7435679741373351,
            0.7435679741373351,
            0.7435679741373351,
            0.7435679741373351,
            0.7373941189721882,
            0.7238215700473368,
            0.7117636592924422,
            0.694922324040074,
            0.6602860165716236
        ],
        "mse_from_npy": [
            0.8242937356697736,
            0.8242937356697736,
            0.8242937356697736,
            0.8242937356697736,
            0.8178072662596959,
            0.8036913254554237,
            0.7912463349016083,
            0.7735377484416313,
            0.7360411657383822
        ],
        "bpps": [
            0.6187160034179687,
            0.6187160034179687,
            0.6187160034179687,
            0.6187160034179687,
            0.6354057312011718,
            0.6744002380371094,
            0.7125254516601562,
            0.7597547912597656,
            0.83506787109375
        ]
    },
    "t=2.5": {
        "mses": [
            0.8753750518663175,
            0.8753750518663175,
            0.8664208909614102,
            0.8542515223142181,
            0.8399027717572408,
            0.8004017413347987,
            0.7563174623447061,
            0.7147268717195502,
            0.6808476901115785
        ],
        "mse_from_npy": [
            0.9174975685603539,
            0.9174975685603539,
            0.9084537683804014,
            0.8961935333753784,
            0.881525410883809,
            0.8400072235166491,
            0.7940536786616157,
            0.7509754088506467,
            0.7158966440429992
        ],
        "bpps": [
            0.34194021606445313,
            0.34194021606445313,
            0.370420166015625,
            0.4137086791992188,
            0.45224288940429686,
            0.5392318115234375,
            0.6362235412597657,
            0.7343109436035157,
            0.8296797180175781
        ]
    },
    "t=3": {
        "mses": [
            0.9401946908829856,
            0.9401946908829856,
            0.9255948654171512,
            0.8836501013441586,
            0.8386571446788408,
            0.7965991103568828,
            0.7605941698812908,
            0.7249936719990117,
            0.6907342841817296
        ],
        "mse_from_npy": [
            0.9626525840545018,
            0.9626525840545018,
            0.9480680217987598,
            0.9049498987455163,
            0.8589311949168317,
            0.8160249612822816,
            0.7793890668637778,
            0.7432697274999382,
            0.7084871682745015
        ],
        "bpps": [
            0.1985951232910156,
            0.1985951232910156,
            0.24820974731445314,
            0.337576171875,
            0.4377199401855469,
            0.5359341125488282,
            0.6280681762695313,
            0.7277974548339844,
            0.8277225341796876
        ]
    },
    "t=3.5": {
        "mses": [
            0.970794033941449,
            0.970794033941449,
            0.930967392201069,
            0.8835644343764786,
            0.8426621401808843,
            0.8018737668642348,
            0.7671508459802934,
            0.7331459448760448,
            0.700705300704347
        ],
        "mse_from_npy": [
            0.9835771817107252,
            0.9835771817107252,
            0.9432423670771454,
            0.8951983056359853,
            0.8538277644625928,
            0.8127310432105619,
            0.7777309166181804,
            0.7434062131620811,
            0.7105322205595862
        ],
        "bpps": [
            0.14232839965820313,
            0.14232839965820313,
            0.22943511962890625,
            0.335962890625,
            0.43188720703125,
            0.528419921875,
            0.6261689453125,
            0.7255414123535157,
            0.825439697265625
        ]
    },
    "t=4": {
        "mses": [
            0.9868054247682406,
            0.9868054247682406,
            0.9372156284477406,
            0.88878161624456,
            0.8441219576973159,
            0.8087446596299452,
            0.7725586216091203,
            0.7389185381781307,
            0.7090944291004241
        ],
        "mse_from_npy": [
            0.9940707791924075,
            0.9940707791924075,
            0.9441191373964922,
            0.8954365896179008,
            0.8506525024575673,
            0.8151647276840686,
            0.7788056865006358,
            0.7449198550655366,
            0.714815698851532
        ],
        "bpps": [
            0.12119430541992188,
            0.12119430541992188,
            0.22547720336914062,
            0.32905160522460936,
            0.43132208251953125,
            0.5258784484863281,
            0.6227221069335938,
            0.7232023010253906,
            0.8229242553710937
        ]
    },