{
  "wikitext2": 17.294837951660156,
  "c4": 20.557415008544922
}