{
  "wikitext2": 11.202425003051758,
  "c4": 14.62918758392334
}