{
  "0_q.pt": {
    "mse": 9.528513146506157e-06,
    "num_pixels": 9437184
  },
  "0_k.pt": {
    "mse": 1.3007882444071583e-05,
    "num_pixels": 3145728
  },
  "0_v.pt": {
    "mse": 8.061937251113704e-07,
    "num_pixels": 3145728
  },
  "0_o.pt": {
    "mse": 9.087756893677579e-07,
    "num_pixels": 9437184
  },
  "0_up.pt": {
    "mse": 1.3628960005007684e-06,
    "num_pixels": 25165824
  },
  "0_gate.pt": {
    "mse": 1.5310951084757107e-06,
    "num_pixels": 25165824
  },
  "0_down.pt": {
    "mse": 1.2762736787408357e-06,
    "num_pixels": 25165824
  },
  "1_q.pt": {
    "mse": 3.702401727423421e-06,
    "num_pixels": 9437184
  },
  "1_k.pt": {
    "mse": 6.306283012236236e-06,
    "num_pixels": 3145728
  },
  "1_v.pt": {
    "mse": 8.258272714556369e-07,
    "num_pixels": 3145728
  },
  "1_o.pt": {
    "mse": 1.124585651268717e-06,
    "num_pixels": 9437184
  },
  "1_up.pt": {
    "mse": 1.4665741900898865e-06,
    "num_pixels": 25165824
  },
  "1_gate.pt": {
    "mse": 1.68662825217325e-06,
    "num_pixels": 25165824
  },
  "1_down.pt": {
    "mse": 1.0615193559715408e-06,
    "num_pixels": 25165824
  },
  "2_q.pt": {
    "mse": 2.828506012519938e-06,
    "num_pixels": 9437184
  },
  "2_k.pt": {
    "mse": 4.786852059623925e-06,
    "num_pixels": 3145728
  },
  "2_v.pt": {
    "mse": 6.005261639074888e-07,
    "num_pixels": 3145728
  },
  "2_o.pt": {
    "mse": 7.848466339055449e-07,
    "num_pixels": 9437184
  },
  "2_up.pt": {
    "mse": 1.339176606052206e-06,
    "num_pixels": 25165824
  },
  "2_gate.pt": {
    "mse": 1.5901985079835868e-06,
    "num_pixels": 25165824
  },
  "2_down.pt": {
    "mse": 1.190803459394374e-06,
    "num_pixels": 25165824
  },
  "3_q.pt": {
    "mse": 2.5363447093695868e-06,
    "num_pixels": 9437184
  },
  "3_k.pt": {
    "mse": 4.218434241920477e-06,
    "num_pixels": 3145728
  },
  "3_v.pt": {
    "mse": 7.482710202566523e-07,
    "num_pixels": 3145728
  },
  "3_o.pt": {
    "mse": 9.837857533057104e-07,
    "num_pixels": 9437184
  },
  "3_up.pt": {
    "mse": 1.2570058061101008e-06,
    "num_pixels": 25165824
  },
  "3_gate.pt": {
    "mse": 1.6645047935526236e-06,
    "num_pixels": 25165824
  },
  "3_down.pt": {
    "mse": 1.112938207370462e-06,
    "num_pixels": 25165824
  },
  "4_q.pt": {
    "mse": 2.6340774184063775e-06,
    "num_pixels": 9437184
  },
  "4_k.pt": {
    "mse": 4.0806003198667895e-06,
    "num_pixels": 3145728
  },
  "4_v.pt": {
    "mse": 8.350438065463095e-07,
    "num_pixels": 3145728
  },
  "4_o.pt": {
    "mse": 1.122281560128613e-06,
    "num_pixels": 9437184
  },
  "4_up.pt": {
    "mse": 1.1463304190328927e-06,
    "num_pixels": 25165824
  },
  "4_gate.pt": {
    "mse": 1.7396695284332964e-06,
    "num_pixels": 25165824
  },
  "4_down.pt": {
    "mse": 1.0969412187478156e-06,
    "num_pixels": 25165824
  },
  "5_q.pt": {
    "mse": 2.6540608359937323e-06,
    "num_pixels": 9437184
  },
  "5_k.pt": {
    "mse": 4.459900992515031e-06,
    "num_pixels": 3145728
  },
  "5_v.pt": {
    "mse": 6.12952305800718e-07,
    "num_pixels": 3145728
  },
  "5_o.pt": {
    "mse": 9.131741194323695e-07,
    "num_pixels": 9437184
  },
  "5_up.pt": {
    "mse": 1.1466456726338947e-06,
    "num_pixels": 25165824
  },
  "5_gate.pt": {
    "mse": 1.634351747270557e-06,
    "num_pixels": 25165824
  },
  "5_down.pt": {
    "mse": 1.11628446575196e-06,
    "num_pixels": 25165824
  },
  "6_q.pt": {
    "mse": 2.658360472196364e-06,
    "num_pixels": 9437184
  },
  "6_k.pt": {
    "mse": 4.207485289953183e-06,
    "num_pixels": 3145728
  },
  "6_v.pt": {
    "mse": 6.647809414062067e-07,
    "num_pixels": 3145728
  },
  "6_o.pt": {
    "mse": 9.245890737474838e-07,
    "num_pixels": 9437184
  },
  "6_up.pt": {
    "mse": 1.149632453234517e-06,
    "num_pixels": 25165824
  },
  "6_gate.pt": {
    "mse": 1.6012357946237898e-06,
    "num_pixels": 25165824
  },
  "6_down.pt": {
    "mse": 1.1147302529934677e-06,
    "num_pixels": 25165824
  },
  "7_q.pt": {
    "mse": 2.5007061594806146e-06,
    "num_pixels": 9437184
  },
  "7_k.pt": {
    "mse": 4.466039627004648e-06,
    "num_pixels": 3145728
  },
  "7_v.pt": {
    "mse": 6.335985744954087e-07,
    "num_pixels": 3145728
  },
  "7_o.pt": {
    "mse": 9.894837376123178e-07,
    "num_pixels": 9437184
  },
  "7_up.pt": {
    "mse": 1.1589283985813381e-06,
    "num_pixels": 25165824
  },
  "7_gate.pt": {
    "mse": 1.4974992836869205e-06,
    "num_pixels": 25165824
  },
  "7_down.pt": {
    "mse": 1.1358141591699678e-06,
    "num_pixels": 25165824
  },
  "8_q.pt": {
    "mse": 2.492169187462423e-06,
    "num_pixels": 9437184
  },
  "8_k.pt": {
    "mse": 4.247475771990139e-06,
    "num_pixels": 3145728
  },
  "8_v.pt": {
    "mse": 6.427253538277e-07,
    "num_pixels": 3145728
  },
  "8_o.pt": {
    "mse": 9.888431122817565e-07,
    "num_pixels": 9437184
  },
  "8_up.pt": {
    "mse": 1.1422700936236652e-06,
    "num_pixels": 25165824
  },
  "8_gate.pt": {
    "mse": 1.4985726011218503e-06,
    "num_pixels": 25165824
  },
  "8_down.pt": {
    "mse": 1.1183489050381468e-06,
    "num_pixels": 25165824
  },
  "9_q.pt": {
    "mse": 2.405654868198326e-06,
    "num_pixels": 9437184
  },
  "9_k.pt": {
    "mse": 4.147274466959061e-06,
    "num_pixels": 3145728
  },
  "9_v.pt": {
    "mse": 7.5554726208793e-07,
    "num_pixels": 3145728
  },
  "9_o.pt": {
    "mse": 1.1368706509529147e-06,
    "num_pixels": 9437184
  },
  "9_up.pt": {
    "mse": 1.1819474821095355e-06,
    "num_pixels": 25165824
  },
  "9_gate.pt": {
    "mse": 1.4836593891232042e-06,
    "num_pixels": 25165824
  },
  "9_down.pt": {
    "mse": 1.1443480616435409e-06,
    "num_pixels": 25165824
  },
  "10_q.pt": {
    "mse": 2.3490579224016983e-06,
    "num_pixels": 9437184
  },
  "10_k.pt": {
    "mse": 4.090168658876792e-06,
    "num_pixels": 3145728
  },
  "10_v.pt": {
    "mse": 5.826794335916929e-07,
    "num_pixels": 3145728
  },
  "10_o.pt": {
    "mse": 1.011897211355972e-06,
    "num_pixels": 9437184
  },
  "10_up.pt": {
    "mse": 1.1985900982836029e-06,
    "num_pixels": 25165824
  },
  "10_gate.pt": {
    "mse": 1.3998136410009465e-06,
    "num_pixels": 25165824
  },
  "10_down.pt": {
    "mse": 1.1519726967890165e-06,
    "num_pixels": 25165824
  },
  "11_q.pt": {
    "mse": 2.35228026213008e-06,
    "num_pixels": 9437184
  },
  "11_k.pt": {
    "mse": 3.9629599086765666e-06,
    "num_pixels": 3145728
  },
  "11_v.pt": {
    "mse": 8.188178526324918e-07,
    "num_pixels": 3145728
  },
  "11_o.pt": {
    "mse": 1.1149119245601469e-06,
    "num_pixels": 9437184
  },
  "11_up.pt": {
    "mse": 1.2347084066277603e-06,
    "num_pixels": 25165824
  },
  "11_gate.pt": {
    "mse": 1.371688995277509e-06,
    "num_pixels": 25165824
  },
  "11_down.pt": {
    "mse": 1.1833283224405022e-06,
    "num_pixels": 25165824
  },
  "12_q.pt": {
    "mse": 2.410877641523257e-06,
    "num_pixels": 9437184
  },
  "12_k.pt": {
    "mse": 4.059073035023175e-06,
    "num_pixels": 3145728
  },
  "12_v.pt": {
    "mse": 6.5651965996949e-07,
    "num_pixels": 3145728
  },
  "12_o.pt": {
    "mse": 1.0109195045515662e-06,
    "num_pixels": 9437184
  },
  "12_up.pt": {
    "mse": 1.2707137102552224e-06,
    "num_pixels": 25165824
  },
  "12_gate.pt": {
    "mse": 1.37636789077078e-06,
    "num_pixels": 25165824
  },
  "12_down.pt": {
    "mse": 1.2079382258889382e-06,
    "num_pixels": 25165824
  },
  "13_q.pt": {
    "mse": 2.301209178767749e-06,
    "num_pixels": 9437184
  },
  "13_k.pt": {
    "mse": 4.09939639212098e-06,
    "num_pixels": 3145728
  },
  "13_v.pt": {
    "mse": 7.167138278418861e-07,
    "num_pixels": 3145728
  },
  "13_o.pt": {
    "mse": 1.1278556257821037e-06,
    "num_pixels": 9437184
  },
  "13_up.pt": {
    "mse": 1.2862190033047227e-06,
    "num_pixels": 25165824
  },
  "13_gate.pt": {
    "mse": 1.4305624063126743e-06,
    "num_pixels": 25165824
  },
  "13_down.pt": {
    "mse": 1.2444138519640546e-06,
    "num_pixels": 25165824
  },
  "14_q.pt": {
    "mse": 2.718142923185951e-06,