{
  "0_q.pt": {
    "mse": 9.525808309263084e-06,
    "num_pixels": 9437184
  },
  "0_k.pt": {
    "mse": 1.3008672794967424e-05,
    "num_pixels": 3145728
  },
  "0_v.pt": {
    "mse": 8.060637810558546e-07,
    "num_pixels": 3145728
  },
  "0_o.pt": {
    "mse": 9.085781584872166e-07,
    "num_pixels": 9437184
  },
  "0_up.pt": {
    "mse": 1.3625043493448175e-06,
    "num_pixels": 25165824
  },
  "0_gate.pt": {
    "mse": 1.5306918612623122e-06,
    "num_pixels": 25165824
  },
  "0_down.pt": {
    "mse": 1.276118837267859e-06,
    "num_pixels": 25165824
  },
  "1_q.pt": {
    "mse": 3.7018262446508743e-06,
    "num_pixels": 9437184
  },
  "1_k.pt": {
    "mse": 6.302740985120181e-06,
    "num_pixels": 3145728
  },
  "1_v.pt": {
    "mse": 8.256511137005873e-07,
    "num_pixels": 3145728
  },
  "1_o.pt": {
    "mse": 1.1242793789278949e-06,
    "num_pixels": 9437184
  },
  "1_up.pt": {
    "mse": 1.4665237131339381e-06,
    "num_pixels": 25165824
  },
  "1_gate.pt": {
    "mse": 1.6865003544808133e-06,
    "num_pixels": 25165824
  },
  "1_down.pt": {
    "mse": 1.0615052588036633e-06,
    "num_pixels": 25165824
  },
  "2_q.pt": {
    "mse": 2.8285846838116413e-06,
    "num_pixels": 9437184
  },
  "2_k.pt": {
    "mse": 4.787846592080314e-06,
    "num_pixels": 3145728
  },
  "2_v.pt": {
    "mse": 6.008907007526432e-07,
    "num_pixels": 3145728
  },
  "2_o.pt": {
    "mse": 7.846684866308351e-07,
    "num_pixels": 9437184
  },
  "2_up.pt": {
    "mse": 1.339063828709186e-06,
    "num_pixels": 25165824
  },
  "2_gate.pt": {
    "mse": 1.5899971685939818e-06,
    "num_pixels": 25165824
  },
  "2_down.pt": {
    "mse": 1.1906043937415234e-06,
    "num_pixels": 25165824
  },
  "3_q.pt": {
    "mse": 2.5358674520248314e-06,
    "num_pixels": 9437184
  },
  "3_k.pt": {
    "mse": 4.216141860524658e-06,
    "num_pixels": 3145728
  },
  "3_v.pt": {
    "mse": 7.4825766205322e-07,
    "num_pixels": 3145728
  },
  "3_o.pt": {
    "mse": 9.838744290391332e-07,
    "num_pixels": 9437184
  },
  "3_up.pt": {
    "mse": 1.2568398233270273e-06,
    "num_pixels": 25165824
  },
  "3_gate.pt": {
    "mse": 1.664361661823932e-06,
    "num_pixels": 25165824
  },
  "3_down.pt": {
    "mse": 1.112807922254433e-06,
    "num_pixels": 25165824
  },
  "4_q.pt": {
    "mse": 2.6339619125792524e-06,
    "num_pixels": 9437184
  },
  "4_k.pt": {
    "mse": 4.080176495335763e-06,
    "num_pixels": 3145728
  },
  "4_v.pt": {
    "mse": 8.350295956915943e-07,
    "num_pixels": 3145728
  },
  "4_o.pt": {
    "mse": 1.1216450275242096e-06,
    "num_pixels": 9437184
  },
  "4_up.pt": {
    "mse": 1.1463807823020034e-06,
    "num_pixels": 25165824
  },
  "4_gate.pt": {
    "mse": 1.7387517345923698e-06,
    "num_pixels": 25165824
  },
  "4_down.pt": {
    "mse": 1.0967880825774046e-06,
    "num_pixels": 25165824
  },
  "5_q.pt": {
    "mse": 2.653961246323888e-06,
    "num_pixels": 9437184
  },
  "5_k.pt": {
    "mse": 4.457323939277558e-06,
    "num_pixels": 3145728
  },
  "5_v.pt": {
    "mse": 6.129924940978526e-07,
    "num_pixels": 3145728
  },
  "5_o.pt": {
    "mse": 9.128691544901812e-07,
    "num_pixels": 9437184
  },
  "5_up.pt": {
    "mse": 1.1465710940683493e-06,
    "num_pixels": 25165824
  },
  "5_gate.pt": {
    "mse": 1.6341895161531284e-06,
    "num_pixels": 25165824
  },
  "5_down.pt": {
    "mse": 1.1163112958456622e-06,
    "num_pixels": 25165824
  },
  "6_q.pt": {
    "mse": 2.65796347775904e-06,
    "num_pixels": 9437184
  },
  "6_k.pt": {
    "mse": 4.2099522943317425e-06,
    "num_pixels": 3145728
  },
  "6_v.pt": {
    "mse": 6.651448529737536e-07,
    "num_pixels": 3145728
  },
  "6_o.pt": {
    "mse": 9.250272796634817e-07,
    "num_pixels": 9437184
  },
  "6_up.pt": {
    "mse": 1.1495370699776686e-06,
    "num_pixels": 25165824
  },
  "6_gate.pt": {
    "mse": 1.6012731975934003e-06,
    "num_pixels": 25165824
  },
  "6_down.pt": {
    "mse": 1.1146794349770062e-06,
    "num_pixels": 25165824
  },
  "7_q.pt": {
    "mse": 2.5014232960529625e-06,
    "num_pixels": 9437184
  },
  "7_k.pt": {
    "mse": 4.461851858650334e-06,
    "num_pixels": 3145728
  },
  "7_v.pt": {
    "mse": 6.334125259854773e-07,
    "num_pixels": 3145728
  },
  "7_o.pt": {
    "mse": 9.895517223412753e-07,
    "num_pixels": 9437184
  },
  "7_up.pt": {
    "mse": 1.1587180779315531e-06,
    "num_pixels": 25165824
  },
  "7_gate.pt": {
    "mse": 1.4975437352404697e-06,
    "num_pixels": 25165824
  },
  "7_down.pt": {
    "mse": 1.135664206231013e-06,
    "num_pixels": 25165824
  },
  "8_q.pt": {
    "mse": 2.493497731848038e-06,
    "num_pixels": 9437184
  },
  "8_k.pt": {
    "mse": 4.246092430548742e-06,
    "num_pixels": 3145728
  },
  "8_v.pt": {
    "mse": 6.425979108826141e-07,
    "num_pixels": 3145728
  },
  "8_o.pt": {
    "mse": 9.886495035971166e-07,
    "num_pixels": 9437184
  },
  "8_up.pt": {
    "mse": 1.1422275747463573e-06,
    "num_pixels": 25165824
  },
  "8_gate.pt": {
    "mse": 1.4984070730861276e-06,
    "num_pixels": 25165824
  },
  "8_down.pt": {
    "mse": 1.1182842172274832e-06,
    "num_pixels": 25165824
  },
  "9_q.pt": {
    "mse": 2.406701469226391e-06,
    "num_pixels": 9437184
  },
  "9_k.pt": {
    "mse": 4.148420885030646e-06,
    "num_pixels": 3145728
  },
  "9_v.pt": {
    "mse": 7.550357850050204e-07,
    "num_pixels": 3145728
  },
  "9_o.pt": {
    "mse": 1.1372022754585487e-06,
    "num_pixels": 9437184
  },
  "9_up.pt": {
    "mse": 1.1819163319159998e-06,
    "num_pixels": 25165824
  },
  "9_gate.pt": {
    "mse": 1.4836999753242708e-06,
    "num_pixels": 25165824
  },
  "9_down.pt": {
    "mse": 1.144321458923514e-06,
    "num_pixels": 25165824
  },
  "10_q.pt": {
    "mse": 2.3478730781789636e-06,
    "num_pixels": 9437184
  },
  "10_k.pt": {
    "mse": 4.089537469553761e-06,
    "num_pixels": 3145728
  },
  "10_v.pt": {
    "mse": 5.828112534800312e-07,
    "num_pixels": 3145728
  },
  "10_o.pt": {
    "mse": 1.0119938451680355e-06,
    "num_pixels": 9437184
  },
  "10_up.pt": {
    "mse": 1.198307472805027e-06,
    "num_pixels": 25165824
  },
  "10_gate.pt": {
    "mse": 1.4000158898852533e-06,
    "num_pixels": 25165824
  },
  "10_down.pt": {
    "mse": 1.1518538940435974e-06,
    "num_pixels": 25165824
  },
  "11_q.pt": {
    "mse": 2.3527511530119227e-06,
    "num_pixels": 9437184
  },
  "11_k.pt": {
    "mse": 3.963891685998533e-06,
    "num_pixels": 3145728
  },
  "11_v.pt": {
    "mse": 8.184082389561809e-07,
    "num_pixels": 3145728
  },
  "11_o.pt": {
    "mse": 1.1151512353535509e-06,
    "num_pixels": 9437184
  },
  "11_up.pt": {
    "mse": 1.2344089554972015e-06,
    "num_pixels": 25165824
  },
  "11_gate.pt": {
    "mse": 1.3717785805056337e-06,
    "num_pixels": 25165824
  },
  "11_down.pt": {
    "mse": 1.1831468782474985e-06,
    "num_pixels": 25165824
  },
  "12_q.pt": {
    "mse": 2.4125183699652553e-06,
    "num_pixels": 9437184
  },
  "12_k.pt": {
    "mse": 4.056327270518523e-06,
    "num_pixels": 3145728
  },
  "12_v.pt": {
    "mse": 6.56291376799345e-07,
    "num_pixels": 3145728
  },
  "12_o.pt": {
    "mse": 1.0111621122632641e-06,
    "num_pixels": 9437184
  },
  "12_up.pt": {
    "mse": 1.2706062761935755e-06,
    "num_pixels": 25165824
  },
  "12_gate.pt": {
    "mse": 1.3760854926658794e-06,
    "num_pixels": 25165824
  },
  "12_down.pt": {
    "mse": 1.208060439239489e-06,
    "num_pixels": 25165824
  },
  "13_q.pt": {
    "mse": 2.3024661004455993e-06,
    "num_pixels": 9437184
  },
  "13_k.pt": {
    "mse": 4.099445050087525e-06,
    "num_pixels": 3145728
  },
  "13_v.pt": {
    "mse": 7.164156841099611e-07,
    "num_pixels": 3145728
  },
  "13_o.pt": {
    "mse": 1.1279272484898684e-06,
    "num_pixels": 9437184
  },
  "13_up.pt": {
    "mse": 1.2862117273471085e-06,
    "num_pixels": 25165824
  },
  "13_gate.pt": {
    "mse": 1.4305342119769193e-06,
    "num_pixels": 25165824
  },
  "13_down.pt": {
    "mse": 1.2441918215699843e-06,
    "num_pixels": 25165824
  },