{
  "compressed_layers": 21,
  "compressed_params": 11678912,
  "fp32_bits": 373725184.0,
  "use_codes": false,
  "metadata_bits": 63296.0,
  "estimated_bits": 26882354.4765625,
  "actual_bits": null,
  "estimated_bits_per_param": 2.3017858578403962,
  "actual_bits_per_param": null,
  "estimated_compression_ratio": 13.902248939014399,
  "actual_compression_ratio": null,
  "weighted_mse": 8.207734792088358e-05,
  "eval_before": {
    "top1": 69.764,
    "top5": 89.07,
    "num_samples": 50000.0
  },
  "eval_after": {
    "top1": 67.152,
    "top5": 87.476,
    "num_samples": 50000.0
  }
}