{
  "wikitext2": 12.779995918273926,
  "c4": 16.8093204498291
}