{
  "wikitext2": 7.29583215713501,
  "c4": 10.370158195495605
}