{
  "wikitext2": 6.492353916168213,
  "c4": 9.33539867401123
}