{
  "wikitext2": 22.67292022705078,
  "c4": 28.40492057800293
}