{
  "0_q.pt": {
    "mse": 0.0029030132573097944,
    "num_pixels": 4194304
  },
  "0_k.pt": {
    "mse": 0.004875969607383013,
    "num_pixels": 1048576
  },
  "0_v.pt": {
    "mse": 0.000188287187484093,
    "num_pixels": 1048576
  },
  "0_o.pt": {
    "mse": 0.0002946464519482106,
    "num_pixels": 4194304
  },
  "0_up.pt": {
    "mse": 0.000662467849906534,
    "num_pixels": 16777216
  },
  "0_gate.pt": {
    "mse": 0.0008323741494677961,
    "num_pixels": 16777216
  },
  "0_down.pt": {
    "mse": 0.000653657247312367,
    "num_pixels": 16777216
  },
  "1_q.pt": {
    "mse": 0.0017352646682411432,
    "num_pixels": 4194304
  },
  "1_k.pt": {
    "mse": 0.003527715802192688,
    "num_pixels": 1048576
  },
  "1_v.pt": {
    "mse": 0.00021099357400089502,
    "num_pixels": 1048576
  },
  "1_o.pt": {
    "mse": 0.0003638537600636482,
    "num_pixels": 4194304
  },
  "1_up.pt": {
    "mse": 0.0006560304900631309,
    "num_pixels": 16777216
  },
  "1_gate.pt": {
    "mse": 0.0009039579308591783,
    "num_pixels": 16777216
  },
  "1_down.pt": {
    "mse": 0.000640805228613317,
    "num_pixels": 16777216
  },
  "2_q.pt": {
    "mse": 0.0016856805887073278,
    "num_pixels": 4194304
  },
  "2_k.pt": {
    "mse": 0.003121121320873499,
    "num_pixels": 1048576
  },
  "2_v.pt": {
    "mse": 0.0002937084645964205,
    "num_pixels": 1048576
  },
  "2_o.pt": {
    "mse": 0.0003734902711585164,
    "num_pixels": 4194304
  },
  "2_up.pt": {
    "mse": 0.0005984121817164123,
    "num_pixels": 16777216
  },
  "2_gate.pt": {
    "mse": 0.0009571947739459574,
    "num_pixels": 16777216
  },
  "2_down.pt": {
    "mse": 0.0006103310734033585,
    "num_pixels": 16777216
  },
  "3_q.pt": {
    "mse": 0.0016449581598863006,
    "num_pixels": 4194304
  },
  "3_k.pt": {
    "mse": 0.002971083391457796,
    "num_pixels": 1048576
  },
  "3_v.pt": {
    "mse": 0.00040995897143147886,
    "num_pixels": 1048576
  },
  "3_o.pt": {
    "mse": 0.00047986768186092377,
    "num_pixels": 4194304
  },
  "3_up.pt": {
    "mse": 0.0005659562302753329,
    "num_pixels": 16777216
  },
  "3_gate.pt": {
    "mse": 0.0011304989457130432,
    "num_pixels": 16777216
  },
  "3_down.pt": {
    "mse": 0.0005563375307247043,
    "num_pixels": 16777216
  },
  "4_q.pt": {
    "mse": 0.0015443972079083323,
    "num_pixels": 4194304
  },
  "4_k.pt": {
    "mse": 0.0028843102045357227,
    "num_pixels": 1048576
  },
  "4_v.pt": {
    "mse": 0.00037976523162797093,
    "num_pixels": 1048576
  },
  "4_o.pt": {
    "mse": 0.00047982754767872393,
    "num_pixels": 4194304
  },
  "4_up.pt": {
    "mse": 0.0005564595921896398,
    "num_pixels": 16777216
  },
  "4_gate.pt": {
    "mse": 0.0012102921027690172,
    "num_pixels": 16777216
  },
  "4_down.pt": {
    "mse": 0.0005465387948788702,
    "num_pixels": 16777216
  },
  "5_q.pt": {
    "mse": 0.0014580399729311466,
    "num_pixels": 4194304
  },
  "5_k.pt": {
    "mse": 0.0029401544015854597,
    "num_pixels": 1048576
  },
  "5_v.pt": {
    "mse": 0.0002701804623939097,
    "num_pixels": 1048576
  },
  "5_o.pt": {
    "mse": 0.0003941227332688868,
    "num_pixels": 4194304
  },
  "5_up.pt": {
    "mse": 0.0005718083120882511,
    "num_pixels": 16777216
  },
  "5_gate.pt": {
    "mse": 0.0010619566310197115,
    "num_pixels": 16777216
  },
  "5_down.pt": {
    "mse": 0.0005579693242907524,
    "num_pixels": 16777216
  },
  "6_q.pt": {
    "mse": 0.001311031635850668,
    "num_pixels": 4194304
  },
  "6_k.pt": {
    "mse": 0.0031383149325847626,
    "num_pixels": 1048576
  },
  "6_v.pt": {
    "mse": 0.00036591399111784995,
    "num_pixels": 1048576
  },
  "6_o.pt": {
    "mse": 0.0004413600545376539,
    "num_pixels": 4194304
  },
  "6_up.pt": {
    "mse": 0.0005603703903034329,
    "num_pixels": 16777216
  },
  "6_gate.pt": {
    "mse": 0.0010129539296030998,
    "num_pixels": 16777216
  },
  "6_down.pt": {
    "mse": 0.0005403083050623536,
    "num_pixels": 16777216
  },
  "7_q.pt": {
    "mse": 0.0014916090294718742,
    "num_pixels": 4194304
  },
  "7_k.pt": {
    "mse": 0.0030860432889312506,
    "num_pixels": 1048576
  },
  "7_v.pt": {
    "mse": 0.00039812480099499226,
    "num_pixels": 1048576
  },
  "7_o.pt": {
    "mse": 0.0004689242923632264,
    "num_pixels": 4194304
  },
  "7_up.pt": {
    "mse": 0.0005924985744059086,
    "num_pixels": 16777216
  },
  "7_gate.pt": {
    "mse": 0.0009559922618791461,
    "num_pixels": 16777216
  },
  "7_down.pt": {
    "mse": 0.000566701462958008,
    "num_pixels": 16777216
  },
  "8_q.pt": {
    "mse": 0.0013943265657871962,
    "num_pixels": 4194304
  },
  "8_k.pt": {
    "mse": 0.0031466111540794373,
    "num_pixels": 1048576
  },
  "8_v.pt": {
    "mse": 0.00035664363531395793,
    "num_pixels": 1048576
  },
  "8_o.pt": {
    "mse": 0.00046102498890832067,
    "num_pixels": 4194304
  },
  "8_up.pt": {
    "mse": 0.0006042317254468799,
    "num_pixels": 16777216
  },
  "8_gate.pt": {
    "mse": 0.0009291107417084277,
    "num_pixels": 16777216
  },
  "8_down.pt": {
    "mse": 0.0005729064578190446,
    "num_pixels": 16777216
  },
  "9_q.pt": {
    "mse": 0.0018797109369188547,
    "num_pixels": 4194304
  },
  "9_k.pt": {
    "mse": 0.0029070316813886166,
    "num_pixels": 1048576
  },
  "9_v.pt": {
    "mse": 0.00042924133595079184,
    "num_pixels": 1048576
  },
  "9_o.pt": {
    "mse": 0.0005324920639395714,
    "num_pixels": 4194304
  },
  "9_up.pt": {
    "mse": 0.0006370148621499538,
    "num_pixels": 16777216
  },
  "9_gate.pt": {
    "mse": 0.001018489827401936,
    "num_pixels": 16777216
  },
  "9_down.pt": {
    "mse": 0.0006006951443850994,
    "num_pixels": 16777216
  },
  "10_q.pt": {
    "mse": 0.0015393659705296159,
    "num_pixels": 4194304
  },
  "10_k.pt": {
    "mse": 0.0025583666283637285,
    "num_pixels": 1048576
  },
  "10_v.pt": {
    "mse": 0.0003399606794118881,
    "num_pixels": 1048576
  },
  "10_o.pt": {
    "mse": 0.0004622043634299189,
    "num_pixels": 4194304
  },
  "10_up.pt": {
    "mse": 0.0006486785714514554,
    "num_pixels": 16777216
  },
  "10_gate.pt": {
    "mse": 0.0010132788447663188,
    "num_pixels": 16777216
  },
  "10_down.pt": {
    "mse": 0.0006227312842383981,
    "num_pixels": 16777216
  },
  "11_q.pt": {
    "mse": 0.0015979927266016603,
    "num_pixels": 4194304
  },
  "11_k.pt": {
    "mse": 0.0030106420163065195,
    "num_pixels": 1048576
  },
  "11_v.pt": {
    "mse": 0.000396904069930315,
    "num_pixels": 1048576
  },
  "11_o.pt": {
    "mse": 0.0005032678018324077,
    "num_pixels": 4194304
  },
  "11_up.pt": {
    "mse": 0.0006737543735653162,
    "num_pixels": 16777216
  },
  "11_gate.pt": {
    "mse": 0.0010352199897170067,
    "num_pixels": 16777216
  },
  "11_down.pt": {
    "mse": 0.0006505397032015026,
    "num_pixels": 16777216
  },
  "12_q.pt": {
    "mse": 0.001590910367667675,
    "num_pixels": 4194304
  },
  "12_k.pt": {
    "mse": 0.0027888137847185135,
    "num_pixels": 1048576
  },
  "12_v.pt": {
    "mse": 0.00045226479414850473,
    "num_pixels": 1048576
  },
  "12_o.pt": {
    "mse": 0.0005184224573895335,
    "num_pixels": 4194304
  },
  "12_up.pt": {
    "mse": 0.00070792535552755,
    "num_pixels": 16777216
  },
  "12_gate.pt": {
    "mse": 0.001024157041683793,
    "num_pixels": 16777216
  },
  "12_down.pt": {
    "mse": 0.0006860753055661917,
    "num_pixels": 16777216
  },
  "13_q.pt": {
    "mse": 0.0014973805518820882,
    "num_pixels": 4194304
  },
  "13_k.pt": {
    "mse": 0.002377547323703766,
    "num_pixels": 1048576
  },
  "13_v.pt": {
    "mse": 0.0006298173684626818,
    "num_pixels": 1048576
  },
  "13_o.pt": {
    "mse": 0.0006408860208466649,
    "num_pixels": 4194304
  },
  "13_up.pt": {
    "mse": 0.0007493464509025216,
    "num_pixels": 16777216
  },
  "13_gate.pt": {
    "mse": 0.0009832459036260843,
    "num_pixels": 16777216
  },
  "13_down.pt": {
    "mse": 0.0007175265345722437,
    "num_pixels": 16777216
  },
  "14_q.pt": {
    "mse": 0.001546839950606227,
    "num_pixels": 4194304
  },