{
  "0_q.pt": {
    "mse": 1.0103853128384799e-05,
    "num_pixels": 4194304
  },
  "0_k.pt": {
    "mse": 1.4057379303267226e-05,
    "num_pixels": 1048576
  },
  "0_v.pt": {
    "mse": 4.96894813295512e-07,
    "num_pixels": 1048576
  },
  "0_o.pt": {
    "mse": 8.528157877663034e-07,
    "num_pixels": 4194304
  },
  "0_up.pt": {
    "mse": 1.2668190265685553e-06,
    "num_pixels": 16777216
  },
  "0_gate.pt": {
    "mse": 1.5904262227195431e-06,
    "num_pixels": 16777216
  },
  "0_down.pt": {
    "mse": 1.1823517525044736e-06,
    "num_pixels": 16777216
  },
  "1_q.pt": {
    "mse": 3.6862693377770483e-06,
    "num_pixels": 4194304
  },
  "1_k.pt": {
    "mse": 7.47905232856283e-06,
    "num_pixels": 1048576
  },
  "1_v.pt": {
    "mse": 4.3668094917848066e-07,
    "num_pixels": 1048576
  },
  "1_o.pt": {
    "mse": 8.930608146329178e-07,
    "num_pixels": 4194304
  },
  "1_up.pt": {
    "mse": 1.2384612091409508e-06,
    "num_pixels": 16777216
  },
  "1_gate.pt": {
    "mse": 1.70927546605526e-06,
    "num_pixels": 16777216
  },
  "1_down.pt": {
    "mse": 9.449381082049513e-07,
    "num_pixels": 16777216
  },
  "2_q.pt": {
    "mse": 3.2999244012899e-06,
    "num_pixels": 4194304
  },
  "2_k.pt": {
    "mse": 6.148177362774732e-06,
    "num_pixels": 1048576
  },
  "2_v.pt": {
    "mse": 5.711630137739121e-07,
    "num_pixels": 1048576
  },
  "2_o.pt": {
    "mse": 7.714656931057107e-07,
    "num_pixels": 4194304
  },
  "2_up.pt": {
    "mse": 1.05720471310633e-06,
    "num_pixels": 16777216
  },
  "2_gate.pt": {
    "mse": 1.698331288935151e-06,
    "num_pixels": 16777216
  },
  "2_down.pt": {
    "mse": 1.0694088814489078e-06,
    "num_pixels": 16777216
  },
  "3_q.pt": {
    "mse": 3.0025596515770303e-06,
    "num_pixels": 4194304
  },
  "3_k.pt": {
    "mse": 5.4882657423149794e-06,
    "num_pixels": 1048576
  },
  "3_v.pt": {
    "mse": 7.351406452471565e-07,
    "num_pixels": 1048576
  },
  "3_o.pt": {
    "mse": 1.0023536560765933e-06,
    "num_pixels": 4194304
  },
  "3_up.pt": {
    "mse": 9.879100844045752e-07,
    "num_pixels": 16777216
  },
  "3_gate.pt": {
    "mse": 1.977241936401697e-06,
    "num_pixels": 16777216
  },
  "3_down.pt": {
    "mse": 9.886682619253406e-07,
    "num_pixels": 16777216
  },
  "4_q.pt": {
    "mse": 2.9381321837718133e-06,
    "num_pixels": 4194304
  },
  "4_k.pt": {
    "mse": 5.517225872608833e-06,
    "num_pixels": 1048576
  },
  "4_v.pt": {
    "mse": 7.015247547315084e-07,
    "num_pixels": 1048576
  },
  "4_o.pt": {
    "mse": 1.1120968110844842e-06,
    "num_pixels": 4194304
  },
  "4_up.pt": {
    "mse": 9.735538242239272e-07,
    "num_pixels": 16777216
  },
  "4_gate.pt": {
    "mse": 2.1255414139886852e-06,
    "num_pixels": 16777216
  },
  "4_down.pt": {
    "mse": 9.970830205929815e-07,
    "num_pixels": 16777216
  },
  "5_q.pt": {
    "mse": 2.9264160730235744e-06,
    "num_pixels": 4194304
  },
  "5_k.pt": {
    "mse": 5.950450031377841e-06,
    "num_pixels": 1048576
  },
  "5_v.pt": {
    "mse": 5.314831241776119e-07,
    "num_pixels": 1048576
  },
  "5_o.pt": {
    "mse": 9.12987275114574e-07,
    "num_pixels": 4194304
  },
  "5_up.pt": {
    "mse": 1.0164112609345466e-06,
    "num_pixels": 16777216
  },
  "5_gate.pt": {
    "mse": 1.8936044625661452e-06,
    "num_pixels": 16777216
  },
  "5_down.pt": {
    "mse": 1.0190303783019772e-06,
    "num_pixels": 16777216
  },
  "6_q.pt": {
    "mse": 2.5554709282005206e-06,
    "num_pixels": 4194304
  },
  "6_k.pt": {
    "mse": 6.143254722701386e-06,
    "num_pixels": 1048576
  },
  "6_v.pt": {
    "mse": 7.019538088570698e-07,
    "num_pixels": 1048576
  },
  "6_o.pt": {
    "mse": 9.894494041873259e-07,
    "num_pixels": 4194304
  },
  "6_up.pt": {
    "mse": 9.887786518447683e-07,
    "num_pixels": 16777216
  },
  "6_gate.pt": {
    "mse": 1.79700316493836e-06,
    "num_pixels": 16777216
  },
  "6_down.pt": {
    "mse": 9.966045126930112e-07,
    "num_pixels": 16777216
  },
  "7_q.pt": {
    "mse": 2.932173174485797e-06,
    "num_pixels": 4194304
  },
  "7_k.pt": {
    "mse": 6.078217211324954e-06,
    "num_pixels": 1048576
  },
  "7_v.pt": {
    "mse": 7.719123686911189e-07,
    "num_pixels": 1048576
  },
  "7_o.pt": {
    "mse": 1.1184363302163547e-06,
    "num_pixels": 4194304
  },
  "7_up.pt": {
    "mse": 1.0636970273480983e-06,
    "num_pixels": 16777216
  },
  "7_gate.pt": {
    "mse": 1.7235795439773938e-06,
    "num_pixels": 16777216
  },
  "7_down.pt": {
    "mse": 1.0708206445997348e-06,
    "num_pixels": 16777216
  },
  "8_q.pt": {
    "mse": 2.7617370506050065e-06,
    "num_pixels": 4194304
  },
  "8_k.pt": {
    "mse": 6.330089945549844e-06,
    "num_pixels": 1048576
  },
  "8_v.pt": {
    "mse": 6.963269356674573e-07,
    "num_pixels": 1048576
  },
  "8_o.pt": {
    "mse": 1.0626266657709493e-06,
    "num_pixels": 4194304
  },
  "8_up.pt": {
    "mse": 1.1072105507992092e-06,
    "num_pixels": 16777216
  },
  "8_gate.pt": {
    "mse": 1.713695382932201e-06,
    "num_pixels": 16777216
  },
  "8_down.pt": {
    "mse": 1.0850410490093054e-06,
    "num_pixels": 16777216
  },
  "9_q.pt": {
    "mse": 3.680950385387405e-06,
    "num_pixels": 4194304
  },
  "9_k.pt": {
    "mse": 5.683063136530109e-06,
    "num_pixels": 1048576
  },
  "9_v.pt": {
    "mse": 8.032861273932212e-07,
    "num_pixels": 1048576
  },
  "9_o.pt": {
    "mse": 1.2840449699069723e-06,
    "num_pixels": 4194304
  },
  "9_up.pt": {
    "mse": 1.1817846825579181e-06,
    "num_pixels": 16777216
  },
  "9_gate.pt": {
    "mse": 1.9057290501223179e-06,
    "num_pixels": 16777216
  },
  "9_down.pt": {
    "mse": 1.153361381511786e-06,
    "num_pixels": 16777216
  },
  "10_q.pt": {
    "mse": 3.0227065508370288e-06,
    "num_pixels": 4194304
  },
  "10_k.pt": {
    "mse": 5.066453013569117e-06,
    "num_pixels": 1048576
  },
  "10_v.pt": {
    "mse": 6.636167881879373e-07,
    "num_pixels": 1048576
  },
  "10_o.pt": {
    "mse": 1.057083863997832e-06,
    "num_pixels": 4194304
  },
  "10_up.pt": {
    "mse": 1.1840909337479388e-06,
    "num_pixels": 16777216
  },
  "10_gate.pt": {
    "mse": 1.8638786514202366e-06,
    "num_pixels": 16777216
  },
  "10_down.pt": {
    "mse": 1.1719232588802697e-06,
    "num_pixels": 16777216
  },
  "11_q.pt": {
    "mse": 3.064984184675268e-06,
    "num_pixels": 4194304
  },
  "11_k.pt": {
    "mse": 5.897008577449014e-06,
    "num_pixels": 1048576
  },
  "11_v.pt": {
    "mse": 7.498003924411023e-07,
    "num_pixels": 1048576
  },
  "11_o.pt": {
    "mse": 1.1371887467248598e-06,
    "num_pixels": 4194304
  },
  "11_up.pt": {
    "mse": 1.2145825394327403e-06,
    "num_pixels": 16777216
  },
  "11_gate.pt": {
    "mse": 1.8718355931923725e-06,
    "num_pixels": 16777216
  },
  "11_down.pt": {
    "mse": 1.203866304422263e-06,
    "num_pixels": 16777216
  },
  "12_q.pt": {
    "mse": 3.1106133064895403e-06,
    "num_pixels": 4194304
  },
  "12_k.pt": {
    "mse": 5.426670213637408e-06,
    "num_pixels": 1048576
  },
  "12_v.pt": {
    "mse": 8.797761665846338e-07,
    "num_pixels": 1048576
  },
  "12_o.pt": {
    "mse": 1.1442322147559025e-06,
    "num_pixels": 4194304
  },
  "12_up.pt": {
    "mse": 1.2689845334534766e-06,
    "num_pixels": 16777216
  },
  "12_gate.pt": {
    "mse": 1.843425934566767e-06,
    "num_pixels": 16777216
  },
  "12_down.pt": {
    "mse": 1.2231405435159104e-06,
    "num_pixels": 16777216
  },
  "13_q.pt": {
    "mse": 2.907432644860819e-06,
    "num_pixels": 4194304
  },
  "13_k.pt": {
    "mse": 4.618824277713429e-06,
    "num_pixels": 1048576
  },
  "13_v.pt": {
    "mse": 1.1937451063204207e-06,
    "num_pixels": 1048576
  },
  "13_o.pt": {
    "mse": 1.479324510000879e-06,
    "num_pixels": 4194304
  },
  "13_up.pt": {
    "mse": 1.3385085821937537e-06,
    "num_pixels": 16777216
  },
  "13_gate.pt": {
    "mse": 1.7561200138516142e-06,
    "num_pixels": 16777216
  },
  "13_down.pt": {
    "mse": 1.2601437902048929e-06,
    "num_pixels": 16777216
  },
  "14_q.pt": {
    "mse": 3.0945479920774233e-06,