{
  "0_q.pt": {
    "mse": 1.0113488315255381e-05,
    "num_pixels": 4194304
  },
  "0_k.pt": {
    "mse": 1.4088604075368494e-05,
    "num_pixels": 1048576
  },
  "0_v.pt": {
    "mse": 4.976341188012157e-07,
    "num_pixels": 1048576
  },
  "0_o.pt": {
    "mse": 8.528000989826978e-07,
    "num_pixels": 4194304
  },
  "0_up.pt": {
    "mse": 1.2666641850955784e-06,
    "num_pixels": 16777216
  },
  "0_gate.pt": {
    "mse": 1.5904944348221761e-06,
    "num_pixels": 16777216
  },
  "0_down.pt": {
    "mse": 1.182092660201306e-06,
    "num_pixels": 16777216
  },
  "1_q.pt": {
    "mse": 3.686555373860756e-06,
    "num_pixels": 4194304
  },
  "1_k.pt": {
    "mse": 7.488262326660333e-06,
    "num_pixels": 1048576
  },
  "1_v.pt": {
    "mse": 4.3690903339665965e-07,
    "num_pixels": 1048576
  },
  "1_o.pt": {
    "mse": 8.931225465858006e-07,
    "num_pixels": 4194304
  },
  "1_up.pt": {
    "mse": 1.2382363365759375e-06,
    "num_pixels": 16777216
  },
  "1_gate.pt": {
    "mse": 1.708783770482114e-06,
    "num_pixels": 16777216
  },
  "1_down.pt": {
    "mse": 9.448548325963202e-07,
    "num_pixels": 16777216
  },
  "2_q.pt": {
    "mse": 3.2976399779727217e-06,
    "num_pixels": 4194304
  },
  "2_k.pt": {
    "mse": 6.142691745480988e-06,
    "num_pixels": 1048576
  },
  "2_v.pt": {
    "mse": 5.708777734980686e-07,
    "num_pixels": 1048576
  },
  "2_o.pt": {
    "mse": 7.720525445620297e-07,
    "num_pixels": 4194304
  },
  "2_up.pt": {
    "mse": 1.0572465498626116e-06,
    "num_pixels": 16777216
  },
  "2_gate.pt": {
    "mse": 1.6983830164463143e-06,
    "num_pixels": 16777216
  },
  "2_down.pt": {
    "mse": 1.0693049716792302e-06,
    "num_pixels": 16777216
  },
  "3_q.pt": {
    "mse": 3.0024998523003887e-06,
    "num_pixels": 4194304
  },
  "3_k.pt": {
    "mse": 5.484737812366802e-06,
    "num_pixels": 1048576
  },
  "3_v.pt": {
    "mse": 7.359759592873161e-07,
    "num_pixels": 1048576
  },
  "3_o.pt": {
    "mse": 1.0019701903729583e-06,
    "num_pixels": 4194304
  },
  "3_up.pt": {
    "mse": 9.877514912659535e-07,
    "num_pixels": 16777216
  },
  "3_gate.pt": {
    "mse": 1.977389274543384e-06,
    "num_pixels": 16777216
  },
  "3_down.pt": {
    "mse": 9.887409078146447e-07,
    "num_pixels": 16777216
  },
  "4_q.pt": {
    "mse": 2.93697621600586e-06,
    "num_pixels": 4194304
  },
  "4_k.pt": {
    "mse": 5.522510491573485e-06,
    "num_pixels": 1048576
  },
  "4_v.pt": {
    "mse": 7.016491281319759e-07,
    "num_pixels": 1048576
  },
  "4_o.pt": {
    "mse": 1.1122457408418995e-06,
    "num_pixels": 4194304
  },
  "4_up.pt": {
    "mse": 9.732805210660445e-07,
    "num_pixels": 16777216
  },
  "4_gate.pt": {
    "mse": 2.125990704371361e-06,
    "num_pixels": 16777216
  },
  "4_down.pt": {
    "mse": 9.970867722586263e-07,
    "num_pixels": 16777216
  },
  "5_q.pt": {
    "mse": 2.9261314011819195e-06,
    "num_pixels": 4194304
  },
  "5_k.pt": {
    "mse": 5.947942554485053e-06,
    "num_pixels": 1048576
  },
  "5_v.pt": {
    "mse": 5.309735797709436e-07,
    "num_pixels": 1048576
  },
  "5_o.pt": {
    "mse": 9.131035767495632e-07,
    "num_pixels": 4194304
  },
  "5_up.pt": {
    "mse": 1.016433998302091e-06,
    "num_pixels": 16777216
  },
  "5_gate.pt": {
    "mse": 1.892835143735283e-06,
    "num_pixels": 16777216
  },
  "5_down.pt": {
    "mse": 1.018667830976483e-06,
    "num_pixels": 16777216
  },
  "6_q.pt": {
    "mse": 2.5547892619215418e-06,
    "num_pixels": 4194304
  },
  "6_k.pt": {
    "mse": 6.138954631751403e-06,
    "num_pixels": 1048576
  },
  "6_v.pt": {
    "mse": 7.017943630671652e-07,
    "num_pixels": 1048576
  },
  "6_o.pt": {
    "mse": 9.890918590826914e-07,
    "num_pixels": 4194304
  },
  "6_up.pt": {
    "mse": 9.886965699479333e-07,
    "num_pixels": 16777216
  },
  "6_gate.pt": {
    "mse": 1.796847527657519e-06,
    "num_pixels": 16777216
  },
  "6_down.pt": {
    "mse": 9.965403933165362e-07,
    "num_pixels": 16777216
  },
  "7_q.pt": {
    "mse": 2.9297930268512573e-06,
    "num_pixels": 4194304
  },
  "7_k.pt": {
    "mse": 6.072412361390889e-06,
    "num_pixels": 1048576
  },
  "7_v.pt": {
    "mse": 7.724821102783608e-07,
    "num_pixels": 1048576
  },
  "7_o.pt": {
    "mse": 1.1192511237823055e-06,
    "num_pixels": 4194304
  },
  "7_up.pt": {
    "mse": 1.0636450724632596e-06,
    "num_pixels": 16777216
  },
  "7_gate.pt": {
    "mse": 1.7237756537724636e-06,
    "num_pixels": 16777216
  },
  "7_down.pt": {
    "mse": 1.0708122317737434e-06,
    "num_pixels": 16777216
  },
  "8_q.pt": {
    "mse": 2.7607511583482847e-06,
    "num_pixels": 4194304
  },
  "8_k.pt": {
    "mse": 6.331690656224964e-06,
    "num_pixels": 1048576
  },
  "8_v.pt": {
    "mse": 6.963060741327354e-07,
    "num_pixels": 1048576
  },
  "8_o.pt": {
    "mse": 1.062966134668386e-06,
    "num_pixels": 4194304
  },
  "8_up.pt": {
    "mse": 1.106905529013602e-06,
    "num_pixels": 16777216
  },
  "8_gate.pt": {
    "mse": 1.713760752863891e-06,
    "num_pixels": 16777216
  },
  "8_down.pt": {
    "mse": 1.0847346629816457e-06,
    "num_pixels": 16777216
  },
  "9_q.pt": {
    "mse": 3.679622295749141e-06,
    "num_pixels": 4194304
  },
  "9_k.pt": {
    "mse": 5.686563326889882e-06,
    "num_pixels": 1048576
  },
  "9_v.pt": {
    "mse": 8.039415320126864e-07,
    "num_pixels": 1048576
  },
  "9_o.pt": {
    "mse": 1.28477358884993e-06,
    "num_pixels": 4194304
  },
  "9_up.pt": {
    "mse": 1.1818109442174318e-06,
    "num_pixels": 16777216
  },
  "9_gate.pt": {
    "mse": 1.9060544218518771e-06,
    "num_pixels": 16777216
  },
  "9_down.pt": {
    "mse": 1.1537716773091233e-06,
    "num_pixels": 16777216
  },
  "10_q.pt": {
    "mse": 3.0238124963943847e-06,
    "num_pixels": 4194304
  },
  "10_k.pt": {
    "mse": 5.069116014055908e-06,
    "num_pixels": 1048576
  },
  "10_v.pt": {
    "mse": 6.641797654083348e-07,
    "num_pixels": 1048576
  },
  "10_o.pt": {
    "mse": 1.0572666724328883e-06,
    "num_pixels": 4194304
  },
  "10_up.pt": {
    "mse": 1.1843679885714664e-06,
    "num_pixels": 16777216
  },
  "10_gate.pt": {
    "mse": 1.8642432451088098e-06,
    "num_pixels": 16777216
  },
  "10_down.pt": {
    "mse": 1.172067300103663e-06,
    "num_pixels": 16777216
  },
  "11_q.pt": {
    "mse": 3.0652220175397815e-06,
    "num_pixels": 4194304
  },
  "11_k.pt": {
    "mse": 5.896685252082534e-06,
    "num_pixels": 1048576
  },
  "11_v.pt": {
    "mse": 7.493011366932478e-07,
    "num_pixels": 1048576
  },
  "11_o.pt": {
    "mse": 1.1372089829819743e-06,
    "num_pixels": 4194304
  },
  "11_up.pt": {
    "mse": 1.2141990737291053e-06,
    "num_pixels": 16777216
  },
  "11_gate.pt": {
    "mse": 1.8715485339271254e-06,
    "num_pixels": 16777216
  },
  "11_down.pt": {
    "mse": 1.203577198793937e-06,
    "num_pixels": 16777216
  },
  "12_q.pt": {
    "mse": 3.1101064905669773e-06,
    "num_pixels": 4194304
  },
  "12_k.pt": {
    "mse": 5.417460670287255e-06,
    "num_pixels": 1048576
  },
  "12_v.pt": {
    "mse": 8.801291073723405e-07,
    "num_pixels": 1048576
  },
  "12_o.pt": {
    "mse": 1.1428469406382646e-06,
    "num_pixels": 4194304
  },
  "12_up.pt": {
    "mse": 1.2687787602772005e-06,
    "num_pixels": 16777216
  },
  "12_gate.pt": {
    "mse": 1.8427983832225436e-06,
    "num_pixels": 16777216
  },
  "12_down.pt": {
    "mse": 1.223078243128839e-06,
    "num_pixels": 16777216
  },
  "13_q.pt": {
    "mse": 2.9087477741995826e-06,
    "num_pixels": 4194304
  },
  "13_k.pt": {
    "mse": 4.6244226723501924e-06,
    "num_pixels": 1048576
  },
  "13_v.pt": {
    "mse": 1.1949000509048346e-06,
    "num_pixels": 1048576
  },
  "13_o.pt": {
    "mse": 1.4806224726271466e-06,
    "num_pixels": 4194304
  },
  "13_up.pt": {
    "mse": 1.3383535133471014e-06,
    "num_pixels": 16777216
  },
  "13_gate.pt": {
    "mse": 1.7554330042912625e-06,
    "num_pixels": 16777216
  },
  "13_down.pt": {
    "mse": 1.2600564787135227e-06,
    "num_pixels": 16777216
  },