{
  "compressed_layers": 21,
  "compressed_params": 11678912,
  "fp32_bits": 373725184.0,
  "use_codes": false,
  "metadata_bits": 63270.0,
  "estimated_bits": 21807464.080078125,
  "actual_bits": null,
  "estimated_bits_per_param": 1.8672513398575248,
  "actual_bits_per_param": null,
  "estimated_compression_ratio": 17.137489376465872,
  "actual_compression_ratio": null,
  "weighted_mse": 6.757717774614793e-05,
  "eval_before": {
    "top1": 69.764,
    "top5": 89.07,
    "num_samples": 50000.0
  },
  "eval_after": {
    "top1": 3.182,
    "top5": 9.352,
    "num_samples": 50000.0
  }
}