{
  "AWQ": {
    "bpp": [
      2.25,
      3.25,
      4.25,
      5.25,
      6.25,
      7.25,
      8.25
    ],
    "ppl_wikitext2": [
      124196.2265625,
      5.321292877197266,
      4.9757466316223145,
      4.910181999206543,
      4.889833450317383,
      4.885225296020508,
      4.884011268615723
    ],
    "ppl_c4": [
      96497.46875,
      6.950444221496582,
      6.557677745819092,
      6.489396572113037,
      6.472911357879639,
      6.468842029571533,
      6.468070983886719
    ],
    "zeroshot": [
      0.4297841989689986,
      0.7025206362611002,
      0.7167291245878962,
      0.7187902494357408,
      0.7194516227707866,
      0.719422147519684,
      0.7190653944712553
    ],
    "commonsense": [
      0.4011562210421798,
      0.6830239850406598,
      0.6969390119092854,
      0.6991379277728299,
      0.6996890722187014,
      0.6996645095094493,
      null
    ],
    "mmlu": [
      0.2689075630252101,
      0.4896738356359493,
      0.511038313630537,
      0.5155248540094004,
      0.5228599914542088,
      0.5213644779945876,
      null
    ]
  },
  "OMNIQ": {
    "bpp": [
      2,
      3,
      4
    ],
    "ppl_wikitext2": [
      17.2,
      5.58,
      5.02
    ],
    "ppl_c4": [
      26.8,
      7.44,
      6.65
    ]
  },
  "QUIP#_no_ft": {
    "bpp": [
      2,
      3,
      4
    ],
    "ppl_wikitext2": [
      7.6,
      5.34,
      5.0
    ]
  },
  "QuIP#": {
    "bpp": [
      2,
      3,
      4
    ],
    "ppl_wikitext2": [
      5.74,
      5.1,
      4.95
    ],
    "ppl_c4": [
      7.45,
      6.72,
      6.54
    ]
  },
  "QTIP_no_ft": {
    "bpp": [
      2,
      3,
      4
    ],
    "ppl_wikitext2": [
      6.048793315887451,
      5.083630561828613,
      4.933897972106934
    ]
  },
  "QTIP": {
    "bpp": [
      2,
      3,
      4
    ],
    "ppl_wikitext2": [
      5.456355094909668,
      5.013978481292725,
      4.9182939529418945
    ],
    "ppl_c4": [
      7.159380912780762,
      6.611240386962891,
      6.509422302246094
    ],
    "zeroshot": [
      0.6972611152159913,
      0.7122595557303878,
      0.7169502184558869
    ],
    "commonsense": [
      0.6779439785400472,
      0.6929322228842656,
      0.6973888081502703
    ],
    "mmlu": [
      0.452072354365475,
      0.5014955134596212,
      0.5250676541803162
    ]
  },
  "SeedLM": {
    "bpp": [
      3,
      4
    ],
    "ppl_wikitext2": [
      5.8,
      5.1
    ]
  },
  "NWC_row16_bundle": {
    "bpp": [
      3.3001,
      3.7982,
      4.297,
      5.4459,
      6.451,
      6.6196
    ],
    "ppl_wikitext2": [
      5.243,
      5.028,
      4.965,
      4.901,
      4.896,
      4.896
    ]
  },
  "NWC_ql_random_seq16": {
    "bpp": [
      2.648769,
      3.147446,
      3.65101,
      3.94146191,
      4.776916,
      5.97267,
      6.2108
    ],
    "ppl_wikitext2": [
      5.461,
      5.11,
      4.992,
      4.956,
      4.904,
      4.895,
      4.895
    ]
  },
  "NWC_ql_random_seq16(2-13B)": {
    "bpp": [
      2.657869,
      3.160482,
      3.94592,
      4.76725,
      5.913
    ],
    "ppl_wikitext2": [
      5.421,
      5.121,
      4.97,
      4.934,
      4.902
    ]
  },
  "NWC_ql_random_seq16_gptq": {
    "bpp": [
      2.6571,
      3.1517,
      3.6533,
      3.943,
      4.7774,
      5.9728,
      6.2109
    ],
    "ppl_wikitext2": [
      5.424,
      5.09,
      4.991,
      4.955,
      4.903,
      4.889,
      4.891
    ]
  },
  "Ours_gptq": {
    "bpp": [
      2.6571,
      3.1517,
      3.6533,
      3.943,
      4.7774,
      5.9728,
      6.2109
    ],
    "ppl_wikitext2": [
      5.424,
      5.09,
      4.991,
      4.955,
      4.903,
      4.889,
      4.891
    ]
  },
  "NWC_ql_random_seq16_ldlq": {
    "bpp": [
      2.6568,
      3.1515,
      3.6532,
      3.943
    ],
    "ppl_wikitext2": [
      5.373,
      5.093,
      4.977,
      4.953
    ]
  },
  "Ours_ql_ldlq": {
    "bpp": [
      2.6568,
      3.1515,
      3.6532,
      3.943
    ],
    "ppl_wikitext2": [
      5.373,
      5.093,
      4.977,
      4.953
    ]
  },
  "NWC_ql_random_seq16_n6144": {
    "bpp": [
      2.6486,
      3.1472,
      3.6508,
      3.9413,
      5.9726,
      6.2108
    ],
    "ppl_wikitext2": [
      5.515,
      5.122,
      5.005,
      4.955,
      4.901,
      4.889
    ]
  },
  "Ours_n6144": {
    "bpp": [
      2.6486,
      3.1472,
      3.6508,
      3.9413,
      5.9726,
      6.2108
    ],
    "ppl_wikitext2": [
      5.515,
      5.122,
      5.005,
      4.955,
      4.901,
      4.889
    ]
  },
  "FP16": {
    "ppl_wikitext2": 4.883530616760254,
    "ppl_c4": 6.467609882354736,
    "zeroshot": 0.7191909261106241
  },
  "NWC": {
    "bpp": [
      3.3001,
      3.7982,
      4.297,
      5.4459,
      6.451,
      6.6196
    ],
    "ppl_wikitext2": [
      5.243,
      5.028,
      4.965,
      4.901,
      4.896,
      4.896
    ]
  },
  "Ours_base": {
    "bpp": [
      3.3001,
      3.7982,
      4.297,
      5.4459,
      6.451,
      6.6196
    ],
    "ppl_wikitext2": [
      5.243,
      5.028,
      4.965,
      4.901,
      4.896,
      4.896
    ]
  },
  "Ours_ql": {
    "bpp": [
      2.648769,
      3.147446,
      3.65101,
      3.94146191,
      4.776916,
      5.97267,
      6.2108
    ],
    "ppl_wikitext2": [
      5.461,
      5.11,
      4.992,
      4.956,
      4.904,
      4.895,
      4.895
    ]
  },
  "Ours_in_domain": {
    "bpp": [
      2.657869,
      3.160482,
      3.94592,
      4.76725,
      5.913
    ],
    "ppl_wikitext2": [
      5.421,
      5.121,
      4.97,
      4.934,
      4.902
    ]
  },
  "GPTQ": {
    "bpp": [
      2,
      3,
      4,
      8
    ],
    "ppl_wikitext2": [
      null,
      5.521871089935303,
      5.00111198425293,
      4.882187366485596
    ],
    "ppl_c4": [
      null,
      7.121087074279785,
      6.575009822845459,
      6.467852592468262
    ]
  },
  "QTIP_no_e2e": {
    "bpp": [
      2,
      3,
      4,
      5,
      6
    ],
    "ppl_wikitext2": [
      5.601992130279541,
      5.028642177581787,
      4.916544437408447,
      4.902373790740967,
      4.903945446014404
    ],
    "ppl_c4": [
      7.2610273361206055,
      6.615954875946045,
      6.509835243225098,
      6.489294052124023,
      6.488811492919922
    ],
    "ppl_ptb": [
      33.2380256652832,
      29.853973388671875,
      28.690353393554688
    ],
    "zeroshot": [
      0.6963433221633479,
      0.7097852058181866,
      0.7172357431871985
    ]
  },
  "SpinQ": {
    "bpp": [
      4
    ],
    "ppl_wikitext2": [
      5.0
    ],
    "zeroshot": [
      0.7135531706941183
    ]
  },
  "NWC_ql_ldlq128_rnorm_ft": {
    "bpp": [
      2.3119511524212264,
      2.6776470081766774,
      3.1744069557347574,
      3.95910225200259,
      4.780554805117205,
      5.982203872282643
    ],
    "ppl_wikitext2": [
      5.626650810241699,
      5.249279022216797,
      5.0292744636535645,
      4.930723667144775,
      4.898993015289307,
      4.888866424560547
    ],
    "ppl_c4": [
      7.28828763961792,
      6.863762855529785,
      6.624863147735596,
      6.517566204071045,
      6.482654094696045,
      6.471852779388428
    ],
    "zeroshot": [
      0.6937885821285307,
      0.7019979111578318,
      0.714319211245938,
      0.7144603892245738,
      0.7192915957112367,
      0.7187134015707612
    ]
  },
  "jpeg128": {
    "bpp": [
      4.864777905803082,
      5.342000675674313,
      5.914932437612991,
      6.906868955754051
    ],
    "ppl_wikitext2": [
      70.65792083740234,
      28.409194946289062,
      6.820046901702881,
      5.312102317810059
    ],
    "ppl_c4": [
      78.361328125,
      32.6470947265625,
      9.111583709716797,
      6.912426471710205
    ]
  },
  "webp128": {
    "bpp": [
      4.011633065594129,
      4.192600441294268,
      4.420998142967539,
      4.704095254062621
    ],