{
  "compressed_layers": 54,
  "compressed_params": 25502912,
  "fp32_bits": 816093184.0,
  "use_codes": false,
  "metadata_bits": 109888.0,
  "estimated_bits": 73736817.26660156,
  "actual_bits": null,
  "estimated_bits_per_param": 2.8913097165767407,
  "actual_bits_per_param": null,
  "estimated_compression_ratio": 11.067648621845821,
  "actual_compression_ratio": null,
  "weighted_mse": 5.849135629450664e-05,
  "eval_before": {
    "top1": 80.852,
    "top5": 95.428,
    "num_samples": 50000.0
  },
  "eval_after": {
    "top1": 0.114,
    "top5": 0.626,
    "num_samples": 50000.0
  }
}