{
  "QTIP_no_e2e": {
    "bpp": [
      2,
      3,
      4,
      5,
      6,
      7
    ],
    "ppl_wikitext2": [
      20.493988037109375,
      14.493839263916016,
      13.522237777709961,
      13.393614768981934,
      13.374075889587402,
      13.348846435546875
    ],
    "ppl_c4": [
      18.73523712158203,
      18.69780158996582,
      25.75275421142578,
      19.748998641967773,
      18.882741928100586,
      18.721445083618164
    ],
    "zeroshot": [
      0.5452963486408459,
      0.5971563256484007,
      0.613721012645402,
      0.6110727009805549,
      0.6116609425218832,
      0.6097590129919134
    ],
    "commonsense": [
      0.5174986666875269,
      0.5695780905331972,
      0.5856059889285938,
      0.5834654503789694,
      0.5841382182172169,
      0.582503486063931
    ],
    "mmlu": [
      0.3363480985614585,
      0.42436974789915966,
      0.4559179604045008,
      0.4593362768836348,
      0.45769833357071643,
      0.4571286141575274
    ]
  },
  "NWC_ql_ldlq128_rnorm_ft": {
    "bpp": [
      1.4841673243148574,
      2.3039550840340812,
      2.670475257367923,
      3.168198166736241,
      3.9564247896959044,
      4.780605797623766,
      5.986898797339406,
      6.354162080534573
    ],
    "ppl_wikitext2": [
      782.8790283203125,
      26.33157730102539,
      16.328323364257812,
      14.430440902709961,
      13.591477394104004,
      13.34630012512207,
      13.195564270019531,
      13.197153091430664
    ],
    "ppl_c4": [
      19.84836769104004,
      28.90634536743164,
      18.572750091552734,
      18.960796356201172,
      18.568376541137695,
      18.651636123657227,
      21.675613403320312,
      363.1112060546875
    ],
    "zeroshot": [
      0.4307570483730664,
      0.53970664822932,
      0.5755417037478464,
      0.5993271372904754,
      0.6124860579952618,
      0.6123660400927052,
      0.6114774394608901,
      0.6137307186906742
    ],
    "commonsense": [
      0.40458924846995387,
      0.5117285867289743,
      0.5478647836616107,
      0.5715696667887334,
      0.584527069175166,
      0.58509093263385,
      0.584715565214952,
      0.5864605222309426
    ],
    "mmlu": [
      0.24177467597208374,
      0.31626548924654607,
      0.3972368608460333,
      0.42750320467169917,
      0.4493661871528272,
      0.4581968380572568,
      0.46026207093006694,
      0.45862412761714855
    ]
  }
}