{
  "wikitext2": 6.048553466796875,
  "c4": 7.7767415046691895,
  "ptb": 38.63146209716797
}