{
  "wikitext2": 774.1656494140625,
  "c4": 562.1603393554688
}