{
  "wikitext2": 483.05657958984375,
  "c4": 509.826171875
}