{
  "wikitext2": 508.27703857421875,
  "c4": 519.2156372070312
}