{
  "wikitext2": 474.718994140625,
  "c4": 502.3357849121094
}