{
  "wikitext2": 495.39581298828125,
  "c4": 545.996337890625
}