{
  "wikitext2": 10.249361991882324,
  "c4": 13.834939956665039
}