{
    "ppl": {
        "wikitext2": 5.497453212738037,
        "c4": 7.038158893585205
    }
}