{
  "wikitext2": 12.487043380737305,
  "c4": 15.576302528381348
}