{
  "wikitext2": 11.244085311889648,
  "c4": 14.666708946228027
}