{
  "wikitext2": 5.653911590576172,
  "c4": 7.176444053649902
}