{
  "wikitext2": 5.5337138175964355,
  "c4": 7.029821872711182
}