{
    "t=1": {
        "mses": [
            0.2201485168822859,
            0.2201485168822859,
            0.22013024674674506,
            0.22004477667955927,
            0.2198715452991509,
            0.21956468401167967,
            0.21910887431063317,
            0.2184142625986794,
            0.21743800093493604
        ],
        "mse_from_npy": [
            0.5646235481776649,
            0.5646235481776649,
            0.5645993455294406,
            0.5644955922409194,
            0.5642982081892447,
            0.5639586115589489,
            0.5634544826734618,
            0.5626859283294077,
            0.5616232997383814
        ],
        "bpps": [
            1.1891015625,
            1.1891015625,
            1.18965625,
            1.1916171875,
            1.1950625,
            1.2,
            1.206390625,
            1.2148984375,
            1.226359375
        ]
    },
    "t=1.2": {
        "mses": [
            0.30301253865068506,
            0.30301253865068506,
            0.3029576917677091,
            0.30268148200691064,
            0.3019810114549101,
            0.3011214836447014,
            0.299943471940933,
            0.29814142021754264,
            0.29547926507843697
        ],
        "mse_from_npy": [
            0.5840593586806166,
            0.5840593586806166,
            0.5839982876648485,
            0.583691870623451,
            0.5829392181692813,
            0.5820240129017352,
            0.5807824421327126,
            0.578843164757776,
            0.5759834612798309
        ],
        "bpps": [
            1.044,
            1.044,
            1.0452421875,
            1.0500234375,
            1.059484375,
            1.06959375,
            1.0817109375,
            1.099125,
            1.1215546875
        ]
    },
    "t=1.5": {
        "mses": [
            0.42611486428422285,
            0.42611486428422285,
            0.425815273171909,
            0.4245925510249518,
            0.42262393183072267,
            0.4194411432842929,
            0.415280621765084,
            0.40847300668687264,
            0.40031051319150757
        ],
        "mse_from_npy": [
            0.6353575448259866,
            0.6353575448259866,
            0.6350415077691051,
            0.6337718998809931,
            0.6317410592367643,
            0.6284459660104174,
            0.6241166107144511,
            0.6170151525228014,
            0.6084371443929105
        ],
        "bpps": [
            0.8379140625,
            0.8379140625,
            0.8421640625,
            0.8566171875,
            0.874921875,
            0.9002578125,
            0.9285625,
            0.970515625,
            1.019015625
        ]
    },
    "t=2": {
        "mses": [
            0.6046713006605193,
            0.6046713006605193,
            0.6031881557929888,
            0.5972134898679123,
            0.588876912780894,
            0.5790979047323516,
            0.568851917901737,
            0.5568752989518805,
            0.5437146191251738
        ],
        "mse_from_npy": [
            0.7363827925428424,
            0.7363827925428424,
            0.7348936458896854,
            0.7288479962708456,
            0.7203622760309145,
            0.7103741871379382,
            0.6998877279885407,
            0.6875488455592882,
            0.6739122177260793
        ],
        "bpps": [
            0.57909375,
            0.57909375,
            0.5919765625,
            0.6328125,
            0.6827734375,
            0.7373671875,
            0.7917578125,
            0.853453125,
            0.92065625
        ]
    },
    "t=2.5": {
        "mses": [
            0.7423828555712545,
            0.7423828555712545,
            0.7384747979501017,
            0.7262454498196194,
            0.7129579097323903,
            0.6978571233313272,
            0.6821472912371683,
            0.6634927876996747,
            0.6429260310862394
        ],
        "mse_from_npy": [
            0.8277405670284196,
            0.8277405670284196,
            0.8238279810798838,
            0.8115584233444052,
            0.7981054406079541,
            0.7826586544200169,
            0.7666430619505928,
            0.7474065004423956,
            0.726013857481361
        ],
        "bpps": [
            0.418390625,
            0.418390625,
            0.4430625,
            0.5082109375,
            0.5741328125,
            0.6432578125,
            0.7112890625,
            0.7889765625,
            0.870625
        ]
    },
    "t=3": {
        "mses": [
            0.8393577274501335,
            0.8393577274501335,
            0.8333545238246879,
            0.8155824697050934,
            0.7953893819737126,
            0.7741480281849662,
            0.7536545322727585,
            0.7284889004646931,
            0.7017533703814357
        ],
        "mse_from_npy": [
            0.8960051287641749,
            0.8960051287641749,
            0.8899933148644767,
            0.8721517699927558,
            0.8516358786381208,
            0.829990600357016,
            0.8090092658170259,
            0.7833038356113357,
            0.755552104637852
        ],
        "bpps": [
            0.3190390625,
            0.3190390625,
            0.3513125,
            0.429015625,
            0.5091328125,
            0.5899296875,
            0.666203125,
            0.753828125,
            0.84446875
        ]
    },
    "t=3.5": {
        "mses": [
            0.9035141224667548,
            0.9035141224667548,
            0.8948983572814336,
            0.8712759955300221,
            0.8459074289838,
            0.8194261526900145,
            0.7923069571493836,
            0.7622747087569913,
            0.7312440534784094
        ],
        "mse_from_npy": [
            0.9423073209816788,
            0.9423073209816788,
            0.9336777657534983,
            0.9099156097168591,
            0.8841940547088805,
            0.8571803488284023,
            0.829450420019939,
            0.7984047985003043,
            0.7662285895679687
        ],
        "bpps": [
            0.2556015625,
            0.2556015625,
            0.2940546875,
            0.3815859375,
            0.4695390625,
            0.557921875,
            0.6417578125,
            0.7351484375,
            0.831765625
        ]
    },
    "t=4": {
        "mses": [
            0.9438645840082334,
            0.9438645840082334,
            0.9325949969326064,
            0.9031130251781752,
            0.8727721597734411,
            0.8420084464474816,
            0.8115562248393575,
            0.7775075904991643,
            0.7421733554949858
        ],
        "mse_from_npy": [
            0.970879457341208,
            0.970879457341208,
            0.9595490637667633,
            0.9298437063315954,
            0.899092148009759,
            0.867789335567278,
            0.8367369879864953,
            0.8016759263331005,
            0.7653631331840005
        ],
        "bpps": [
            0.2175390625,
            0.2175390625,
            0.2602265625,
            0.3551328125,
            0.448765625,
            0.5419765625,
            0.6280703125,
            0.725703125,
            0.826703125
        ]
    },
    "t=5": {
        "mses": [
            0.9829352594909859,
            0.9829352594909859,
            0.96804798583539,
            0.927691823827439,
            0.8889187953280397,
            0.8501728432521727,
            0.8138721960406808,
            0.7788105133460289,
            0.744199536186021
        ],
        "mse_from_npy": [
            0.9959336695427619,
            0.9959336695427619,
            0.9810116685294018,
            0.9404008531606506,
            0.9012270258320662,
            0.862279926818013,
            0.8254851207599697,
            0.79013017307876,
            0.755030608626622
        ],