{"loss": [3.849482536315918, 4.0685319900512695, 4.057880401611328, 4.027281761169434, 4.001070976257324, 3.992250919342041, 3.97627329826355, 3.988722324371338, 4.006507873535156, 3.9996390342712402, 3.966224193572998, 3.944124698638916, 3.9364395141601562, 3.931781053543091, 3.9351649284362793, 3.9446797370910645, 3.93294620513916, 3.9442927837371826, 3.9293198585510254, 3.9149672985076904, 3.9186205863952637, 3.8970143795013428, 3.915900945663452, 3.9098362922668457, 3.898336410522461, 3.904414653778076, 3.871706485748291, 3.8836634159088135, 3.8846826553344727, 3.901216506958008, 3.872218608856201, 3.867902994155884, 3.8862221240997314, 3.875812530517578, 3.8699111938476562, 3.880188465118408, 3.866175889968872, 3.886273145675659, 3.860348701477051, 3.8619306087493896, 3.860841989517212, 3.86287784576416, 3.852750539779663, 3.868317127227783, 3.857858180999756, 3.8477206230163574, 3.85640811920166, 3.848378896713257, 3.8635470867156982, 3.839627742767334, 3.8285129070281982, 3.8436994552612305, 3.843502998352051, 3.842957019805908, 3.8364806175231934, 3.839829683303833, 3.8531785011291504, 3.8339364528656006, 3.8469271659851074, 3.8255364894866943, 3.8470311164855957, 3.824981212615967, 3.8292808532714844, 3.8237671852111816, 3.8328018188476562, 3.828362464904785, 3.827563524246216, 3.8173770904541016, 3.8169400691986084, 3.8363118171691895, 3.8234100341796875, 3.8227553367614746, 3.8199644088745117, 3.803408622741699, 3.8113229274749756, 3.826550006866455, 3.8141708374023438, 3.8132152557373047, 3.832645893096924, 3.816368579864502, 3.8211870193481445, 3.8149280548095703, 3.8037915229797363, 3.808220624923706, 3.797644853591919, 3.7914929389953613, 3.8201041221618652, 3.8083930015563965, 3.800962448120117, 3.7886695861816406, 3.7984426021575928, 3.7914865016937256, 3.804039239883423, 3.7847325801849365, 3.8030881881713867, 3.802370548248291, 3.7930896282196045, 3.792250156402588, 3.7861409187316895, 3.7949070930480957], "adaptive_loss": [0.0061159986071288586, 0.008336515165865421, 0.008258978836238384, 0.007981856353580952, 0.0077478098683059216, 0.007687338627874851, 0.007554078474640846, 0.007706036791205406, 0.00791101809591055, 0.007868841290473938, 0.0075608789920806885, 0.007365320343524218, 0.007313709706068039, 0.0072895316407084465, 0.007346235681325197, 0.007461417932063341, 0.007364516146481037, 0.00749705545604229, 0.007366325240582228, 0.007240450941026211, 0.007295428309589624, 0.007095863576978445, 0.007302072364836931, 0.007257290184497833, 0.00715735973790288, 0.007234114687889814, 0.006922535598278046, 0.007056882604956627, 0.0070806327275931835, 0.007260102313011885, 0.006984096951782703, 0.006954140495508909, 0.007151489611715078, 0.0070603699423372746, 0.007014027796685696, 0.007130288053303957, 0.0070028831250965595, 0.007217808626592159, 0.006970690563321114, 0.006998864933848381, 0.007000582758337259, 0.0070342267863452435, 0.006944617722183466, 0.007112972438335419, 0.007020253222435713, 0.006931659299880266, 0.007030121050775051, 0.006961537059396505, 0.007126071490347385, 0.0068990918807685375, 0.006801700685173273, 0.006966529879719019, 0.0069774845615029335, 0.0069840773940086365, 0.00693172961473465, 0.006977322977036238, 0.007123218849301338, 0.006943373940885067, 0.007084583397954702, 0.006882503628730774, 0.007109594997018576, 0.006902170833200216, 0.006957686506211758, 0.006915218196809292, 0.0070182932540774345, 0.0069856224581599236, 0.006989676970988512, 0.006901292596012354, 0.006909014657139778, 0.007114922162145376, 0.006998523138463497, 0.007002650760114193, 0.006987688597291708, 0.006832796148955822, 0.006924433168023825, 0.007087515667080879, 0.006975170224905014, 0.006975983735173941, 0.007182829547673464, 0.0070312488824129105, 0.007090747356414795, 0.007040779571980238, 0.006939571816474199, 0.0069952793419361115, 0.006902521476149559, 0.006851925514638424, 0.007151384372264147, 0.007045300677418709, 0.006984646897763014, 0.006873348727822304, 0.006983316037803888, 0.0069249337539076805, 0.007061551325023174, 0.006879098247736692, 0.007074495777487755, 0.007078252267092466, 0.006995684467256069, 0.006998986937105656, 0.0069479201920330524, 0.007045931648463011], "bpp_loss": [3.237882614135742, 3.234880208969116, 3.231982469558716, 3.229095935821533, 3.226289987564087, 3.2235169410705566, 3.220865488052368, 3.218118667602539, 3.2154061794281006, 3.212754964828491, 3.2101361751556396, 3.207592725753784, 3.205068588256836, 3.2028279304504395, 3.2005412578582764, 3.198538064956665, 3.1964945793151855, 3.194587230682373, 3.1926872730255127, 3.190922260284424, 3.189077615737915, 3.1874279975891113, 3.1856937408447266, 3.1841073036193848, 3.182600498199463, 3.1810030937194824, 3.179452896118164, 3.1779751777648926, 3.176619291305542, 3.175206184387207, 3.173809051513672, 3.1724889278411865, 3.1710731983184814, 3.1697754859924316, 3.168508291244507, 3.1671595573425293, 3.1658875942230225, 3.16449236869812, 3.1632795333862305, 3.162044048309326, 3.1607837677001953, 3.1594552993774414, 3.1582887172698975, 3.157019853591919, 3.1558327674865723, 3.154554605484009, 3.1533961296081543, 3.1522252559661865, 3.15093994140625, 3.1497185230255127, 3.1483428478240967, 3.1470465660095215, 3.14575457572937, 3.1445493698120117, 3.143307685852051, 3.1420974731445312, 3.1408567428588867, 3.139599084854126, 3.1384687423706055, 3.1372861862182617, 3.1360716819763184, 3.1347641944885254, 3.133512258529663, 3.1322453022003174, 3.130972385406494, 3.1298000812530518, 3.1285958290100098, 3.1272478103637695, 3.1260385513305664, 3.12481951713562, 3.1235578060150146, 3.122490167617798, 3.1211955547332764, 3.120129108428955, 3.118879556655884, 3.1177985668182373, 3.1166536808013916, 3.115616798400879, 3.114362955093384, 3.113243579864502, 3.112112283706665, 3.1108500957489014, 3.1098341941833496, 3.1086926460266113, 3.1073927879333496, 3.1063003540039062, 3.1049656867980957, 3.103863000869751, 3.1024978160858154, 3.101334571838379, 3.1001110076904297, 3.0989930629730225, 3.097884178161621, 3.096822738647461, 3.0956385135650635, 3.094545364379883, 3.0935211181640625, 3.0923514366149902, 3.091348886489868, 3.0903139114379883],