{"loss": [6.127313613891602, 7.502624988555908, 6.154799938201904, 6.385879039764404, 6.704373836517334, 6.2417378425598145, 5.90336275100708, 6.048039436340332, 6.246523380279541, 6.152735710144043, 5.924458026885986, 5.857719898223877, 6.031005382537842, 6.059737682342529, 5.941616058349609, 5.815721035003662, 5.831742763519287, 5.909139633178711, 5.893235206604004, 5.8281450271606445, 5.782842636108398, 5.80930233001709, 5.870691299438477, 5.872678279876709, 5.768998146057129, 5.771718978881836, 5.796597480773926, 5.841743469238281, 5.794367790222168, 5.779643535614014, 5.7746453285217285, 5.787246227264404, 5.772339344024658, 5.761751174926758, 5.7646074295043945, 5.762735843658447, 5.7755327224731445, 5.733996868133545, 5.735080242156982, 5.732519149780273, 5.751088619232178, 5.725582599639893, 5.751067161560059, 5.729377269744873, 5.743354320526123, 5.750622749328613, 5.740917205810547, 5.742467880249023, 5.727104187011719, 5.728795051574707, 5.745327472686768, 5.731954097747803, 5.712319374084473, 5.734099388122559, 5.73956823348999, 5.705809593200684, 5.716534614562988, 5.695467948913574, 5.714367389678955, 5.684508323669434, 5.726534843444824, 5.70554256439209, 5.709987163543701, 5.731925964355469, 5.719852924346924, 5.701483726501465, 5.707540035247803, 5.713237285614014, 5.690315246582031, 5.68620491027832, 5.696314811706543, 5.701004981994629, 5.709221839904785, 5.6989336013793945, 5.70554256439209, 5.695492744445801, 5.703373908996582, 5.73700475692749, 5.701266765594482, 5.706066131591797, 5.683457374572754, 5.710046291351318, 5.6828508377075195, 5.687833786010742, 5.696762561798096, 5.710597038269043, 5.701376914978027, 5.7205729484558105, 5.698207855224609, 5.6695122718811035, 5.722418785095215, 5.659208297729492, 5.687337875366211, 5.710754871368408, 5.692017078399658, 5.695467948913574, 5.710345268249512, 5.707388877868652, 5.702822208404541, 5.658425807952881], "adaptive_loss": [0.014837383292615414, 0.02840801328420639, 0.015029015950858593, 0.01744958385825157, 0.020675817504525185, 0.016028480604290962, 0.012597303837537766, 0.014002193696796894, 0.015971556305885315, 0.015055306255817413, 0.012818636372685432, 0.012202691286802292, 0.013976908288896084, 0.014281895942986012, 0.013095373287796974, 0.011818199418485165, 0.011955016292631626, 0.012715699151158333, 0.012559019029140472, 0.011929327622056007, 0.011505465023219585, 0.011802014894783497, 0.012440328486263752, 0.012472900561988354, 0.011433126404881477, 0.011451095342636108, 0.011694825254380703, 0.012143036350607872, 0.011680340394377708, 0.011551793664693832, 0.011524533852934837, 0.011670250445604324, 0.011534219607710838, 0.011430742219090462, 0.011456689797341824, 0.011434930376708508, 0.011562297120690346, 0.011158401146531105, 0.01118201669305563, 0.011175848543643951, 0.011375915259122849, 0.01113097183406353, 0.011391480453312397, 0.01117600966244936, 0.011315010488033295, 0.011390979401767254, 0.011300161480903625, 0.011327747255563736, 0.011188267730176449, 0.011218027211725712, 0.01139059942215681, 0.011259714141488075, 0.011064845137298107, 0.01128291990607977, 0.011344443075358868, 0.011019936762750149, 0.011142079718410969, 0.010944291949272156, 0.011142250150442123, 0.010846865363419056, 0.011267450638115406, 0.011059936136007309, 0.011108530685305595, 0.011334654875099659, 0.01122201420366764, 0.01104829553514719, 0.011118116788566113, 0.011184404604136944, 0.010963000357151031, 0.010929268784821033, 0.011031568981707096, 0.011081358417868614, 0.011169598437845707, 0.011073616333305836, 0.011147558689117432, 0.011058172211050987, 0.011148842982947826, 0.011494946666061878, 0.011141587048768997, 0.011194154620170593, 0.010967089794576168, 0.011233553290367126, 0.010968027636408806, 0.011026863008737564, 0.011124282144010067, 0.011272521689534187, 0.011185958981513977, 0.011386462487280369, 0.011169934645295143, 0.01089305430650711, 0.011428501456975937, 0.010798018425703049, 0.011080527678132057, 0.011320758610963821, 0.011138725094497204, 0.01118049118667841, 0.011335356160998344, 0.011311008594930172, 0.011269230395555496, 0.01082842517644167], "bpp_loss": [4.643575191497803, 4.661823749542236, 4.651898384094238, 4.640920639038086, 4.636792182922363, 4.638889789581299, 4.643632411956787, 4.647819995880127, 4.649367809295654, 4.647204875946045, 4.642594337463379, 4.637450695037842, 4.633314609527588, 4.631547927856445, 4.632078647613525, 4.633901119232178, 4.6362409591674805, 4.637569427490234, 4.637333393096924, 4.635212421417236, 4.632296085357666, 4.629100799560547, 4.6266584396362305, 4.625388145446777, 4.625685691833496, 4.6266093254089355, 4.627114772796631, 4.627439975738525, 4.626333713531494, 4.62446403503418, 4.622191905975342, 4.620221138000488, 4.618917465209961, 4.618677139282227, 4.618938446044922, 4.6192426681518555, 4.619303226470947, 4.618156909942627, 4.616878509521484, 4.61493444442749, 4.613497257232666, 4.612485408782959, 4.611919403076172, 4.611776351928711, 4.611853122711182, 4.61152458190918, 4.61090087890625, 4.6096930503845215, 4.608277320861816, 4.606992244720459, 4.60626745223999, 4.605982780456543, 4.6058349609375, 4.605807304382324, 4.605123996734619, 4.603816032409668, 4.6023268699646, 4.601038932800293, 4.600142478942871, 4.5998215675354, 4.599789619445801, 4.599548816680908, 4.5991339683532715, 4.5984601974487305, 4.597651481628418, 4.596653938293457, 4.595728397369385, 4.594796657562256, 4.594015121459961, 4.593277931213379, 4.593157768249512, 4.592869281768799, 4.592262268066406, 4.591571807861328, 4.590786933898926, 4.589675426483154, 4.588489532470703, 4.587510108947754, 4.587108135223389, 4.586650848388672, 4.5867486000061035, 4.586690902709961, 4.586048126220703, 4.585147380828857, 4.584334373474121, 4.58334493637085, 4.582780838012695, 4.5819268226623535, 4.581214427947998, 4.580206871032715, 4.579568386077881, 4.579406261444092, 4.579285144805908, 4.578679084777832, 4.578144550323486, 4.577418804168701, 4.576809883117676, 4.576288223266602, 4.575899124145508, 4.575583457946777],