{"loss": [3.9865946769714355, 4.298022270202637, 4.281142234802246, 4.158143997192383, 4.152094841003418, 4.175352573394775, 4.196421146392822, 4.180039405822754, 4.151763916015625, 4.131689548492432, 4.1005449295043945, 4.10954475402832, 4.121701240539551, 4.11519193649292, 4.1258649826049805, 4.109048843383789, 4.102138519287109, 4.098485469818115, 4.089878082275391, 4.091658115386963, 4.075455188751221, 4.081651210784912, 4.086047649383545, 4.085710525512695, 4.083250999450684, 4.066501617431641, 4.074037075042725, 4.074359893798828, 4.067968368530273, 4.067187309265137, 4.060018539428711, 4.0631561279296875, 4.060112476348877, 4.051759243011475, 4.0641584396362305, 4.0723876953125, 4.058943271636963, 4.0615997314453125, 4.054754257202148, 4.048937797546387, 4.055830001831055, 4.05724573135376, 4.049230575561523, 4.063029766082764, 4.053876876831055, 4.044376850128174, 4.060075759887695, 4.0509443283081055, 4.044677734375, 4.056031227111816, 4.054399013519287, 4.054525852203369, 4.0421857833862305, 4.051670551300049, 4.031342506408691, 4.042935371398926, 4.041154861450195, 4.03837251663208, 4.047577857971191, 4.036856651306152, 4.037903308868408, 4.0508012771606445, 4.037017822265625, 4.030801296234131, 4.038135051727295, 4.04115104675293, 4.031744003295898, 4.0493879318237305, 4.039619445800781, 4.0281195640563965, 4.0472412109375, 4.023170471191406, 4.030135154724121, 4.024539470672607, 4.03783655166626, 4.048857688903809, 4.036746501922607, 4.0309624671936035, 4.038349628448486, 4.033356666564941, 4.031295299530029, 4.029428482055664, 4.0457258224487305, 4.03264045715332, 4.03538703918457, 4.0230255126953125, 4.029969692230225, 4.0232834815979, 4.016231536865234, 4.034235000610352, 4.033411502838135, 4.022545337677002, 4.015652656555176, 4.016683578491211, 4.0346527099609375, 4.0358662605285645, 4.031115531921387, 4.027004241943359, 4.020606517791748, 4.016773700714111], "adaptive_loss": [0.00645501259714365, 0.009557335637509823, 0.009407127276062965, 0.008195444941520691, 0.008152741007506847, 0.008404935710132122, 0.00863275770097971, 0.008485541678965092, 0.00821699108928442, 0.008028216660022736, 0.007725751493126154, 0.007822969928383827, 0.007951311767101288, 0.00789104588329792, 0.008001474663615227, 0.007838904857635498, 0.007773272693157196, 0.00774014787748456, 0.007657851558178663, 0.007681176066398621, 0.007523876149207354, 0.007591560482978821, 0.007640274241566658, 0.007644473575055599, 0.007627254817634821, 0.007466934621334076, 0.007551359478384256, 0.0075612543150782585, 0.007504863664507866, 0.0075036510825157166, 0.00743677094578743, 0.007472731173038483, 0.007446367293596268, 0.007365912664681673, 0.007493250072002411, 0.007579157128930092, 0.007449740543961525, 0.007481150794774294, 0.007417602464556694, 0.007365694269537926, 0.007439330220222473, 0.007457938976585865, 0.007384252734482288, 0.0075281355530023575, 0.007443413604050875, 0.0073550427332520485, 0.007516914047300816, 0.00743184145539999, 0.007375920191407204, 0.007495340891182423, 0.0074844458140432835, 0.007491080090403557, 0.007372454274445772, 0.007472715340554714, 0.00727490009739995, 0.0073945834301412106, 0.007380643859505653, 0.007356542162597179, 0.007452365942299366, 0.007349247578531504, 0.007362964563071728, 0.007497080601751804, 0.007364298682659864, 0.007305863779038191, 0.007384581957012415, 0.007420252077281475, 0.00733296200633049, 0.007516644429415464, 0.007426218129694462, 0.007315085269510746, 0.007511423900723457, 0.007274639792740345, 0.007348101586103439, 0.0072966632433235645, 0.0074350181967020035, 0.007550418376922607, 0.007434458937495947, 0.007383312564343214, 0.0074625941924750805, 0.007417900953441858, 0.0074011110700666904, 0.007387486752122641, 0.007554533425718546, 0.007425607647746801, 0.0074567547999322414, 0.007336631417274475, 0.007410626392811537, 0.007347647566348314, 0.007280691526830196, 0.007466566748917103, 0.007463792338967323, 0.007361103780567646, 0.007298357784748077, 0.007314825896173716, 0.007499494589865208, 0.007517610676586628, 0.007474927697330713, 0.0074392701499164104, 0.007379923947155476, 0.007345849648118019], "bpp_loss": [3.3410935401916504, 3.3422887325286865, 3.3404293060302734, 3.338599443435669, 3.3368208408355713, 3.3348591327667236, 3.3331453800201416, 3.3314852714538574, 3.3300650119781494, 3.3288679122924805, 3.327969551086426, 3.3272476196289062, 3.3265702724456787, 3.326087236404419, 3.3257174491882324, 3.3251585960388184, 3.3248112201690674, 3.3244707584381104, 3.3240931034088135, 3.323540687561035, 3.3230674266815186, 3.3224949836730957, 3.3220202922821045, 3.321263313293457, 3.3205254077911377, 3.319808006286621, 3.318901300430298, 3.31823468208313, 3.3174822330474854, 3.3168222904205322, 3.3163414001464844, 3.315883159637451, 3.3154757022857666, 3.3151679039001465, 3.314833402633667, 3.314471960067749, 3.313969373703003, 3.3134844303131104, 3.3129940032958984, 3.312368631362915, 3.311897039413452, 3.3114516735076904, 3.310805559158325, 3.310216188430786, 3.3095357418060303, 3.3088724613189697, 3.3083841800689697, 3.307760238647461, 3.3070857524871826, 3.306497097015381, 3.3059544563293457, 3.305418014526367, 3.3049402236938477, 3.304399013519287, 3.3038523197174072, 3.3034770488739014, 3.3030905723571777, 3.3027184009552, 3.3023412227630615, 3.3019320964813232, 3.3016066551208496, 3.301093339920044, 3.3005878925323486, 3.300215005874634, 3.2996768951416016, 3.2991256713867188, 3.298447608947754, 3.2977232933044434, 3.296997547149658, 3.2966108322143555, 3.2960987091064453, 3.2957065105438232, 3.2953248023986816, 3.2948732376098633, 3.294334888458252, 3.293815851211548, 3.2933006286621094, 3.292631149291992, 3.29209041595459, 3.2915666103363037, 3.291184186935425, 3.290679931640625, 3.2902722358703613, 3.2900795936584473, 3.2897117137908936, 3.2893624305725098, 3.288907051086426, 3.2885186672210693, 3.2881624698638916, 3.2875783443450928, 3.28703236579895, 3.2864348888397217, 3.2858166694641113, 3.285200834274292, 3.284703493118286, 3.2841053009033203, 3.283622980117798, 3.2830772399902344, 3.282614231109619, 3.282188653945923],