{"loss": [6.180553436279297, 6.824474334716797, 6.453043460845947, 6.479979991912842, 6.5131940841674805, 6.424574851989746, 6.384014129638672, 6.425045013427734, 6.438666343688965, 6.391443252563477, 6.332006931304932, 6.284839153289795, 6.321741580963135, 6.334716320037842, 6.337479591369629, 6.309183120727539, 6.303966045379639, 6.308562755584717, 6.319396018981934, 6.3070292472839355, 6.27448034286499, 6.277273654937744, 6.292902946472168, 6.284405708312988, 6.276217937469482, 6.244816303253174, 6.258363723754883, 6.2677154541015625, 6.266237258911133, 6.255837440490723, 6.228443145751953, 6.2348833084106445, 6.254724025726318, 6.2369384765625, 6.228461265563965, 6.237857341766357, 6.229272842407227, 6.23206901550293, 6.243711471557617, 6.212231159210205, 6.211333751678467, 6.214137077331543, 6.219505310058594, 6.223092079162598, 6.237916946411133, 6.218460559844971, 6.20481014251709, 6.220590114593506, 6.210819244384766, 6.226830005645752, 6.205943584442139, 6.205284118652344, 6.212440490722656, 6.220948219299316, 6.231916904449463, 6.198474884033203, 6.193277359008789, 6.206252098083496, 6.191953659057617, 6.207431316375732, 6.19880485534668, 6.189882278442383, 6.210859298706055, 6.187045574188232, 6.190746307373047, 6.197829723358154, 6.20755672454834, 6.199680328369141, 6.168108940124512, 6.198796272277832, 6.212860107421875, 6.200012683868408, 6.194310188293457, 6.202540874481201, 6.199978351593018, 6.188546180725098, 6.180943489074707, 6.187697410583496, 6.171842098236084, 6.18856143951416, 6.169985771179199, 6.172501087188721, 6.164754390716553, 6.179370403289795, 6.168263912200928, 6.190829277038574, 6.195430755615234, 6.194515228271484, 6.186484336853027, 6.172196388244629, 6.19061803817749, 6.172054767608643, 6.184112548828125, 6.176281929016113, 6.163970470428467, 6.184022426605225, 6.177859306335449, 6.187182903289795, 6.165033340454102, 6.170620918273926], "adaptive_loss": [0.009810390882194042, 0.015973960980772972, 0.01244873646646738, 0.012905147857964039, 0.013297539204359055, 0.012378912419080734, 0.011899599805474281, 0.01224797498434782, 0.01236151996999979, 0.011910363100469112, 0.011370730586349964, 0.010966978967189789, 0.011392720974981785, 0.01155353058129549, 0.011584942229092121, 0.011281917802989483, 0.01120578683912754, 0.011235482059419155, 0.01135022472590208, 0.011255431920289993, 0.010973954573273659, 0.011047936044633389, 0.0112411854788661, 0.011173929087817669, 0.011091700755059719, 0.010764474049210548, 0.010881870053708553, 0.010968450456857681, 0.01095900870859623, 0.010874917730689049, 0.01063610054552555, 0.010733367875218391, 0.010962776839733124, 0.010804882273077965, 0.010724171996116638, 0.010812449268996716, 0.010718610137701035, 0.010743376798927784, 0.010866138152778149, 0.01057043019682169, 0.010590719990432262, 0.01064674835652113, 0.01071647834032774, 0.010763503611087799, 0.01091722771525383, 0.010722502134740353, 0.010588453151285648, 0.010751334950327873, 0.0106654716655612, 0.010839942842721939, 0.010651007294654846, 0.010661059059202671, 0.010750818066298962, 0.010846521705389023, 0.01096074003726244, 0.01062842644751072, 0.010578176937997341, 0.010716969147324562, 0.0105888731777668, 0.010760582983493805, 0.010690104216337204, 0.010617398656904697, 0.010837200097739697, 0.0106143057346344, 0.010660335421562195, 0.010736499913036823, 0.010842681862413883, 0.010770397260785103, 0.010465489700436592, 0.010781800374388695, 0.010928756557404995, 0.010807041078805923, 0.01075886283069849, 0.010854540392756462, 0.01084044948220253, 0.010740119032561779, 0.010674246586859226, 0.010746519081294537, 0.01060011051595211, 0.010775565169751644, 0.010598798282444477, 0.01063904445618391, 0.0105830617249012, 0.010747985914349556, 0.01064416952431202, 0.010867607779800892, 0.010913467966020107, 0.01090562529861927, 0.010834435001015663, 0.010703160427510738, 0.010906347073614597, 0.010736891068518162, 0.010871723294258118, 0.010801085270941257, 0.010681839659810066, 0.010894250124692917, 0.010839040391147137, 0.010944308713078499, 0.01073158998042345, 0.010799337178468704], "bpp_loss": [5.199514389038086, 5.227078437805176, 5.208169937133789, 5.189465045928955, 5.183440208435059, 5.186683654785156, 5.194054126739502, 5.200247764587402, 5.202514171600342, 5.200407028198242, 5.194933891296387, 5.188141345977783, 5.182469367980957, 5.179363250732422, 5.178985595703125, 5.180991172790527, 5.183387279510498, 5.185014724731445, 5.184373378753662, 5.181486129760742, 5.177084922790527, 5.17248010635376, 5.1687846183776855, 5.167012691497803, 5.16704797744751, 5.168368816375732, 5.170176982879639, 5.170870304107666, 5.1703362464904785, 5.1683454513549805, 5.164833068847656, 5.16154670715332, 5.158446311950684, 5.156450271606445, 5.156044006347656, 5.156612396240234, 5.157411575317383, 5.157731533050537, 5.157097816467285, 5.155188083648682, 5.152261734008789, 5.1494622230529785, 5.147857666015625, 5.14674186706543, 5.146193981170654, 5.146210193634033, 5.145965099334717, 5.145456790924072, 5.144272327423096, 5.14283561706543, 5.140842914581299, 5.139178276062012, 5.137358665466309, 5.136296272277832, 5.135842800140381, 5.135632514953613, 5.1354594230651855, 5.134555339813232, 5.133066177368164, 5.131372928619385, 5.129794597625732, 5.128142356872559, 5.127139091491699, 5.125615119934082, 5.1247124671936035, 5.124179840087891, 5.123288631439209, 5.122640609741211, 5.121560096740723, 5.1206159591674805, 5.1199846267700195, 5.1193084716796875, 5.118423938751221, 5.117086887359619, 5.115933418273926, 5.114534378051758, 5.113518714904785, 5.113045692443848, 5.111831188201904, 5.111004829406738, 5.110105991363525, 5.1085968017578125, 5.106448173522949, 5.10457181930542, 5.103847026824951, 5.104068756103516, 5.104084014892578, 5.103952884674072, 5.10304069519043, 5.1018805503845215, 5.099983215332031, 5.098365783691406, 5.096940040588379, 5.096173286437988, 5.0957865715026855, 5.094597339630127, 5.0939555168151855, 5.092751979827881, 5.091874122619629, 5.090687274932861],