{"loss": [3.9557318687438965, 4.439685344696045, 4.335710525512695, 4.361833095550537, 4.26092004776001, 4.171631336212158, 4.200893878936768, 4.268370628356934, 4.2332658767700195, 4.203799724578857, 4.185410022735596, 4.18033504486084, 4.148305416107178, 4.1357855796813965, 4.138707637786865, 4.14015007019043, 4.137676239013672, 4.123353958129883, 4.1109819412231445, 4.113797187805176, 4.110980987548828, 4.120426177978516, 4.104907035827637, 4.075797080993652, 4.067820072174072, 4.089033603668213, 4.079745292663574, 4.077183246612549, 4.079653263092041, 4.078794956207275, 4.066362380981445, 4.08398962020874, 4.066714286804199, 4.077172756195068, 4.073657989501953, 4.083564281463623, 4.052250385284424, 4.076971054077148, 4.059638023376465, 4.060797214508057, 4.078811168670654, 4.0814971923828125, 4.058297157287598, 4.070318698883057, 4.060247421264648, 4.0523481369018555, 4.069557189941406, 4.037116050720215, 4.039901256561279, 4.0722575187683105, 4.049914836883545, 4.055922031402588, 4.042619705200195, 4.0241780281066895, 4.041456699371338, 4.0341620445251465, 4.041769981384277, 4.005939483642578, 4.022059917449951, 4.0478363037109375, 4.011170387268066, 4.041530132293701, 4.014835834503174, 4.039933204650879, 4.051889419555664, 4.037142753601074, 4.028352737426758, 4.05330753326416, 4.01358699798584, 4.022851467132568, 4.023713111877441, 4.045318603515625, 4.036346435546875, 4.007081985473633, 4.019998550415039, 4.024568557739258, 4.0373945236206055, 3.9996817111968994, 3.9950482845306396, 4.001747131347656, 4.01807165145874, 3.9855175018310547, 4.023690700531006, 4.019142150878906, 4.009673595428467, 4.018218517303467, 4.00775146484375, 4.00366735458374, 4.021430492401123, 4.010885715484619, 4.016932487487793, 3.9935286045074463, 4.010704517364502, 4.013607978820801, 3.9864938259124756, 4.03717565536499, 4.021966934204102, 4.000572204589844, 4.0274553298950195, 4.015594482421875], "adaptive_loss": [0.006088551599532366, 0.010950775817036629, 0.00993634294718504, 0.01022318098694086, 0.009241562336683273, 0.008373300544917583, 0.008690973743796349, 0.009390268474817276, 0.009064581245183945, 0.008792920969426632, 0.008632348850369453, 0.00860398169606924, 0.008305490016937256, 0.008200344629585743, 0.008249294944107533, 0.00828274805098772, 0.008276327513158321, 0.008151049725711346, 0.008043309673666954, 0.008087757043540478, 0.008075078949332237, 0.00818421971052885, 0.00804457813501358, 0.007766623515635729, 0.007700647693127394, 0.007926634512841702, 0.007845805957913399, 0.007833709940314293, 0.007870043627917767, 0.007874038070440292, 0.0077617536298930645, 0.007948865182697773, 0.0077858902513980865, 0.007902463898062706, 0.007876344956457615, 0.007986098527908325, 0.007683426141738892, 0.007941222749650478, 0.007778649218380451, 0.007800204213708639, 0.007990146055817604, 0.00802688580006361, 0.0078050969168543816, 0.007936881855130196, 0.007846872322261333, 0.007777971215546131, 0.007960165850818157, 0.0076477196998894215, 0.007684964220970869, 0.008018474094569683, 0.007804141379892826, 0.007875543087720871, 0.007751892786473036, 0.007578881923109293, 0.00776182534173131, 0.0076973931863904, 0.007783205714076757, 0.007434817962348461, 0.007604744751006365, 0.00787106528878212, 0.007514902390539646, 0.00782803539186716, 0.007569849956780672, 0.007830495946109295, 0.007959307171404362, 0.007821446284651756, 0.007742331363260746, 0.008001481182873249, 0.007612987421452999, 0.007714808918535709, 0.00773266376927495, 0.007957212626934052, 0.007876815274357796, 0.007593025453388691, 0.007731176447123289, 0.007786797359585762, 0.007924312725663185, 0.007555830292403698, 0.007519301492720842, 0.007595090661197901, 0.007765916641801596, 0.007448631338775158, 0.007838869467377663, 0.007803097367286682, 0.007715840358287096, 0.0078104292042553425, 0.007713428232818842, 0.007680648006498814, 0.007867240346968174, 0.00777010153979063, 0.007837863638997078, 0.007612850982695818, 0.007792606949806213, 0.007829356007277966, 0.007567401044070721, 0.008083047345280647, 0.007939853705465794, 0.007735364139080048, 0.008013000711798668, 0.00790421199053526], "bpp_loss": [3.346876621246338, 3.3446078300476074, 3.342076301574707, 3.339514970779419, 3.336763620376587, 3.334301233291626, 3.331796407699585, 3.3293440341949463, 3.326807975769043, 3.324507474899292, 3.3221750259399414, 3.319936990737915, 3.317756414413452, 3.315751075744629, 3.3137781620025635, 3.311875343322754, 3.3100433349609375, 3.3082492351531982, 3.3066511154174805, 3.3050215244293213, 3.3034732341766357, 3.302004337310791, 3.3004491329193115, 3.2991349697113037, 3.297755479812622, 3.296370029449463, 3.2951645851135254, 3.2938122749328613, 3.292649030685425, 3.291391134262085, 3.290186882019043, 3.2891030311584473, 3.2881252765655518, 3.28692626953125, 3.2860236167907715, 3.28495454788208, 3.283907890319824, 3.282848834991455, 3.281773328781128, 3.2807767391204834, 3.2797963619232178, 3.278808355331421, 3.277787685394287, 3.2766306400299072, 3.275560140609741, 3.2745509147644043, 3.273540735244751, 3.2723441123962402, 3.27140474319458, 3.2704102993011475, 3.269500494003296, 3.2683677673339844, 3.267430543899536, 3.266289710998535, 3.2652742862701416, 3.264422655105591, 3.263449192047119, 3.2624576091766357, 3.2615854740142822, 3.2607295513153076, 3.2596800327301025, 3.2587265968322754, 3.2578508853912354, 3.2568836212158203, 3.2559585571289062, 3.254997968673706, 3.254119396209717, 3.253159523010254, 3.2522881031036377, 3.251370429992676, 3.2504465579986572, 3.2495970726013184, 3.2486648559570312, 3.247779607772827, 3.2468807697296143, 3.2458889484405518, 3.2449631690979004, 3.244098663330078, 3.2431180477142334, 3.2422382831573486, 3.2414798736572266, 3.240654230117798, 3.2398035526275635, 3.2388322353363037, 3.2380895614624023, 3.237175703048706, 3.2364087104797363, 3.235602378845215, 3.2347066402435303, 3.2338757514953613, 3.2331459522247314, 3.232243537902832, 3.2314438819885254, 3.2306723594665527, 3.2297537326812744, 3.2288711071014404, 3.2279818058013916, 3.2270355224609375, 3.2261550426483154, 3.2251734733581543],