{"loss": [6.144037246704102, 7.521709442138672, 6.359911918640137, 6.454935550689697, 6.799817085266113, 6.493008613586426, 6.166714668273926, 6.253602504730225, 6.4621100425720215, 6.468953609466553, 6.30288028717041, 6.135073184967041, 6.29306697845459, 6.325324058532715, 6.256699562072754, 6.134857177734375, 6.1051740646362305, 6.176271915435791, 6.166984558105469, 6.180150032043457, 6.121225833892822, 6.078588008880615, 6.132007598876953, 6.142292022705078, 6.13362979888916, 6.076752185821533, 6.045919418334961, 6.071395397186279, 6.082710266113281, 6.127455711364746, 6.0713043212890625, 6.065967559814453, 6.068327903747559, 6.085456848144531, 6.064290523529053, 6.047571659088135, 6.064943313598633, 6.043370246887207, 6.048829078674316, 6.005764484405518, 6.050302028656006, 6.043315887451172, 6.0719709396362305, 6.007245063781738, 6.016393184661865, 6.0188798904418945, 6.021535396575928, 6.044982433319092, 5.992876052856445, 6.032827377319336, 6.04611873626709, 6.05342960357666, 6.018719673156738, 6.000152111053467, 6.006053447723389, 6.009532928466797, 6.024693489074707, 6.024317741394043, 6.0233306884765625, 6.006752967834473, 5.979439735412598, 6.024777412414551, 6.0330610275268555, 6.067574977874756, 5.999516487121582, 6.005247592926025, 6.027605056762695, 6.019824981689453, 5.99300479888916, 5.973030090332031, 5.988907814025879, 6.00704288482666, 6.014026641845703, 5.986811637878418, 6.000401973724365, 6.000205039978027, 5.9596405029296875, 5.969959259033203, 6.012260913848877, 6.003681659698486, 5.991999626159668, 5.996575355529785, 6.018515110015869, 6.007906913757324, 6.010059833526611, 6.0072760581970215, 5.98037052154541, 5.957398414611816, 5.983913421630859, 5.981568336486816, 5.984584808349609, 5.948980808258057, 6.007636547088623, 5.965803623199463, 5.974582672119141, 5.99982213973999, 5.986428260803223, 5.996915817260742, 5.996301174163818, 5.995900630950928], "adaptive_loss": [0.011607683263719082, 0.025135792791843414, 0.013670723885297775, 0.014783883467316628, 0.01830277219414711, 0.015217690728604794, 0.011891648173332214, 0.012699771672487259, 0.014761748723685741, 0.014849090948700905, 0.013243739493191242, 0.011636127717792988, 0.013274867087602615, 0.013631235808134079, 0.01294760126620531, 0.011711634695529938, 0.011390306986868382, 0.012084197252988815, 0.011992943473160267, 0.012146038003265858, 0.011596807278692722, 0.011218861676752567, 0.011791913770139217, 0.01191910170018673, 0.01183958351612091, 0.011262379586696625, 0.010947310365736485, 0.011197446845471859, 0.011314764618873596, 0.011781575158238411, 0.011249301955103874, 0.011231125332415104, 0.011281835846602917, 0.011469364166259766, 0.011259685270488262, 0.0110922921448946, 0.011264968663454056, 0.01105548907071352, 0.01112208142876625, 0.010715136304497719, 0.011187988333404064, 0.011142808012664318, 0.011445966549217701, 0.010809102095663548, 0.01090298779308796, 0.010933330282568932, 0.010967467911541462, 0.011211809702217579, 0.010707276873290539, 0.011122707277536392, 0.011269664391875267, 0.01135210320353508, 0.011018022894859314, 0.010839319787919521, 0.010914278216660023, 0.010963602922856808, 0.011129841208457947, 0.01113852858543396, 0.011137863621115685, 0.010979943908751011, 0.010714078322052956, 0.011180037632584572, 0.011278433725237846, 0.011639751493930817, 0.010972130112349987, 0.011041859164834023, 0.011273626238107681, 0.011200950480997562, 0.010939154773950577, 0.01075318269431591, 0.01092658843845129, 0.011125152930617332, 0.011209508404135704, 0.010946545749902725, 0.011089755222201347, 0.011095259338617325, 0.01069782767444849, 0.010810893028974533, 0.011250047013163567, 0.01117612887173891, 0.011068339459598064, 0.01112163532525301, 0.011352138593792915, 0.011261075735092163, 0.011293291114270687, 0.011273719370365143, 0.01101602241396904, 0.010795162990689278, 0.01106894202530384, 0.011056794784963131, 0.011099150404334068, 0.010751067660748959, 0.011345912702381611, 0.01093777734786272, 0.011036152951419353, 0.011297358199954033, 0.011173354461789131, 0.011288423091173172, 0.011292606592178345, 0.011292656883597374], "bpp_loss": [4.983269214630127, 5.008130073547363, 4.992839813232422, 4.9765472412109375, 4.969539642333984, 4.9712395668029785, 4.9775495529174805, 4.983625411987305, 4.985935211181641, 4.984044551849365, 4.978506088256836, 4.971460342407227, 4.965580463409424, 4.96220064163208, 4.961939334869385, 4.963693618774414, 4.9661431312561035, 4.9678521156311035, 4.967690467834473, 4.965546131134033, 4.961544990539551, 4.956701755523682, 4.952816009521484, 4.950381755828857, 4.949671745300293, 4.950514316558838, 4.951188087463379, 4.951650619506836, 4.951233863830566, 4.949297904968262, 4.946374416351318, 4.942854881286621, 4.9401445388793945, 4.938520431518555, 4.938322067260742, 4.938342571258545, 4.938446521759033, 4.937821388244629, 4.936620712280273, 4.934250831604004, 4.9315032958984375, 4.929035186767578, 4.927374362945557, 4.926334857940674, 4.9260945320129395, 4.925546646118164, 4.924788475036621, 4.923801422119141, 4.92214822769165, 4.920556545257568, 4.91915225982666, 4.918219089508057, 4.916917324066162, 4.916220188140869, 4.914625644683838, 4.913172721862793, 4.911709308624268, 4.910464763641357, 4.909544467926025, 4.908758640289307, 4.908031940460205, 4.906773567199707, 4.90521764755249, 4.903599739074707, 4.902303695678711, 4.901061534881592, 4.900242328643799, 4.899730205535889, 4.899089336395264, 4.897711753845215, 4.896248817443848, 4.894527435302734, 4.893075942993164, 4.892157077789307, 4.8914265632629395, 4.890679359436035, 4.889857769012451, 4.8888702392578125, 4.887256145477295, 4.886068820953369, 4.885165691375732, 4.884411811828613, 4.883301258087158, 4.881799221038818, 4.880730628967285, 4.879904270172119, 4.878768444061279, 4.87788200378418, 4.87701940536499, 4.875888824462891, 4.874670028686523, 4.873874187469482, 4.873045444488525, 4.872025966644287, 4.870967388153076, 4.870086193084717, 4.86909294128418, 4.868073463439941, 4.867040634155273, 4.866634845733643],