{"loss": [4.160776138305664, 4.409463405609131, 4.323700428009033, 4.265909671783447, 4.273273468017578, 4.295726776123047, 4.307534217834473, 4.300252437591553, 4.277843475341797, 4.251389980316162, 4.260671138763428, 4.259079456329346, 4.268003463745117, 4.261189937591553, 4.2623515129089355, 4.24524450302124, 4.245326519012451, 4.250293731689453, 4.234455585479736, 4.239445686340332, 4.234640598297119, 4.233270645141602, 4.233274459838867, 4.232370376586914, 4.231597423553467, 4.218730449676514, 4.230936050415039, 4.233187198638916, 4.220654487609863, 4.217740535736084, 4.226105213165283, 4.225906848907471, 4.2181267738342285, 4.21681022644043, 4.217218399047852, 4.214266777038574, 4.217994689941406, 4.213457107543945, 4.22194766998291, 4.212614059448242, 4.210755825042725, 4.209399223327637, 4.214225769042969, 4.219104290008545, 4.209322929382324, 4.222989082336426, 4.208098888397217, 4.2107696533203125, 4.202767372131348, 4.2061448097229, 4.211862087249756, 4.2133564949035645, 4.211141109466553, 4.211231708526611, 4.209234237670898, 4.198574542999268, 4.204975605010986, 4.20018196105957, 4.202977180480957, 4.21592903137207, 4.205061435699463, 4.2046380043029785, 4.20350456237793, 4.209766387939453, 4.203090667724609, 4.204779624938965, 4.208522319793701, 4.1999831199646, 4.193199157714844, 4.198764801025391, 4.2072529792785645, 4.203777313232422, 4.198832988739014, 4.20432186126709, 4.208439826965332, 4.196147918701172, 4.20240592956543, 4.202713489532471, 4.197591781616211, 4.200295925140381, 4.208793640136719, 4.20033073425293, 4.203842639923096, 4.195529937744141, 4.199939250946045, 4.201665878295898, 4.207327842712402, 4.194572925567627, 4.194443225860596, 4.1961870193481445, 4.196996212005615, 4.1986308097839355, 4.1978864669799805, 4.200231075286865, 4.200558662414551, 4.193517208099365, 4.194161415100098, 4.195104122161865, 4.1937360763549805, 4.198558807373047], "adaptive_loss": [0.006750945933163166, 0.009247791953384876, 0.008417575620114803, 0.00786422099918127, 0.007955392822623253, 0.00819361861795187, 0.008323701098561287, 0.008261414244771004, 0.008042294532060623, 0.007781259249895811, 0.007872970774769783, 0.007856957614421844, 0.007944216020405293, 0.007874330505728722, 0.007887698709964752, 0.007719491142779589, 0.007724951021373272, 0.007779889274388552, 0.007627870887517929, 0.007684182375669479, 0.007644554600119591, 0.007638061419129372, 0.007645732723176479, 0.00764299463480711, 0.007640763185918331, 0.007517138961702585, 0.007643257267773151, 0.007669371552765369, 0.007544754073023796, 0.00751471845433116, 0.007598064374178648, 0.007596029434353113, 0.007519525475800037, 0.007510448805987835, 0.007519344333559275, 0.0074950712732970715, 0.0075380923226475716, 0.007498772349208593, 0.007587222382426262, 0.007497713901102543, 0.007483887020498514, 0.007473002187907696, 0.007522583473473787, 0.0075761680491268635, 0.007481423672288656, 0.007621475029736757, 0.007475196849554777, 0.007506085094064474, 0.00743072759360075, 0.007467974908649921, 0.007528490852564573, 0.0075468034483492374, 0.007530013099312782, 0.007532880175858736, 0.007515458390116692, 0.007410125341266394, 0.007474874146282673, 0.007428932003676891, 0.007459779269993305, 0.0075933621264994144, 0.007487766444683075, 0.0074907513335347176, 0.007483696099370718, 0.007549438159912825, 0.007486802991479635, 0.007507339585572481, 0.007547172252088785, 0.007462686859071255, 0.007396938279271126, 0.007452584337443113, 0.0075378986075520515, 0.007503917440772057, 0.007457087282091379, 0.007516292855143547, 0.007560675032436848, 0.007443563546985388, 0.007512224838137627, 0.007520322222262621, 0.00747295655310154, 0.007503626402467489, 0.007588188163936138, 0.0075050173327326775, 0.007542462553828955, 0.00746195949614048, 0.0075078546069562435, 0.007528936490416527, 0.007587831001728773, 0.007464929483830929, 0.007468193769454956, 0.007488057017326355, 0.00749899260699749, 0.007517136167734861, 0.007511035539209843, 0.0075336419977247715, 0.007538734469562769, 0.007470072712749243, 0.007476793602108955, 0.0074908556416630745, 0.007479583844542503, 0.007532864809036255], "bpp_loss": [3.4856817722320557, 3.4846842288970947, 3.481942892074585, 3.479487657546997, 3.477734088897705, 3.476365089416504, 3.4751639366149902, 3.4741110801696777, 3.473613977432251, 3.473264217376709, 3.4733738899230957, 3.473383665084839, 3.4735820293426514, 3.473756790161133, 3.4735817909240723, 3.4732954502105713, 3.4728312492370605, 3.4723048210144043, 3.4716684818267822, 3.471027374267578, 3.4701852798461914, 3.4694645404815674, 3.468701124191284, 3.4680707454681396, 3.4675209522247314, 3.4670166969299316, 3.4666101932525635, 3.46625018119812, 3.4661788940429688, 3.46626877784729, 3.4662985801696777, 3.466303825378418, 3.466174364089966, 3.4657654762268066, 3.4652838706970215, 3.464759588241577, 3.4641857147216797, 3.4635798931121826, 3.4632253646850586, 3.4628427028656006, 3.462367057800293, 3.462099075317383, 3.4619674682617188, 3.461487293243408, 3.4611804485321045, 3.460841655731201, 3.4605791568756104, 3.460160970687866, 3.4596948623657227, 3.4593474864959717, 3.459012985229492, 3.458676338195801, 3.458139657974243, 3.4579436779022217, 3.457688331604004, 3.45756196975708, 3.4574882984161377, 3.4572887420654297, 3.4569990634918213, 3.456592559814453, 3.456284761428833, 3.4555630683898926, 3.4551351070404053, 3.4548227787017822, 3.4544105529785156, 3.4540457725524902, 3.4538049697875977, 3.453714370727539, 3.453505516052246, 3.4535064697265625, 3.453463077545166, 3.453385353088379, 3.4531242847442627, 3.452692747116089, 3.4523720741271973, 3.451791763305664, 3.451183319091797, 3.450681447982788, 3.450295925140381, 3.4499332904815674, 3.449974775314331, 3.449828863143921, 3.449596405029297, 3.449334144592285, 3.4491539001464844, 3.4487721920013428, 3.44854474067688, 3.448079824447632, 3.4476239681243896, 3.4473812580108643, 3.447097063064575, 3.4469170570373535, 3.4467830657958984, 3.446866989135742, 3.446685314178467, 3.446509838104248, 3.446481943130493, 3.4460184574127197, 3.4457778930664062, 3.445272445678711],