{"loss": [6.116008758544922, 6.591059684753418, 6.311068534851074, 6.321113586425781, 6.372390270233154, 6.2987380027771, 6.259402275085449, 6.284335136413574, 6.32162618637085, 6.271636962890625, 6.217744827270508, 6.193878650665283, 6.222569465637207, 6.259910583496094, 6.245131969451904, 6.202712535858154, 6.186819553375244, 6.17682409286499, 6.20311164855957, 6.199475288391113, 6.18391752243042, 6.165660858154297, 6.185435771942139, 6.178414344787598, 6.1586713790893555, 6.159201622009277, 6.16093111038208, 6.167724132537842, 6.162556171417236, 6.167720794677734, 6.1468119621276855, 6.146032810211182, 6.153392314910889, 6.146614074707031, 6.147669792175293, 6.135804653167725, 6.134438991546631, 6.1396636962890625, 6.134011268615723, 6.136262893676758, 6.141257286071777, 6.132979393005371, 6.134458541870117, 6.140390872955322, 6.128866195678711, 6.136301040649414, 6.139188766479492, 6.131644248962402, 6.127102851867676, 6.125761032104492, 6.113825798034668, 6.1241350173950195, 6.1151957511901855, 6.115974426269531, 6.1155805587768555, 6.101174354553223, 6.11029052734375, 6.112051486968994, 6.1031670570373535, 6.1189703941345215, 6.114828109741211, 6.102766513824463, 6.096167087554932, 6.104485511779785, 6.099701881408691, 6.103879928588867, 6.106929779052734, 6.107814788818359, 6.106748104095459, 6.100610733032227, 6.0952982902526855, 6.09514045715332, 6.086459636688232, 6.090941905975342, 6.087964057922363, 6.095590591430664, 6.100253105163574, 6.088391304016113, 6.084336280822754, 6.093930721282959, 6.091119766235352, 6.099912643432617, 6.072015285491943, 6.091820240020752, 6.082118511199951, 6.080009460449219, 6.078552722930908, 6.072643756866455, 6.082565784454346, 6.083549499511719, 6.088087558746338, 6.080376148223877, 6.073390960693359, 6.0797929763793945, 6.08004093170166, 6.069507598876953, 6.083763122558594, 6.081883430480957, 6.062455654144287, 6.0615973472595215], "adaptive_loss": [0.009849794209003448, 0.014323712326586246, 0.011718379333615303, 0.012011241167783737, 0.012591524980962276, 0.011821694672107697, 0.011353879235684872, 0.011535067111253738, 0.01188233494758606, 0.011409284546971321, 0.010929754003882408, 0.010763597674667835, 0.011113605462014675, 0.011526254937052727, 0.011382504366338253, 0.010938315652310848, 0.01075099315494299, 0.010628131218254566, 0.010885217227041721, 0.010868211276829243, 0.010752692818641663, 0.010616041719913483, 0.010858516208827496, 0.010817854665219784, 0.010630222968757153, 0.010627075098454952, 0.01062795054167509, 0.010683502070605755, 0.010630559176206589, 0.01069448422640562, 0.010512768290936947, 0.010540197603404522, 0.010644417256116867, 0.01059530396014452, 0.010612073354423046, 0.010490714572370052, 0.010470801033079624, 0.010521254502236843, 0.010477249510586262, 0.010521319694817066, 0.010597268119454384, 0.010538301430642605, 0.010573187842965126, 0.010641098022460938, 0.010524202138185501, 0.010594921186566353, 0.010620670393109322, 0.010549843311309814, 0.010523282922804356, 0.01053380686789751, 0.010438061319291592, 0.010559852235019207, 0.010481629520654678, 0.010492064990103245, 0.010487762279808521, 0.01034646574407816, 0.010443058796226978, 0.010471852496266365, 0.010398807004094124, 0.010576149448752403, 0.010549991391599178, 0.010440768674015999, 0.010384367778897285, 0.010474174283444881, 0.0104305325075984, 0.010476196184754372, 0.010517752729356289, 0.01054282858967781, 0.010546350851655006, 0.010495304130017757, 0.01045142114162445, 0.01046148594468832, 0.010380825959146023, 0.010431753471493721, 0.01040850393474102, 0.01049942895770073, 0.010558282025158405, 0.01045161485671997, 0.010426253080368042, 0.010530904866755009, 0.010508677922189236, 0.01060413382947445, 0.010328145697712898, 0.010534577071666718, 0.010449987836182117, 0.0104364650323987, 0.01043675560504198, 0.010391711257398129, 0.010500931181013584, 0.01051707100123167, 0.010568703524768353, 0.010498601011931896, 0.01043758075684309, 0.010515314526855946, 0.010529186576604843, 0.010434347204864025, 0.010585494339466095, 0.010574892163276672, 0.010388131253421307, 0.010386336594820023], "bpp_loss": [5.13102912902832, 5.158688545227051, 5.139230728149414, 5.119989395141602, 5.1132378578186035, 5.116568565368652, 5.124014377593994, 5.130828380584717, 5.133392810821533, 5.130708694458008, 5.124769687652588, 5.117518901824951, 5.111208915710449, 5.107285022735596, 5.106881618499756, 5.108880996704102, 5.111720085144043, 5.114010810852051, 5.114589691162109, 5.112654209136963, 5.108648300170898, 5.1040568351745605, 5.099584102630615, 5.096628665924072, 5.095649242401123, 5.096494197845459, 5.098135948181152, 5.099373817443848, 5.0995001792907715, 5.098272323608398, 5.0955352783203125, 5.092012882232666, 5.0889506340026855, 5.08708381652832, 5.086462497711182, 5.086733341217041, 5.0873589515686035, 5.087538242340088, 5.0862860679626465, 5.084130764007568, 5.081530570983887, 5.07914924621582, 5.077139854431152, 5.0762810707092285, 5.076446056365967, 5.076808929443359, 5.077121734619141, 5.07666015625, 5.074774742126465, 5.072380065917969, 5.070019721984863, 5.068150043487549, 5.067032814025879, 5.066767692565918, 5.0668044090271, 5.066527843475342, 5.065984725952148, 5.064866065979004, 5.063286304473877, 5.0613555908203125, 5.059828758239746, 5.058689594268799, 5.057730197906494, 5.05706787109375, 5.0566487312316895, 5.056260108947754, 5.055154800415039, 5.053532123565674, 5.052113056182861, 5.051080226898193, 5.050156116485596, 5.048992156982422, 5.04837703704834, 5.04776668548584, 5.047113418579102, 5.045647621154785, 5.044425010681152, 5.043229579925537, 5.04171085357666, 5.040840148925781, 5.040252208709717, 5.039499282836914, 5.039200782775879, 5.038362503051758, 5.0371198654174805, 5.036363124847412, 5.034877300262451, 5.033472537994385, 5.032472610473633, 5.031842231750488, 5.031217098236084, 5.030516147613525, 5.029633045196533, 5.028261661529541, 5.027122497558594, 5.026072978973389, 5.025213718414307, 5.0243940353393555, 5.023642539978027, 5.022963523864746],