{"loss": [6.1610870361328125, 6.839779853820801, 6.416141033172607, 6.340853691101074, 6.423332691192627, 6.38748025894165, 6.3336567878723145, 6.3404035568237305, 6.376842021942139, 6.316946029663086, 6.235701560974121, 6.21104097366333, 6.242255210876465, 6.300509929656982, 6.280143737792969, 6.225263595581055, 6.203682899475098, 6.228708267211914, 6.223757266998291, 6.214071750640869, 6.20423698425293, 6.1938066482543945, 6.1987457275390625, 6.195827960968018, 6.2021589279174805, 6.192568302154541, 6.191991329193115, 6.180340766906738, 6.196798324584961, 6.190398216247559, 6.185997009277344, 6.170800685882568, 6.196191310882568, 6.17653226852417, 6.17616605758667, 6.171820640563965, 6.161709308624268, 6.143712520599365, 6.16420841217041, 6.162528038024902, 6.143507480621338, 6.1533002853393555, 6.154088020324707, 6.155570030212402, 6.151910781860352, 6.1340532302856445, 6.161577224731445, 6.160303592681885, 6.137693881988525, 6.154266834259033, 6.1511735916137695, 6.1455254554748535, 6.138916492462158, 6.145763874053955, 6.151688575744629, 6.142036437988281, 6.155586242675781, 6.1362104415893555, 6.142826080322266, 6.137860298156738, 6.148657321929932, 6.1459808349609375, 6.153635025024414, 6.1332807540893555, 6.142762660980225, 6.134032249450684, 6.130003929138184, 6.117165565490723, 6.149389266967773, 6.123716831207275, 6.125002384185791, 6.1288042068481445, 6.107206344604492, 6.124908924102783, 6.1220502853393555, 6.101499557495117, 6.114755153656006, 6.111240863800049, 6.11123514175415, 6.131860733032227, 6.118043899536133, 6.094573020935059, 6.120467185974121, 6.117239952087402, 6.1143341064453125, 6.120894432067871, 6.108748435974121, 6.113550662994385, 6.100706100463867, 6.132233142852783, 6.123392581939697, 6.101754665374756, 6.101705074310303, 6.11091423034668, 6.093727111816406, 6.109696865081787, 6.112388610839844, 6.09340763092041, 6.097509384155273, 6.091808319091797], "adaptive_loss": [0.010263706557452679, 0.016779325902462006, 0.012709129601716995, 0.012136816047132015, 0.01303927507251501, 0.01266737561672926, 0.012067061848938465, 0.01206949818879366, 0.012399460189044476, 0.011814274825155735, 0.011053898371756077, 0.010875832289457321, 0.011249396950006485, 0.011869082227349281, 0.011667520739138126, 0.011100461706519127, 0.010858089663088322, 0.011090808548033237, 0.01104085985571146, 0.010968980379402637, 0.010909579694271088, 0.010851248167455196, 0.010938991792500019, 0.010931595228612423, 0.011002179235219955, 0.010899657383561134, 0.010877750813961029, 0.010751726105809212, 0.010918651707470417, 0.01087342482060194, 0.01085973996669054, 0.010745130479335785, 0.011026757769286633, 0.010845307260751724, 0.010845912620425224, 0.010793384164571762, 0.010687385685741901, 0.010508446022868156, 0.010724310763180256, 0.01072766724973917, 0.010565348900854588, 0.010688051581382751, 0.010713265277445316, 0.010735912248492241, 0.010702107101678848, 0.010524129495024681, 0.010802734643220901, 0.010799904353916645, 0.010590904392302036, 0.010775923728942871, 0.010762996971607208, 0.0107163330540061, 0.010656801052391529, 0.010729464702308178, 0.010793597437441349, 0.010704201646149158, 0.010850503109395504, 0.010676458477973938, 0.010762551799416542, 0.010729635134339333, 0.010849935002624989, 0.010825660079717636, 0.010902290232479572, 0.010697515681385994, 0.010799318552017212, 0.010726850479841232, 0.010704495944082737, 0.010594422928988934, 0.010932180099189281, 0.010684062726795673, 0.010701642371714115, 0.010742981918156147, 0.010531316511332989, 0.010715569369494915, 0.01070204097777605, 0.010515677742660046, 0.010664024390280247, 0.010637035593390465, 0.010643254034221172, 0.01085447147488594, 0.010718284174799919, 0.010494631715118885, 0.010769207030534744, 0.01075510773807764, 0.010738793760538101, 0.010809801518917084, 0.010692109353840351, 0.010744976811110973, 0.010620979592204094, 0.01094549149274826, 0.010870036669075489, 0.010666470043361187, 0.010675767436623573, 0.010775454342365265, 0.010609916411340237, 0.010779189877212048, 0.010816387832164764, 0.01064081210643053, 0.010694758035242558, 0.010646930895745754], "bpp_loss": [5.134716510772705, 5.161847114562988, 5.145227909088135, 5.127171993255615, 5.119405269622803, 5.1207427978515625, 5.126950740814209, 5.133453845977783, 5.136896133422852, 5.135518550872803, 5.130311965942383, 5.123457908630371, 5.117315769195557, 5.1136016845703125, 5.113391876220703, 5.115217208862305, 5.117873668670654, 5.119627475738525, 5.11967134475708, 5.117173671722412, 5.113278865814209, 5.108681678771973, 5.104846477508545, 5.102668285369873, 5.101941108703613, 5.102602481842041, 5.1042160987854, 5.105167865753174, 5.104933261871338, 5.103055477142334, 5.100022792816162, 5.096287727355957, 5.093515396118164, 5.092001438140869, 5.091574668884277, 5.092482089996338, 5.092970848083496, 5.092867851257324, 5.091777324676514, 5.089761257171631, 5.086972713470459, 5.0844950675964355, 5.082761764526367, 5.081978797912598, 5.081699848175049, 5.081640243530273, 5.081303596496582, 5.080313205718994, 5.078603267669678, 5.076674461364746, 5.074873924255371, 5.073892116546631, 5.073236465454102, 5.072817325592041, 5.072329044342041, 5.071616172790527, 5.070535659790039, 5.0685648918151855, 5.06657075881958, 5.064897060394287, 5.063663959503174, 5.063414573669434, 5.063405990600586, 5.063529014587402, 5.062830924987793, 5.061347007751465, 5.059554100036621, 5.057723522186279, 5.056171417236328, 5.0553107261657715, 5.054838180541992, 5.054506301879883, 5.054074764251709, 5.053351879119873, 5.051846027374268, 5.049931526184082, 5.0483527183532715, 5.047537326812744, 5.046909809112549, 5.046413421630859, 5.046215534210205, 5.045109748840332, 5.043546199798584, 5.041728973388672, 5.040454864501953, 5.039914131164551, 5.03953742980957, 5.039052963256836, 5.038608074188232, 5.037683963775635, 5.036388874053955, 5.035107612609863, 5.034128189086914, 5.0333685874938965, 5.032735347747803, 5.031777858734131, 5.030749797821045, 5.029326438903809, 5.02803373336792, 5.027115345001221],