{"loss": [3.8666443824768066, 4.258796215057373, 4.062656402587891, 4.002139091491699, 4.032458782196045, 4.078279495239258, 4.072299957275391, 4.040276050567627, 4.012457847595215, 3.9806621074676514, 3.991036891937256, 3.9975719451904297, 4.005001544952393, 3.9989380836486816, 3.9864144325256348, 3.979861259460449, 3.9514689445495605, 3.9497389793395996, 3.9550211429595947, 3.9620323181152344, 3.9643375873565674, 3.967597246170044, 3.952463150024414, 3.9415619373321533, 3.939401149749756, 3.9413633346557617, 3.9469070434570312, 3.948883533477783, 3.948392868041992, 3.9560160636901855, 3.9359774589538574, 3.942150592803955, 3.924187421798706, 3.9244744777679443, 3.9327847957611084, 3.943005084991455, 3.927973747253418, 3.9383606910705566, 3.92502760887146, 3.9243435859680176, 3.9272422790527344, 3.9205548763275146, 3.9317314624786377, 3.9254913330078125, 3.918760061264038, 3.9263932704925537, 3.9207961559295654, 3.9325525760650635, 3.9245004653930664, 3.9129674434661865, 3.9235281944274902, 3.9195058345794678, 3.9164469242095947, 3.9178059101104736, 3.90505051612854, 3.9159419536590576, 3.9115726947784424, 3.915499210357666, 3.917604923248291, 3.9075124263763428, 3.91338849067688, 3.9114298820495605, 3.9043328762054443, 3.9099464416503906, 3.9058847427368164, 3.907834053039551, 3.8985278606414795, 3.917816638946533, 3.915766477584839, 3.9023430347442627, 3.8998188972473145, 3.898409366607666, 3.8999576568603516, 3.909707546234131, 3.904428005218506, 3.905600070953369, 3.9136228561401367, 3.90667724609375, 3.9069976806640625, 3.8898541927337646, 3.8940834999084473, 3.9003822803497314, 3.895632266998291, 3.896329641342163, 3.900496244430542, 3.892709970474243, 3.8979880809783936, 3.8907437324523926, 3.903135299682617, 3.899653911590576, 3.900023937225342, 3.8883447647094727, 3.898667097091675, 3.879155397415161, 3.881859302520752, 3.8922781944274902, 3.8894546031951904, 3.8884575366973877, 3.8904850482940674, 3.890599250793457], "adaptive_loss": [0.006218055263161659, 0.010137577541172504, 0.008203613571822643, 0.007623554673045874, 0.00794905424118042, 0.008430099114775658, 0.008390763774514198, 0.008088872767984867, 0.007826319895684719, 0.007523021195083857, 0.00763836782425642, 0.007712385151535273, 0.0077965338714420795, 0.007744743488729, 0.0076264687813818455, 0.007567860651761293, 0.007290569134056568, 0.007279008626937866, 0.007336428854614496, 0.007411101832985878, 0.0074396152049303055, 0.007477071601897478, 0.007332324516028166, 0.007230835501104593, 0.007217132020741701, 0.007246782537549734, 0.007309931330382824, 0.007338620722293854, 0.007342773023992777, 0.0074269529432058334, 0.00723534170538187, 0.007305321283638477, 0.007133684121072292, 0.00714453449472785, 0.007235267665237188, 0.007344082463532686, 0.007202069275081158, 0.007313576992601156, 0.0071863653138279915, 0.0071866209618747234, 0.007220580242574215, 0.007160193752497435, 0.007278473116457462, 0.007220950908958912, 0.007158653810620308, 0.007241800427436829, 0.007192489691078663, 0.007316698785871267, 0.007243224419653416, 0.007137006148695946, 0.007249054964631796, 0.007218220271170139, 0.007195872720330954, 0.007216508965939283, 0.007097369059920311, 0.007213813718408346, 0.007179166655987501, 0.007225182838737965, 0.007254165131598711, 0.007160115521401167, 0.007225894369184971, 0.007212135475128889, 0.007146113086491823, 0.007207778748124838, 0.007172602228820324, 0.007196811493486166, 0.007107594516128302, 0.007307013496756554, 0.007291626650840044, 0.007163488306105137, 0.007145717274397612, 0.007139718160033226, 0.007162732072174549, 0.007268513552844524, 0.007224016822874546, 0.007244943641126156, 0.007332701701670885, 0.007269912399351597, 0.007279920857399702, 0.007113087922334671, 0.0071601648814976215, 0.007228747010231018, 0.007186065893620253, 0.007199797313660383, 0.007247074041515589, 0.007174273021519184, 0.007233898155391216, 0.007169573567807674, 0.007300693076103926, 0.007272237911820412, 0.007282780483365059, 0.0071716709062457085, 0.007282373495399952, 0.007093088235706091, 0.007125692442059517, 0.007235908880829811, 0.00721428357064724, 0.007210743147879839, 0.007238204590976238, 0.007247208617627621], "bpp_loss": [3.2448389530181885, 3.2450385093688965, 3.242295265197754, 3.239783763885498, 3.237553358078003, 3.235269546508789, 3.2332236766815186, 3.231388807296753, 3.229825973510742, 3.2283599376678467, 3.2272000312805176, 3.2263333797454834, 3.2253482341766357, 3.224463701248169, 3.2237675189971924, 3.2230751514434814, 3.222412109375, 3.2218382358551025, 3.2213783264160156, 3.2209219932556152, 3.2203760147094727, 3.2198901176452637, 3.2192306518554688, 3.2184784412384033, 3.2176880836486816, 3.2166850566864014, 3.215913772583008, 3.2150213718414307, 3.214115619659424, 3.213320732116699, 3.2124433517456055, 3.211618423461914, 3.2108190059661865, 3.2100210189819336, 3.2092580795288086, 3.20859694480896, 3.2077667713165283, 3.207003116607666, 3.2063910961151123, 3.205681562423706, 3.2051842212677, 3.204535484313965, 3.2038841247558594, 3.2033963203430176, 3.202894687652588, 3.2022132873535156, 3.201547145843506, 3.20088267326355, 3.2001779079437256, 3.1992669105529785, 3.198622703552246, 3.197683811187744, 3.19685959815979, 3.196155071258545, 3.1953136920928955, 3.1945605278015137, 3.1936559677124023, 3.192981004714966, 3.1921885013580322, 3.1915009021759033, 3.1907989978790283, 3.190216302871704, 3.1897215843200684, 3.1891684532165527, 3.188624382019043, 3.188153028488159, 3.1877684593200684, 3.187115430831909, 3.1866037845611572, 3.1859941482543945, 3.1852471828460693, 3.1844375133514404, 3.1836843490600586, 3.182856321334839, 3.1820263862609863, 3.181105613708496, 3.1803526878356934, 3.1796860694885254, 3.1790056228637695, 3.1785454750061035, 3.1780669689178467, 3.1775076389312744, 3.17702579498291, 3.1763498783111572, 3.1757888793945312, 3.1752827167510986, 3.174598217010498, 3.1737864017486572, 3.1730661392211914, 3.1724300384521484, 3.171746015548706, 3.171177625656128, 3.1704297065734863, 3.169846534729004, 3.169290065765381, 3.168687343597412, 3.1680262088775635, 3.1673831939697266, 3.1666646003723145, 3.1658782958984375],