{"loss": [5.568495273590088, 6.3009490966796875, 5.876376628875732, 5.796455383300781, 5.94879150390625, 5.883246421813965, 5.844932556152344, 5.831324577331543, 5.81446647644043, 5.7612457275390625, 5.741109371185303, 5.7348432540893555, 5.770401477813721, 5.784090995788574, 5.711184024810791, 5.699636936187744, 5.678379535675049, 5.7035112380981445, 5.702942371368408, 5.708646297454834, 5.699215888977051, 5.680000305175781, 5.664690017700195, 5.693418025970459, 5.672734260559082, 5.686821937561035, 5.676951885223389, 5.662254333496094, 5.693790435791016, 5.668264865875244, 5.653342247009277, 5.6358962059021, 5.648799419403076, 5.667691230773926, 5.652822494506836, 5.649281978607178, 5.642184257507324, 5.650739669799805, 5.658370494842529, 5.653928756713867, 5.636281967163086, 5.639768600463867, 5.633485794067383, 5.652429103851318, 5.658073425292969, 5.627260684967041, 5.650465965270996, 5.643164157867432, 5.648664474487305, 5.603393077850342, 5.622166156768799, 5.649951934814453, 5.629790306091309, 5.621621608734131, 5.626156330108643, 5.609921455383301, 5.6217241287231445, 5.6191606521606445, 5.617748260498047, 5.634651184082031, 5.630763053894043, 5.610729217529297, 5.629134178161621, 5.602968215942383, 5.614978790283203, 5.605110168457031, 5.630579471588135, 5.634995460510254, 5.637360572814941, 5.616952896118164, 5.622037887573242, 5.629222869873047, 5.616536617279053, 5.632420539855957, 5.604298114776611, 5.622648239135742, 5.617071151733398, 5.630860805511475, 5.611536026000977, 5.614966869354248, 5.5927958488464355, 5.608331203460693, 5.605669021606445, 5.619658470153809, 5.612669944763184, 5.599879741668701, 5.620080947875977, 5.603214740753174, 5.604704856872559, 5.6013994216918945, 5.594420433044434, 5.616265296936035, 5.60582971572876, 5.600667476654053, 5.6198272705078125, 5.594798564910889, 5.5952653884887695, 5.611852169036865, 5.620472431182861, 5.619037628173828], "adaptive_loss": [0.009332986548542976, 0.01642480492591858, 0.01232249103486538, 0.01166850421577692, 0.013253594748675823, 0.012576691806316376, 0.01213481929153204, 0.011947795748710632, 0.01175777893513441, 0.011242714710533619, 0.011085085570812225, 0.011073353700339794, 0.01147393323481083, 0.011636663228273392, 0.010911726392805576, 0.010783253237605095, 0.010551978833973408, 0.010792858898639679, 0.010789218358695507, 0.010862377472221851, 0.010794946923851967, 0.010632116347551346, 0.01050105132162571, 0.010801614262163639, 0.01059674471616745, 0.010729222558438778, 0.010625978000462055, 0.010474877431988716, 0.010795537382364273, 0.010548548772931099, 0.010420196689665318, 0.010267113335430622, 0.01041546929627657, 0.01061644684523344, 0.01047486625611782, 0.010438689030706882, 0.010361865162849426, 0.01044783927500248, 0.010530990548431873, 0.010497024282813072, 0.01033754087984562, 0.01038809958845377, 0.010339617729187012, 0.010534161701798439, 0.010589493438601494, 0.010279841721057892, 0.01051133219152689, 0.010444211773574352, 0.010514304973185062, 0.010079693980515003, 0.01028156653046608, 0.010567578487098217, 0.010366915725171566, 0.010283499956130981, 0.010323373600840569, 0.01016271859407425, 0.01029139757156372, 0.010282202623784542, 0.01028545293956995, 0.010465962812304497, 0.010434199124574661, 0.01023847796022892, 0.010425492189824581, 0.010166016407310963, 0.010293317027390003, 0.010197177529335022, 0.010461349040269852, 0.010513873770833015, 0.010542776435613632, 0.010345795191824436, 0.01039982307702303, 0.010475670918822289, 0.010361428372561932, 0.010535449720919132, 0.010260428301990032, 0.010444335639476776, 0.010391323827207088, 0.010530699975788593, 0.010345826856791973, 0.010390237905085087, 0.010179076343774796, 0.010345229879021645, 0.010324588045477867, 0.010464071296155453, 0.01039379183202982, 0.010272317565977573, 0.010479019954800606, 0.01031977217644453, 0.010346677154302597, 0.010323449037969112, 0.010260248556733131, 0.010483142919838428, 0.01038388255983591, 0.010331455618143082, 0.010526476427912712, 0.010285940021276474, 0.010297108441591263, 0.010471830144524574, 0.010568281635642052, 0.01056196540594101], "bpp_loss": [4.635196685791016, 4.658468723297119, 4.644127368927002, 4.629604816436768, 4.623432159423828, 4.625576972961426, 4.631450653076172, 4.636544704437256, 4.638688564300537, 4.636974334716797, 4.632600784301758, 4.627508163452148, 4.6230082511901855, 4.620424747467041, 4.620011329650879, 4.621311664581299, 4.6231818199157715, 4.624225616455078, 4.624020576477051, 4.622408390045166, 4.619721412658691, 4.616788387298584, 4.614584922790527, 4.613256454467773, 4.613059997558594, 4.6138997077941895, 4.614354133605957, 4.614766597747803, 4.614236831665039, 4.613409996032715, 4.611322402954102, 4.609184741973877, 4.607252597808838, 4.606046676635742, 4.605335712432861, 4.60541296005249, 4.605997562408447, 4.605955600738525, 4.605271339416504, 4.604226112365723, 4.602528095245361, 4.600958347320557, 4.599524021148682, 4.599012851715088, 4.599123954772949, 4.599276542663574, 4.599332809448242, 4.598742961883545, 4.597233772277832, 4.595423698425293, 4.5940093994140625, 4.593194007873535, 4.5930986404418945, 4.593271732330322, 4.5938191413879395, 4.593649864196777, 4.592584133148193, 4.590940475463867, 4.589202880859375, 4.588054656982422, 4.587343215942383, 4.586881637573242, 4.58658504486084, 4.586366653442383, 4.585647106170654, 4.585392475128174, 4.584444522857666, 4.583608150482178, 4.583083152770996, 4.58237361907959, 4.582055568695068, 4.581655502319336, 4.5803937911987305, 4.578875541687012, 4.5782551765441895, 4.578214645385742, 4.577938556671143, 4.5777907371521, 4.576953411102295, 4.5759429931640625, 4.574888229370117, 4.573808193206787, 4.5732102394104, 4.573251247406006, 4.573290824890137, 4.572648048400879, 4.572178840637207, 4.571237564086914, 4.570037364959717, 4.56905460357666, 4.568395614624023, 4.56795072555542, 4.567441463470459, 4.567522048950195, 4.5671796798706055, 4.56620454788208, 4.565554618835449, 4.564669132232666, 4.5636444091796875, 4.562840938568115],