{"loss": [5.104333877563477, 5.61094856262207, 5.415746688842773, 5.28095006942749, 5.319132328033447, 5.390839576721191, 5.4047770500183105, 5.362804889678955, 5.294615745544434, 5.261871814727783, 5.2515435218811035, 5.294997215270996, 5.287701606750488, 5.268674373626709, 5.281859397888184, 5.24752140045166, 5.240854263305664, 5.220698356628418, 5.235015392303467, 5.23360538482666, 5.249926567077637, 5.234840393066406, 5.236448764801025, 5.214098930358887, 5.205355644226074, 5.216180324554443, 5.227213382720947, 5.198378086090088, 5.227199554443359, 5.203299045562744, 5.223602771759033, 5.2296142578125, 5.201674461364746, 5.20266580581665, 5.203001499176025, 5.2159647941589355, 5.209028720855713, 5.214369297027588, 5.2133378982543945, 5.187106609344482, 5.199861526489258, 5.1921772956848145, 5.2015700340271, 5.20404052734375, 5.205291271209717, 5.199349403381348, 5.197406768798828, 5.185391426086426, 5.189809799194336, 5.202545642852783, 5.194323539733887, 5.2073187828063965, 5.204319000244141, 5.189811706542969, 5.182940483093262, 5.19402551651001, 5.185590744018555, 5.188168525695801, 5.189240455627441, 5.186659812927246, 5.177038192749023, 5.195624351501465, 5.189699172973633, 5.204823970794678, 5.189896583557129, 5.185377597808838, 5.1867523193359375, 5.20020866394043, 5.178605556488037, 5.177544593811035, 5.164144992828369, 5.1926751136779785, 5.192699432373047, 5.182304382324219, 5.179195404052734, 5.192238807678223, 5.154735565185547, 5.19149923324585, 5.185003280639648, 5.175996780395508, 5.180459022521973, 5.1678466796875, 5.170734882354736, 5.172492980957031, 5.174060821533203, 5.189726829528809, 5.181584358215332, 5.187854290008545, 5.186882495880127, 5.192706108093262, 5.196730613708496, 5.184751033782959, 5.1700592041015625, 5.176766872406006, 5.176513671875, 5.174835205078125, 5.185081958770752, 5.185530185699463, 5.170282363891602, 5.175683498382568], "adaptive_loss": [0.00815502181649208, 0.013302087783813477, 0.011413736268877983, 0.010100559331476688, 0.010493068024516106, 0.01120760291814804, 0.011339837685227394, 0.010913853533565998, 0.010225641541182995, 0.009890260174870491, 0.009784983471035957, 0.0102213304489851, 0.010152709670364857, 0.009970025159418583, 0.010112125426530838, 0.009780566208064556, 0.009724650532007217, 0.0095357121899724, 0.009689593687653542, 0.009684481658041477, 0.009857039898633957, 0.00971378292888403, 0.009733975864946842, 0.00951377023011446, 0.00942870881408453, 0.009540718980133533, 0.009653494693338871, 0.009366974234580994, 0.009659660048782825, 0.009423068724572659, 0.009632500819861889, 0.009695003740489483, 0.00942110363394022, 0.009437188506126404, 0.009445303119719028, 0.00958008412271738, 0.009514741599559784, 0.009575700387358665, 0.009571832604706287, 0.009316382929682732, 0.009451157413423061, 0.009379022754728794, 0.009477535262703896, 0.009506252594292164, 0.009522921405732632, 0.00946644227951765, 0.009450539946556091, 0.009335060603916645, 0.009384198114275932, 0.009513694792985916, 0.009436412714421749, 0.009570034220814705, 0.009543204680085182, 0.009399971924722195, 0.009333974681794643, 0.009450318291783333, 0.009371679276227951, 0.009404689073562622, 0.009422210976481438, 0.009402197785675526, 0.009311563335359097, 0.009502074681222439, 0.009448139928281307, 0.009600642137229443, 0.009455396793782711, 0.009413213469088078, 0.009431428276002407, 0.009568137116730213, 0.009355834685266018, 0.00934378057718277, 0.009212986566126347, 0.009499951265752316, 0.009502976201474667, 0.009401785209774971, 0.00937722809612751, 0.0095127634704113, 0.009144575335085392, 0.009519774466753006, 0.009462148882448673, 0.009377367794513702, 0.009427700191736221, 0.009304911829531193, 0.009338075295090675, 0.009355375543236732, 0.009372924454510212, 0.009525150991976261, 0.009445838630199432, 0.009510629810392857, 0.009501932188868523, 0.009565823711454868, 0.009611747227609158, 0.009498910047113895, 0.009358475916087627, 0.009429599158465862, 0.009432656690478325, 0.009420339949429035, 0.009525224566459656, 0.009531324729323387, 0.009379799477756023, 0.009436680004000664], "bpp_loss": [4.28883171081543, 4.280739784240723, 4.2743730545043945, 4.2708940505981445, 4.269825458526611, 4.270079135894775, 4.270793437957764, 4.271419525146484, 4.272051811218262, 4.27284574508667, 4.273045063018799, 4.27286434173584, 4.272430896759033, 4.271671772003174, 4.270647048950195, 4.26946496963501, 4.2683892250061035, 4.26712703704834, 4.266056060791016, 4.265157222747803, 4.264222621917725, 4.263462066650391, 4.2630510330200195, 4.262722015380859, 4.262484550476074, 4.262108325958252, 4.261863708496094, 4.261680603027344, 4.261233806610107, 4.260992050170898, 4.260352611541748, 4.260113716125488, 4.25956392288208, 4.258946895599365, 4.2584710121154785, 4.257956504821777, 4.257554531097412, 4.256799221038818, 4.256154537200928, 4.255468368530273, 4.254745960235596, 4.254274845123291, 4.253816604614258, 4.253415107727051, 4.252999305725098, 4.252705097198486, 4.252352714538574, 4.251885414123535, 4.251389980316162, 4.251176357269287, 4.250682353973389, 4.250315189361572, 4.249998569488525, 4.249814510345459, 4.249543190002441, 4.248993873596191, 4.248422622680664, 4.247699737548828, 4.247019290924072, 4.2464399337768555, 4.245882034301758, 4.24541711807251, 4.244885444641113, 4.244759559631348, 4.244357109069824, 4.244056224822998, 4.243609428405762, 4.24339485168457, 4.2430219650268555, 4.243166446685791, 4.242846488952637, 4.242680072784424, 4.242402076721191, 4.242125988006592, 4.2414727210998535, 4.240962505340576, 4.2402777671813965, 4.2395219802856445, 4.23878812789917, 4.238259792327881, 4.237689018249512, 4.237355709075928, 4.236927509307861, 4.236955642700195, 4.2367682456970215, 4.23721170425415, 4.237000465393066, 4.236791133880615, 4.23668909072876, 4.236123561859131, 4.235556125640869, 4.234859943389893, 4.234211444854736, 4.23380708694458, 4.233248233795166, 4.23280143737793, 4.232559680938721, 4.232397556304932, 4.232302665710449, 4.232015609741211],