{"loss": [4.8763203620910645, 5.951511383056641, 5.17709493637085, 5.123607635498047, 5.370779037475586, 5.387618064880371, 5.256824970245361, 5.1095781326293945, 5.070547103881836, 5.142807483673096, 5.16408634185791, 5.184147834777832, 5.114745140075684, 5.066070079803467, 5.045315265655518, 5.031975269317627, 5.06013298034668, 5.0758233070373535, 5.057012557983398, 5.043896675109863, 5.034669876098633, 5.009077548980713, 5.015517234802246, 5.008462429046631, 5.013979434967041, 5.024566173553467, 5.017959117889404, 5.02495002746582, 4.9987568855285645, 4.997396945953369, 4.990689277648926, 5.001704692840576, 5.002655029296875, 5.005339622497559, 4.987022399902344, 4.98781681060791, 4.97183895111084, 4.98372745513916, 4.985764980316162, 4.99223518371582, 4.993544578552246, 4.991153240203857, 4.982302665710449, 4.9797163009643555, 4.990604877471924, 4.987678527832031, 4.975960731506348, 4.994358539581299, 4.972127914428711, 4.978701591491699, 4.989027976989746, 4.980483055114746, 4.982887268066406, 4.96563720703125, 4.970582008361816, 4.990530490875244, 4.964382648468018, 4.9823737144470215, 4.990642547607422, 4.988808631896973, 4.987048625946045, 4.989034175872803, 4.977572441101074, 4.984978199005127, 4.97530460357666, 4.9706244468688965, 4.997534275054932, 4.994871139526367, 4.987241268157959, 4.988887786865234, 4.982962608337402, 4.984297275543213, 4.99644136428833, 4.974740028381348, 4.984776496887207, 4.977164268493652, 5.0038862228393555, 4.9899396896362305, 4.974276065826416, 4.964909076690674, 4.979727268218994, 4.965414047241211, 4.969846725463867, 4.962676048278809, 4.974327564239502, 4.982639312744141, 4.984144687652588, 4.9783406257629395, 4.976608753204346, 4.966451168060303, 4.977263450622559, 4.996123313903809, 4.9849324226379395, 4.97343635559082, 4.981112480163574, 4.980393409729004, 4.9616498947143555, 4.968406677246094, 4.981830596923828, 4.9659600257873535], "adaptive_loss": [0.00793897919356823, 0.018549129366874695, 0.01089675072580576, 0.01045554131269455, 0.012989582493901253, 0.013176991604268551, 0.01186392828822136, 0.01036835741251707, 0.009961693547666073, 0.010676317848265171, 0.010894577018916607, 0.011113296262919903, 0.010441826656460762, 0.009971490129828453, 0.009770439006388187, 0.00963029358536005, 0.009899105876684189, 0.010037821717560291, 0.009836886078119278, 0.009700623340904713, 0.009612354449927807, 0.009366987273097038, 0.009449554607272148, 0.009394112043082714, 0.009458838030695915, 0.009569310583174229, 0.009503866545855999, 0.009568517096340656, 0.009304320439696312, 0.009289889596402645, 0.009225601330399513, 0.009341203607618809, 0.009359436109662056, 0.009395009838044643, 0.009218506515026093, 0.009231380186975002, 0.009075682610273361, 0.009193377569317818, 0.009212491102516651, 0.009275454096496105, 0.009287071414291859, 0.009267343208193779, 0.009183906018733978, 0.009161516092717648, 0.009274509735405445, 0.009252525866031647, 0.009139010682702065, 0.009325281716883183, 0.009106370620429516, 0.00917320977896452, 0.009278910234570503, 0.009196007624268532, 0.009219501167535782, 0.009048721753060818, 0.009097661823034286, 0.009300732053816319, 0.00904464814811945, 0.009233091957867146, 0.009321440942585468, 0.00930621288716793, 0.009287463501095772, 0.009303965605795383, 0.009189228527247906, 0.009264386259019375, 0.009171302430331707, 0.009129275567829609, 0.009401212446391582, 0.009376135654747486, 0.00930037908256054, 0.00932248868048191, 0.009265556000173092, 0.009279986843466759, 0.009403949603438377, 0.009189979173243046, 0.009297646582126617, 0.009224840439856052, 0.009496476501226425, 0.009357263334095478, 0.00919807143509388, 0.0091004129499197, 0.009250469505786896, 0.009107646532356739, 0.009157879278063774, 0.00909455120563507, 0.00921723898500204, 0.009305973537266254, 0.009321333840489388, 0.009262681007385254, 0.00923999771475792, 0.009133595041930676, 0.009241879917681217, 0.009431160986423492, 0.00932859443128109, 0.009221295826137066, 0.009303673170506954, 0.009303075261414051, 0.009117447771131992, 0.00918304082006216, 0.009312520734965801, 0.009152035228908062], "bpp_loss": [4.082422256469727, 4.0965986251831055, 4.0874199867248535, 4.0780534744262695, 4.0718207359313965, 4.069918632507324, 4.070432186126709, 4.072742462158203, 4.07437801361084, 4.075175762176514, 4.0746283531188965, 4.072818279266357, 4.070562362670898, 4.068921089172363, 4.068271160125732, 4.06894588470459, 4.0702223777771, 4.072041034698486, 4.073323726654053, 4.073834419250488, 4.073434352874756, 4.072378635406494, 4.07056188583374, 4.069051265716553, 4.068095684051514, 4.0676350593566895, 4.067572593688965, 4.068098068237305, 4.068325042724609, 4.068408012390137, 4.068129062652588, 4.06758451461792, 4.06671142578125, 4.065838813781738, 4.065171718597412, 4.06467866897583, 4.064270496368408, 4.064389705657959, 4.064516067504883, 4.064689636230469, 4.064837455749512, 4.064418792724609, 4.0639119148254395, 4.063564777374268, 4.0631537437438965, 4.0624260902404785, 4.0620598793029785, 4.061830520629883, 4.061491012573242, 4.061380386352539, 4.061136722564697, 4.060882091522217, 4.060937404632568, 4.060764789581299, 4.060815811157227, 4.060457229614258, 4.05991792678833, 4.0590643882751465, 4.058498382568359, 4.058187484741211, 4.058302402496338, 4.058637619018555, 4.05864953994751, 4.058539390563965, 4.058174133300781, 4.05769681930542, 4.057413101196289, 4.057257652282715, 4.05720329284668, 4.056638717651367, 4.0564069747924805, 4.056298732757568, 4.056046485900879, 4.055742263793945, 4.055011749267578, 4.054680347442627, 4.054238319396973, 4.054213523864746, 4.054469108581543, 4.054867744445801, 4.054680347442627, 4.054649353027344, 4.054059028625488, 4.053220748901367, 4.052603721618652, 4.052042007446289, 4.052011489868164, 4.052072525024414, 4.052608966827393, 4.053091526031494, 4.053075313568115, 4.053007125854492, 4.052073001861572, 4.05130672454834, 4.050745010375977, 4.05008602142334, 4.049905300140381, 4.050102710723877, 4.050578594207764, 4.050756454467773],