{"loss": [5.856411457061768, 7.3328351974487305, 6.1776323318481445, 6.158562183380127, 6.534069061279297, 6.453526973724365, 6.229961395263672, 6.070650100708008, 6.154813289642334, 6.184800148010254, 6.143085479736328, 6.090960502624512, 6.1057658195495605, 6.083244323730469, 6.0737504959106445, 6.020449638366699, 5.978026866912842, 6.009252071380615, 6.038120269775391, 6.018612384796143, 5.991739273071289, 5.967436790466309, 5.990996360778809, 5.985568523406982, 5.979343891143799, 5.98309326171875, 5.94374418258667, 5.965821743011475, 5.972917556762695, 5.9613037109375, 5.953664302825928, 5.93328332901001, 5.940164566040039, 5.937585353851318, 5.926379203796387, 5.939023017883301, 5.927942276000977, 5.9329729080200195, 5.911728858947754, 5.918980598449707, 5.9098358154296875, 5.9030609130859375, 5.900960445404053, 5.932484149932861, 5.884716987609863, 5.909547805786133, 5.904504776000977, 5.899623870849609, 5.901825428009033, 5.90162467956543, 5.909492492675781, 5.903656005859375, 5.905081748962402, 5.9039306640625, 5.889565467834473, 5.885544300079346, 5.881618499755859, 5.891231060028076, 5.879515171051025, 5.883090019226074, 5.903835296630859, 5.876924514770508, 5.89436674118042, 5.905292510986328, 5.888008117675781, 5.891989707946777, 5.8941330909729, 5.894106388092041, 5.902571678161621, 5.885976314544678, 5.875948905944824, 5.894160270690918, 5.87977409362793, 5.863527774810791, 5.873438835144043, 5.879753112792969, 5.873082160949707, 5.868351936340332, 5.867114067077637, 5.874931812286377, 5.868215560913086, 5.871971607208252, 5.88253116607666, 5.886389255523682, 5.881109237670898, 5.8790059089660645, 5.873432159423828, 5.881441593170166, 5.872982025146484, 5.869162082672119, 5.857729434967041, 5.8711934089660645, 5.9020209312438965, 5.877227306365967, 5.8731536865234375, 5.856998920440674, 5.882308006286621, 5.881832599639893, 5.8683271408081055, 5.877433776855469], "adaptive_loss": [0.00979094859212637, 0.024284183979034424, 0.012901972979307175, 0.012881878763437271, 0.01671048440039158, 0.01588485576212406, 0.013583377003669739, 0.011921774595975876, 0.012728611007332802, 0.013039405457675457, 0.012671316042542458, 0.012214932590723038, 0.012424021027982235, 0.01223901566118002, 0.012152726761996746, 0.01160160731524229, 0.011146307922899723, 0.011430812999606133, 0.011708424426615238, 0.011525746434926987, 0.011292031034827232, 0.011093400418758392, 0.011371166445314884, 0.011344855651259422, 0.011289977468550205, 0.011319823563098907, 0.01091061532497406, 0.011114651337265968, 0.011185958050191402, 0.011084758676588535, 0.01103351078927517, 0.010858378373086452, 0.010952725075185299, 0.010942886583507061, 0.010832183063030243, 0.01095612533390522, 0.010839737951755524, 0.010888692922890186, 0.010685701854526997, 0.01077602431178093, 0.010707899928092957, 0.010663283057510853, 0.010656319558620453, 0.010976778343319893, 0.010498583316802979, 0.0107435816898942, 0.010690405033528805, 0.010645687580108643, 0.010680245235562325, 0.010700476355850697, 0.010799276642501354, 0.010759665630757809, 0.010783999226987362, 0.010772750712931156, 0.010627816431224346, 0.010587569326162338, 0.010554540902376175, 0.010658605955541134, 0.010557807981967926, 0.010612196289002895, 0.010829825885593891, 0.010566417127847672, 0.010745449922978878, 0.010860078036785126, 0.010690760798752308, 0.010740453377366066, 0.010774011723697186, 0.010788412764668465, 0.01088725496083498, 0.010731559246778488, 0.01063687913119793, 0.010820575058460236, 0.010679226368665695, 0.01052261982113123, 0.01063072681427002, 0.010702827014029026, 0.010648919269442558, 0.010614313185214996, 0.010612274520099163, 0.010697598569095135, 0.010638727806508541, 0.010683051310479641, 0.010795005597174168, 0.010836673900485039, 0.01078819204121828, 0.010774699039757252, 0.010730731301009655, 0.010827182792127132, 0.010761478915810585, 0.01073215901851654, 0.010617765597999096, 0.010748940519988537, 0.01105494610965252, 0.010820860974490643, 0.010799666866660118, 0.01065202709287405, 0.010915177874267101, 0.010908450931310654, 0.01077333465218544, 0.01086520217359066], "bpp_loss": [4.877316474914551, 4.904417037963867, 4.887434959411621, 4.8703742027282715, 4.863020420074463, 4.865041255950928, 4.871623992919922, 4.878472805023193, 4.881952285766602, 4.880859851837158, 4.8759541511535645, 4.869467258453369, 4.863363742828369, 4.8593430519104, 4.85847806930542, 4.860288619995117, 4.863396167755127, 4.866170883178711, 4.867278099060059, 4.866037845611572, 4.862536430358887, 4.858096599578857, 4.853879928588867, 4.851082801818848, 4.850346088409424, 4.851110935211182, 4.852682590484619, 4.85435676574707, 4.854321479797363, 4.852828025817871, 4.850313186645508, 4.847445487976074, 4.8448920249938965, 4.843296527862549, 4.843160629272461, 4.843410491943359, 4.843968391418457, 4.8441033363342285, 4.843158721923828, 4.841378211975098, 4.839046001434326, 4.836732387542725, 4.835328578948975, 4.834806442260742, 4.834858417510986, 4.8351898193359375, 4.835464000701904, 4.835055351257324, 4.833800792694092, 4.831576824188232, 4.829564571380615, 4.827689170837402, 4.826681613922119, 4.826655387878418, 4.826783657073975, 4.82678747177124, 4.826164245605469, 4.8253703117370605, 4.823734283447266, 4.82187032699585, 4.820852756500244, 4.820282936096191, 4.819821834564209, 4.819284915924072, 4.818932056427002, 4.817944526672363, 4.816731929779053, 4.81526517868042, 4.813846111297607, 4.8128204345703125, 4.81226110458374, 4.812102794647217, 4.811851501464844, 4.81126594543457, 4.810366153717041, 4.8094706535339355, 4.80819034576416, 4.806920528411865, 4.805886745452881, 4.805171966552734, 4.804342746734619, 4.803666591644287, 4.803030490875244, 4.802721977233887, 4.802289962768555, 4.8015360832214355, 4.80035924911499, 4.798723220825195, 4.7968339920043945, 4.79594612121582, 4.795952796936035, 4.796299457550049, 4.7965264320373535, 4.795141220092773, 4.793187141418457, 4.7917962074279785, 4.79079008102417, 4.790987491607666, 4.790993690490723, 4.7909135818481445],