{"loss": [6.232073783874512, 7.027617931365967, 6.486050128936768, 6.448281288146973, 6.610104084014893, 6.517037391662598, 6.416419506072998, 6.445237159729004, 6.471121311187744, 6.416354179382324, 6.3474225997924805, 6.310709476470947, 6.347268104553223, 6.392055034637451, 6.373800277709961, 6.333986282348633, 6.28919792175293, 6.286039352416992, 6.318683624267578, 6.2988362312316895, 6.29905891418457, 6.2868876457214355, 6.2980055809021, 6.286983013153076, 6.300517559051514, 6.284204959869385, 6.263315200805664, 6.262935638427734, 6.260199069976807, 6.256117820739746, 6.263022422790527, 6.25208044052124, 6.26239013671875, 6.250716209411621, 6.268913269042969, 6.243572235107422, 6.234426021575928, 6.246528625488281, 6.237215995788574, 6.241503715515137, 6.2377214431762695, 6.228902339935303, 6.232702255249023, 6.2352495193481445, 6.237155437469482, 6.241508483886719, 6.224423885345459, 6.235876083374023, 6.21904182434082, 6.196451187133789, 6.230644226074219, 6.229010105133057, 6.227207660675049, 6.2072601318359375, 6.218773365020752, 6.219197750091553, 6.220099449157715, 6.2155046463012695, 6.190272808074951, 6.220444202423096, 6.211402893066406, 6.2093706130981445, 6.205410003662109, 6.203901290893555, 6.192485809326172, 6.210849285125732, 6.209578514099121, 6.211612224578857, 6.20533561706543, 6.205435752868652, 6.1912922859191895, 6.201259613037109, 6.201875686645508, 6.204860210418701, 6.207672119140625, 6.207181453704834, 6.214721202850342, 6.2058305740356445, 6.205515384674072, 6.19148063659668, 6.1940202713012695, 6.184665679931641, 6.182737827301025, 6.200788497924805, 6.183852195739746, 6.170646667480469, 6.173866271972656, 6.198138236999512, 6.17258358001709, 6.1961822509765625, 6.181933879852295, 6.197044372558594, 6.176446437835693, 6.1665940284729, 6.187264442443848, 6.174069404602051, 6.186272621154785, 6.1801910400390625, 6.1667633056640625, 6.1670989990234375], "adaptive_loss": [0.010227259248495102, 0.017899036407470703, 0.012663143686950207, 0.0124730933457613, 0.01416886504739523, 0.013211171142756939, 0.012132905423641205, 0.012348812073469162, 0.01257687620818615, 0.012049841694533825, 0.011416260153055191, 0.01112522091716528, 0.011551965959370136, 0.012038646265864372, 0.011861873790621758, 0.011443188413977623, 0.010963236913084984, 0.010906620882451534, 0.01122470386326313, 0.011041369289159775, 0.011077101342380047, 0.011003932915627956, 0.011161094531416893, 0.011083102785050869, 0.01122984103858471, 0.011063069105148315, 0.010842355899512768, 0.010827776975929737, 0.010798711329698563, 0.01077020913362503, 0.010862845927476883, 0.010785904712975025, 0.010917008854448795, 0.010817278176546097, 0.011011755093932152, 0.010755361057817936, 0.01066037081182003, 0.010784848593175411, 0.010704513639211655, 0.010766470804810524, 0.01075061410665512, 0.010678929276764393, 0.010732891969382763, 0.0107641676440835, 0.010788426734507084, 0.010831554420292377, 0.010666511952877045, 0.010792138986289501, 0.010638313367962837, 0.010434743948280811, 0.010789899155497551, 0.010785442776978016, 0.01077874656766653, 0.010584303177893162, 0.010706625878810883, 0.010710464790463448, 0.010731314308941364, 0.010704179294407368, 0.0104710403829813, 0.0107853589579463, 0.010706750676035881, 0.010692169889807701, 0.010661513544619083, 0.010655262507498264, 0.010556192137300968, 0.010750317946076393, 0.010746792890131474, 0.010778398253023624, 0.010722553357481956, 0.010725777596235275, 0.01059041079133749, 0.010698409751057625, 0.010711017064750195, 0.010751822963356972, 0.010798802599310875, 0.010812493972480297, 0.010903378948569298, 0.010821335949003696, 0.010822921991348267, 0.010693004354834557, 0.010729013942182064, 0.010644925758242607, 0.010638737119734287, 0.010829322040081024, 0.01066368818283081, 0.010537764988839626, 0.010578300803899765, 0.01082788035273552, 0.010582172311842442, 0.010829517617821693, 0.010701705701649189, 0.01086612232029438, 0.010665826499462128, 0.010574194602668285, 0.010790574364364147, 0.01066962443292141, 0.010808452032506466, 0.01075954083353281, 0.01063312403857708, 0.010640629567205906], "bpp_loss": [5.209347724914551, 5.2377142906188965, 5.219735622406006, 5.200972080230713, 5.193217754364014, 5.195920467376709, 5.203128814697266, 5.21035623550415, 5.213433742523193, 5.21136999130249, 5.205796718597412, 5.198187351226807, 5.192071437835693, 5.188190460205078, 5.187613010406494, 5.189667701721191, 5.192874431610107, 5.195377349853516, 5.196213245391846, 5.194699287414551, 5.191348552703857, 5.18649435043335, 5.181896209716797, 5.178672790527344, 5.1775336265563965, 5.177897930145264, 5.179079532623291, 5.1801581382751465, 5.180327892303467, 5.179096698760986, 5.1767377853393555, 5.173490047454834, 5.170689105987549, 5.168988227844238, 5.1677374839782715, 5.168035984039307, 5.168388843536377, 5.168043613433838, 5.166764736175537, 5.164856910705566, 5.162660121917725, 5.161009311676025, 5.1594133377075195, 5.158833026885986, 5.158312797546387, 5.158352851867676, 5.157772541046143, 5.156662464141846, 5.155210494995117, 5.152976989746094, 5.151654243469238, 5.150465965270996, 5.1493330001831055, 5.148829936981201, 5.148110866546631, 5.148151397705078, 5.146967887878418, 5.145086765289307, 5.143168926239014, 5.141908168792725, 5.140727996826172, 5.140153408050537, 5.13925838470459, 5.138375282287598, 5.136866569519043, 5.135817527770996, 5.134899139404297, 5.133772373199463, 5.133080005645752, 5.132857799530029, 5.132251262664795, 5.131418704986572, 5.130774021148682, 5.129677772521973, 5.127791881561279, 5.125932216644287, 5.124383449554443, 5.123696804046631, 5.123223304748535, 5.122180461883545, 5.121119022369385, 5.12017297744751, 5.118864059448242, 5.117856025695801, 5.117483139038086, 5.116869926452637, 5.116036415100098, 5.115350246429443, 5.114366054534912, 5.1132307052612305, 5.1117634773254395, 5.110432147979736, 5.109863758087158, 5.109174728393555, 5.108206748962402, 5.107107162475586, 5.105427265167236, 5.104237079620361, 5.103450775146484, 5.103035926818848],