{"loss": [3.9989123344421387, 4.3958940505981445, 4.234438419342041, 4.14495849609375, 4.158563613891602, 4.198293209075928, 4.208157062530518, 4.185488224029541, 4.136514186859131, 4.116291522979736, 4.108946323394775, 4.122592926025391, 4.146387100219727, 4.149712562561035, 4.125728607177734, 4.108358383178711, 4.1061224937438965, 4.09452486038208, 4.111828327178955, 4.103796482086182, 4.113426685333252, 4.0860137939453125, 4.0844011306762695, 4.082249641418457, 4.08920431137085, 4.084846019744873, 4.078773021697998, 4.090898036956787, 4.087048053741455, 4.086838722229004, 4.073107719421387, 4.073076248168945, 4.065917015075684, 4.0783233642578125, 4.079773902893066, 4.080007553100586, 4.068443298339844, 4.070804119110107, 4.07404899597168, 4.076517581939697, 4.061860084533691, 4.064065456390381, 4.071890830993652, 4.0636982917785645, 4.06807804107666, 4.060552597045898, 4.060030460357666, 4.054525375366211, 4.062426567077637, 4.074954032897949, 4.068477153778076, 4.07871150970459, 4.0586442947387695, 4.0527753829956055, 4.06414270401001, 4.052150726318359, 4.061118125915527, 4.057152271270752, 4.064247131347656, 4.046857833862305, 4.044625282287598, 4.047845363616943, 4.052734851837158, 4.059616565704346, 4.051951885223389, 4.046040058135986, 4.056908130645752, 4.058660507202148, 4.049069881439209, 4.056294918060303, 4.050044059753418, 4.043506622314453, 4.045094966888428, 4.052628517150879, 4.050110340118408, 4.041836738586426, 4.0531744956970215, 4.050610065460205, 4.052590370178223, 4.040644645690918, 4.054864406585693, 4.043550968170166, 4.052288055419922, 4.044402122497559, 4.049571990966797, 4.041254997253418, 4.049358367919922, 4.066755294799805, 4.052886486053467, 4.034786701202393, 4.035853862762451, 4.049025535583496, 4.033539295196533, 4.0446906089782715, 4.0489726066589355, 4.042383193969727, 4.030303478240967, 4.045805931091309, 4.048253059387207, 4.042975902557373], "adaptive_loss": [0.006530847400426865, 0.010482453741133213, 0.008886073715984821, 0.008013504557311535, 0.008167214691638947, 0.008584591560065746, 0.008702196180820465, 0.008492234162986279, 0.008015275001525879, 0.007822015322744846, 0.007754868362098932, 0.007894067093729973, 0.008133945055305958, 0.008168928325176239, 0.00793089997023344, 0.007760405540466309, 0.0077390652149915695, 0.007624482735991478, 0.007801287807524204, 0.007724903989583254, 0.007825861684978008, 0.007558600045740604, 0.007548876106739044, 0.007534706499427557, 0.007612931076437235, 0.0075771561823785305, 0.007525392808020115, 0.007653616368770599, 0.0076233274303376675, 0.007624899968504906, 0.007492444012314081, 0.0074960654601454735, 0.00742721650749445, 0.007554482202976942, 0.007571630645543337, 0.007578523829579353, 0.007466013077646494, 0.007493192330002785, 0.0075294384732842445, 0.007559941150248051, 0.007418773602694273, 0.00744709512218833, 0.007530564907938242, 0.007453779689967632, 0.0075040217489004135, 0.007433644495904446, 0.007433861959725618, 0.007384984754025936, 0.007468119729310274, 0.00759950652718544, 0.007540751248598099, 0.0076476335525512695, 0.00745189655572176, 0.007398254703730345, 0.007516900077462196, 0.007400274742394686, 0.007493658922612667, 0.007457986939698458, 0.007533588446676731, 0.0073640113696455956, 0.007347762584686279, 0.007384291850030422, 0.007437469437718391, 0.007511389907449484, 0.007439910434186459, 0.007383687887340784, 0.007498213090002537, 0.007521469611674547, 0.007431541103869677, 0.007507766131311655, 0.007449663709849119, 0.0073889801278710365, 0.007407229859381914, 0.007485626731067896, 0.007463942747563124, 0.007384678814560175, 0.007501549087464809, 0.007481875829398632, 0.00750782061368227, 0.007394962478429079, 0.0075432658195495605, 0.007435747422277927, 0.007528071757405996, 0.007454702630639076, 0.0075107538141310215, 0.007431059144437313, 0.007516095414757729, 0.0076933917589485645, 0.0075546130537986755, 0.007375746499747038, 0.00738921482115984, 0.007525909226387739, 0.0073758820071816444, 0.007493309676647186, 0.007543796673417091, 0.00748490821570158, 0.0073709371499717236, 0.0075312829576432705, 0.007561234291642904, 0.007511659059673548], "bpp_loss": [3.345827579498291, 3.3476483821868896, 3.3458309173583984, 3.3436081409454346, 3.34184193611145, 3.339834213256836, 3.337937593460083, 3.3362646102905273, 3.334986686706543, 3.334089994430542, 3.3334596157073975, 3.333186388015747, 3.3329927921295166, 3.3328194618225098, 3.3326385021209717, 3.33231782913208, 3.3322160243988037, 3.3320765495300293, 3.3316993713378906, 3.331305980682373, 3.330840587615967, 3.330153703689575, 3.3295133113861084, 3.3287792205810547, 3.327911376953125, 3.3271303176879883, 3.3262338638305664, 3.3255362510681152, 3.3247151374816895, 3.3243489265441895, 3.3238635063171387, 3.323469638824463, 3.323195219039917, 3.3228750228881836, 3.322611093521118, 3.322154998779297, 3.3218421936035156, 3.3214850425720215, 3.3211052417755127, 3.320523262023926, 3.3199825286865234, 3.3193559646606445, 3.3188345432281494, 3.3183202743530273, 3.317676067352295, 3.317188262939453, 3.3166441917419434, 3.3160266876220703, 3.315614700317383, 3.3150031566619873, 3.3144021034240723, 3.313948154449463, 3.3134548664093018, 3.3129498958587646, 3.312452554702759, 3.3121230602264404, 3.3117523193359375, 3.3113536834716797, 3.3108882904052734, 3.3104565143585205, 3.3098487854003906, 3.3094160556793213, 3.308988094329834, 3.3084776401519775, 3.3079609870910645, 3.307671308517456, 3.307086706161499, 3.3065133094787598, 3.305915594100952, 3.30551815032959, 3.30507755279541, 3.3046083450317383, 3.3043718338012695, 3.3040659427642822, 3.3037161827087402, 3.3033688068389893, 3.3030195236206055, 3.302422285079956, 3.3018081188201904, 3.3011484146118164, 3.3005378246307373, 3.299976348876953, 3.299480676651001, 3.298931837081909, 3.2984964847564697, 3.2981491088867188, 3.2977490425109863, 3.2974162101745605, 3.2974250316619873, 3.2972121238708496, 3.2969322204589844, 3.2964348793029785, 3.2959511280059814, 3.2953596115112305, 3.29459285736084, 3.2938921451568604, 3.2932097911834717, 3.292677640914917, 3.2921297550201416, 3.2918100357055664],