{"loss": [3.912019729614258, 4.274079322814941, 4.152095794677734, 4.070779800415039, 4.060997486114502, 4.11135196685791, 4.1297078132629395, 4.093517780303955, 4.064172744750977, 4.039649963378906, 4.037807941436768, 4.028156280517578, 4.024615287780762, 4.049614906311035, 4.04032039642334, 4.0202789306640625, 4.017425537109375, 4.015186309814453, 4.004575729370117, 4.011930465698242, 4.002049922943115, 4.011499404907227, 4.010514259338379, 4.005609035491943, 3.987718105316162, 3.9861176013946533, 3.9836833477020264, 3.98244571685791, 3.9886345863342285, 3.9769701957702637, 3.9830007553100586, 3.969249725341797, 3.982144832611084, 3.980330467224121, 3.9729080200195312, 3.9618759155273438, 3.963832378387451, 3.9819259643554688, 3.9759418964385986, 3.967221736907959, 3.9628305435180664, 3.968801736831665, 3.960278034210205, 3.958705425262451, 3.9593398571014404, 3.9573452472686768, 3.964421272277832, 3.9625093936920166, 3.9642515182495117, 3.9651055335998535, 3.9663400650024414, 3.961543560028076, 3.9531006813049316, 3.9559080600738525, 3.9627459049224854, 3.9683713912963867, 3.9574267864227295, 3.9475231170654297, 3.9642062187194824, 3.951615810394287, 3.957216739654541, 3.957975149154663, 3.9622349739074707, 3.9586644172668457, 3.9517276287078857, 3.955233097076416, 3.952507734298706, 3.9557180404663086, 3.9628143310546875, 3.967137336730957, 3.951923370361328, 3.947625160217285, 3.9619557857513428, 3.943530559539795, 3.941073417663574, 3.9600133895874023, 3.9604310989379883, 3.96022629737854, 3.9538967609405518, 3.9467859268188477, 3.935211658477783, 3.9464001655578613, 3.935356616973877, 3.9530162811279297, 3.9571266174316406, 3.950557231903076, 3.9491782188415527, 3.9388070106506348, 3.9410321712493896, 3.9329452514648438, 3.938814163208008, 3.9393787384033203, 3.938084363937378, 3.9527056217193604, 3.936361074447632, 3.9531102180480957, 3.9371583461761475, 3.932781457901001, 3.9336330890655518, 3.9248557090759277], "adaptive_loss": [0.006338150706142187, 0.009950128383934498, 0.008748653344810009, 0.007954045198857784, 0.007875313051044941, 0.008398575708270073, 0.008599722757935524, 0.008255034685134888, 0.007977358065545559, 0.00774637795984745, 0.007738057523965836, 0.007651462685316801, 0.007621872238814831, 0.007879049517214298, 0.007791057229042053, 0.007596116978675127, 0.007573865354061127, 0.007555938791483641, 0.0074552069418132305, 0.007533542811870575, 0.007440044078975916, 0.007540421560406685, 0.007535984739661217, 0.007494508754462004, 0.007323769386857748, 0.007315963972359896, 0.007298448123037815, 0.007293628994375467, 0.007361599709838629, 0.007251562085002661, 0.0073182000778615475, 0.007187300361692905, 0.007322836201637983, 0.007311709690839052, 0.007244736887514591, 0.007142149843275547, 0.007168832700699568, 0.007356036454439163, 0.007302581798285246, 0.007221101783216, 0.007181810215115547, 0.0072471159510314465, 0.007165578659623861, 0.007155424449592829, 0.0071663218550384045, 0.007151241879910231, 0.007228364236652851, 0.007214737124741077, 0.007238783873617649, 0.007252887822687626, 0.007272093556821346, 0.007231045980006456, 0.007153433747589588, 0.007189941592514515, 0.0072638303972780704, 0.007326746825128794, 0.0072225285694003105, 0.007129401434212923, 0.0073005398735404015, 0.007179995533078909, 0.00724208727478981, 0.007254984229803085, 0.007304507307708263, 0.007274386938661337, 0.007212481461465359, 0.007252366282045841, 0.00723144831135869, 0.007271104957908392, 0.00734859611839056, 0.007397691253572702, 0.007252237293869257, 0.007214238867163658, 0.00736376503482461, 0.00718464981764555, 0.007166623137891293, 0.007361272349953651, 0.007371200248599052, 0.0073729511350393295, 0.007316056173294783, 0.007250440772622824, 0.0071402075700461864, 0.0072583709843456745, 0.007153593003749847, 0.007334762718528509, 0.007383040152490139, 0.007323300465941429, 0.007314851973205805, 0.007216454017907381, 0.007243752013891935, 0.007167823147028685, 0.007231809664517641, 0.007243983913213015, 0.007236566860228777, 0.007390124723315239, 0.007232839707285166, 0.007405742537230253, 0.007251030765473843, 0.007211373187601566, 0.007224054541438818, 0.007141131442040205], "bpp_loss": [3.2782046794891357, 3.279066562652588, 3.2772302627563477, 3.2753751277923584, 3.273466110229492, 3.2714946269989014, 3.26973557472229, 3.2680141925811768, 3.266436815261841, 3.265012264251709, 3.2640023231506348, 3.263010263442993, 3.2624282836914062, 3.2617101669311523, 3.2612147331237793, 3.260667085647583, 3.2600390911102295, 3.2595925331115723, 3.2590551376342773, 3.2585761547088623, 3.2580454349517822, 3.2574570178985596, 3.256915807723999, 3.2561581134796143, 3.2553412914276123, 3.254521131515503, 3.253838539123535, 3.253082752227783, 3.252474546432495, 3.2518138885498047, 3.251180648803711, 3.2505197525024414, 3.249861240386963, 3.249159574508667, 3.24843430519104, 3.2476608753204346, 3.2469491958618164, 3.2463223934173584, 3.2456836700439453, 3.2451117038726807, 3.2446494102478027, 3.2440900802612305, 3.243720054626465, 3.2431628704071045, 3.2427077293395996, 3.2422211170196533, 3.2415847778320312, 3.2410356998443604, 3.240373134613037, 3.239816665649414, 3.239130735397339, 3.2384390830993652, 3.237757444381714, 3.2369139194488525, 3.236362934112549, 3.235696792602539, 3.2351739406585693, 3.2345829010009766, 3.234152317047119, 3.233616352081299, 3.2330081462860107, 3.2324767112731934, 3.2317843437194824, 3.2312257289886475, 3.2304794788360596, 3.2299964427948, 3.229362964630127, 3.228607654571533, 3.227954626083374, 3.2273683547973633, 3.2266995906829834, 3.226201295852661, 3.225579261779785, 3.2250654697418213, 3.2244112491607666, 3.223886013031006, 3.223311185836792, 3.222931146621704, 3.2222912311553955, 3.2217419147491455, 3.221190929412842, 3.2205629348754883, 3.2199974060058594, 3.2195398807525635, 3.218822479248047, 3.2182271480560303, 3.2176930904388428, 3.2171616554260254, 3.2166569232940674, 3.216162919998169, 3.2156331539154053, 3.214980363845825, 3.2144277095794678, 3.213693141937256, 3.2130770683288574, 3.212536096572876, 3.212055206298828, 3.211644172668457, 3.2112276554107666, 3.210742712020874],