{"loss": [6.160436153411865, 6.891486167907715, 6.411386489868164, 6.402895927429199, 6.503108024597168, 6.39316987991333, 6.321751594543457, 6.387668132781982, 6.4083147048950195, 6.37038516998291, 6.2847394943237305, 6.261035442352295, 6.267749786376953, 6.32161808013916, 6.300856590270996, 6.248562335968018, 6.233649730682373, 6.2400593757629395, 6.262264251708984, 6.24271297454834, 6.233442783355713, 6.210146427154541, 6.199462413787842, 6.228795051574707, 6.22904634475708, 6.202853679656982, 6.2150421142578125, 6.213998794555664, 6.222449779510498, 6.202474594116211, 6.19367790222168, 6.187885284423828, 6.213344573974609, 6.1904096603393555, 6.192476272583008, 6.189099311828613, 6.176764965057373, 6.175717353820801, 6.17875862121582, 6.209934711456299, 6.185875415802002, 6.169268608093262, 6.174409866333008, 6.175504684448242, 6.158272743225098, 6.155804634094238, 6.176414966583252, 6.176305294036865, 6.170751571655273, 6.166938304901123, 6.156593322753906, 6.151761054992676, 6.1595778465271, 6.160296440124512, 6.167536735534668, 6.163786888122559, 6.1573944091796875, 6.165016174316406, 6.146548748016357, 6.145146369934082, 6.149435043334961, 6.149277687072754, 6.163585186004639, 6.143643856048584, 6.155248641967773, 6.172325134277344, 6.149197578430176, 6.152097225189209, 6.136709213256836, 6.1303815841674805, 6.132579803466797, 6.149543762207031, 6.151179313659668, 6.151496887207031, 6.141932487487793, 6.1302947998046875, 6.131221771240234, 6.141599655151367, 6.1310906410217285, 6.150944709777832, 6.139891624450684, 6.133229732513428, 6.137270927429199, 6.1243791580200195, 6.125838279724121, 6.1302971839904785, 6.137333869934082, 6.127885341644287, 6.139791011810303, 6.119556903839111, 6.112036228179932, 6.123205661773682, 6.127569198608398, 6.133050918579102, 6.149951934814453, 6.1265411376953125, 6.11790132522583, 6.148637294769287, 6.115936279296875, 6.1185808181762695], "adaptive_loss": [0.009955327957868576, 0.01698097586631775, 0.012364777736365795, 0.01246442086994648, 0.013538509607315063, 0.012405754067003727, 0.011617659591138363, 0.012208567932248116, 0.012387207709252834, 0.012028839439153671, 0.011232848279178143, 0.011070908047258854, 0.011202164925634861, 0.011777511797845364, 0.011577422730624676, 0.011034655384719372, 0.010856719687581062, 0.010898997075855732, 0.0111188730224967, 0.010940448381006718, 0.010881644673645496, 0.010686860419809818, 0.010616878978908062, 0.010936847887933254, 0.010948977433145046, 0.010682601481676102, 0.010796641930937767, 0.010781195014715195, 0.010872564278542995, 0.010688668116927147, 0.010627546347677708, 0.010599464178085327, 0.010883604176342487, 0.010676401667296886, 0.01070489827543497, 0.010670766234397888, 0.0105417026206851, 0.010525399819016457, 0.010559502989053726, 0.010887914337217808, 0.010676008649170399, 0.010532323271036148, 0.010604126378893852, 0.0106259910389781, 0.010459930635988712, 0.010435575619339943, 0.010641565546393394, 0.010647659189999104, 0.010603676550090313, 0.010587901808321476, 0.010505056008696556, 0.010473952628672123, 0.010563996620476246, 0.010578668676316738, 0.010653930716216564, 0.01062182430177927, 0.010561631992459297, 0.010647677816450596, 0.01047811470925808, 0.010480714030563831, 0.010535784997045994, 0.01054181344807148, 0.010692716576159, 0.010506763122975826, 0.010636569932103157, 0.010819433256983757, 0.01059948280453682, 0.010635160841047764, 0.010486109182238579, 0.010431068018078804, 0.01046326756477356, 0.010641215369105339, 0.010671320371329784, 0.010688746348023415, 0.010603583417832851, 0.010502495802938938, 0.010523390024900436, 0.010632687248289585, 0.010529600083827972, 0.010733092203736305, 0.01063241995871067, 0.010581707581877708, 0.01063817273825407, 0.010520870797336102, 0.010543513111770153, 0.01058892346918583, 0.010664503090083599, 0.010580392554402351, 0.010712810792028904, 0.010525483638048172, 0.010464068502187729, 0.010587391443550587, 0.010634142905473709, 0.010687838308513165, 0.01086124125868082, 0.010636393912136555, 0.010567884892225266, 0.010892909951508045, 0.010576564818620682, 0.010614386759698391], "bpp_loss": [5.164903163909912, 5.19338846206665, 5.174908638000488, 5.156454086303711, 5.149257183074951, 5.152594566345215, 5.159985542297363, 5.166811466217041, 5.169593811035156, 5.167501449584961, 5.161454677581787, 5.153944492340088, 5.147533416748047, 5.143867015838623, 5.14311408996582, 5.145096778869629, 5.147977828979492, 5.15015983581543, 5.150376796722412, 5.14866828918457, 5.145278453826904, 5.141460418701172, 5.137774467468262, 5.135110378265381, 5.134148597717285, 5.134593486785889, 5.135377883911133, 5.1358795166015625, 5.135193347930908, 5.133607864379883, 5.130923271179199, 5.127938747406006, 5.124984264373779, 5.122769355773926, 5.121986389160156, 5.12202262878418, 5.122594833374023, 5.123177528381348, 5.122808456420898, 5.121143341064453, 5.118274688720703, 5.116036415100098, 5.113996982574463, 5.112905502319336, 5.112279415130615, 5.112246990203857, 5.112258434295654, 5.111539363861084, 5.110383987426758, 5.108148097991943, 5.106087684631348, 5.104365825653076, 5.103178024291992, 5.1024298667907715, 5.10214376449585, 5.101604461669922, 5.101231098175049, 5.100248336791992, 5.0987372398376465, 5.09707498550415, 5.095856666564941, 5.095096588134766, 5.094313621520996, 5.092967510223389, 5.0915913581848145, 5.090382099151611, 5.089249134063721, 5.088581085205078, 5.088098526000977, 5.087274551391602, 5.0862531661987305, 5.085422039031982, 5.084047317504883, 5.082622528076172, 5.081573963165283, 5.080045223236084, 5.078882694244385, 5.078330993652344, 5.078130722045898, 5.077635765075684, 5.0766496658325195, 5.075058937072754, 5.073453426361084, 5.072292327880859, 5.071486949920654, 5.071404933929443, 5.070883750915527, 5.069846153259277, 5.068510055541992, 5.0670084953308105, 5.065629482269287, 5.06446647644043, 5.064155101776123, 5.064267158508301, 5.0638275146484375, 5.062901496887207, 5.061112880706787, 5.0593461990356445, 5.058279991149902, 5.05714225769043],