{
  "wikitext2": 11.947521209716797,
  "c4": 16.438173294067383
}