{
  "wikitext2": 11.01202392578125,
  "c4": 15.234174728393555
}