{
  "wikitext2": 5.013978481292725,
  "c4": 6.611240386962891
}