{
  "wikitext2": 4.9182939529418945,
  "c4": 6.509422302246094
}