{
  "compressed_layers": 21,
  "compressed_params": 11678912,
  "fp32_bits": 373725184.0,
  "use_codes": false,
  "metadata_bits": 63270.0,
  "estimated_bits": 45904889.0078125,
  "actual_bits": null,
  "estimated_bits_per_param": 3.9305792361319702,
  "actual_bits_per_param": null,
  "estimated_compression_ratio": 8.141293707003543,
  "actual_compression_ratio": null,
  "weighted_mse": 4.0855776450316735e-06,
  "eval_before": {
    "top1": 69.764,
    "top5": 89.07,
    "num_samples": 50000.0
  },
  "eval_after": {
    "top1": 60.598,
    "top5": 83.018,
    "num_samples": 50000.0
  }
}