qtip_key,nwc_key,qtip_bpp,nwc_bpp,n_subjects,qtip_mean,nwc_mean,mean_diff_nwc_minus_qtip,t_stat,p_value
2.0,30.0,2.0,2.3015328621482833,57,0.514874292805786,0.513655975030238,-0.0012183177755479499,-0.12906002965889898,0.897772570757047
3.0,75.0,3.0,2.9666457464202094,57,0.6058703222604916,0.6015054599498793,-0.004364862310612383,-1.2118542235587468,0.23065676086984407
4.0,300.0,4.0,3.954826640797994,57,0.6323551521236613,0.6345623664636311,0.002207214339969755,0.676416672070905,0.5015604820837939
5.0,1000.0,5.0,4.77782450354873,57,0.6333123624932717,0.6357476137867005,0.002435251293428933,0.8833980263277351,0.3807980580776914
6.0,10000.0,6.0,5.9810235201596065,57,0.6306487526872675,0.636926238874345,0.006277486187077424,2.2073826605887175,0.03140167739472447
