n_rows,n_subjects,qtip_mean,nwc_mean,mean_diff_nwc_minus_qtip,t_stat,p_value
285,57,0.6034121764740956,0.6044795308209587,0.0010673543468631562,0.47215781797436346,0.6371767315670693
