{
    "ppl": {
        "wikitext2": 6.140756607055664,
        "c4": 7.870424747467041
    }
}