{
    "ppl": {
        "wikitext2": 5.041390895843506,
        "c4": 6.635498046875
    }
}