{
    "ppl": {
        "wikitext2": 4.927059650421143,
        "c4": 6.514375686645508
    }
}