{
    "ppl": {
        "wikitext2": 4.889265537261963,
        "c4": 6.478885650634766
    }
}