{
    "ppl": {
        "wikitext2": 4.884949684143066,
        "c4": 6.4685187339782715
    }
}