{
  "0_q.pt": {
    "mse": 0.002584171714261174,
    "num_pixels": 9437184
  },
  "0_k.pt": {
    "mse": 0.003822213737294078,
    "num_pixels": 3145728
  },
  "0_v.pt": {
    "mse": 0.0002893455675803125,
    "num_pixels": 3145728
  },
  "0_o.pt": {
    "mse": 0.00032427164842374623,
    "num_pixels": 9437184
  },
  "0_up.pt": {
    "mse": 0.0006995683070272207,
    "num_pixels": 25165824
  },
  "0_gate.pt": {
    "mse": 0.0007834774442017078,
    "num_pixels": 25165824
  },
  "0_down.pt": {
    "mse": 0.0006902150344103575,
    "num_pixels": 25165824
  },
  "1_q.pt": {
    "mse": 0.0017115430673584342,
    "num_pixels": 9437184
  },
  "1_k.pt": {
    "mse": 0.0028972174040973186,
    "num_pixels": 3145728
  },
  "1_v.pt": {
    "mse": 0.0003856889670714736,
    "num_pixels": 3145728
  },
  "1_o.pt": {
    "mse": 0.0004293697711545974,
    "num_pixels": 9437184
  },
  "1_up.pt": {
    "mse": 0.0007019887561909854,
    "num_pixels": 25165824
  },
  "1_gate.pt": {
    "mse": 0.0008036750368773937,
    "num_pixels": 25165824
  },
  "1_down.pt": {
    "mse": 0.0006957058212719858,
    "num_pixels": 25165824
  },
  "2_q.pt": {
    "mse": 0.0014099919935688376,
    "num_pixels": 9437184
  },
  "2_k.pt": {
    "mse": 0.0023909860756248236,
    "num_pixels": 3145728
  },
  "2_v.pt": {
    "mse": 0.00030274566961452365,
    "num_pixels": 3145728
  },
  "2_o.pt": {
    "mse": 0.0003747351875063032,
    "num_pixels": 9437184
  },
  "2_up.pt": {
    "mse": 0.0006888629868626595,
    "num_pixels": 25165824
  },
  "2_gate.pt": {
    "mse": 0.0008154796669259667,
    "num_pixels": 25165824
  },
  "2_down.pt": {
    "mse": 0.000697053677868098,
    "num_pixels": 25165824
  },
  "3_q.pt": {
    "mse": 0.0013809875817969441,
    "num_pixels": 9437184
  },
  "3_k.pt": {
    "mse": 0.002288017189130187,
    "num_pixels": 3145728
  },
  "3_v.pt": {
    "mse": 0.0004090698785148561,
    "num_pixels": 3145728
  },
  "3_o.pt": {
    "mse": 0.0004853805003222078,
    "num_pixels": 9437184
  },
  "3_up.pt": {
    "mse": 0.0006702863611280918,
    "num_pixels": 25165824
  },
  "3_gate.pt": {
    "mse": 0.0008847586577758193,
    "num_pixels": 25165824
  },
  "3_down.pt": {
    "mse": 0.0006630855496041477,
    "num_pixels": 25165824
  },
  "4_q.pt": {
    "mse": 0.0014191182563081384,
    "num_pixels": 9437184
  },
  "4_k.pt": {
    "mse": 0.0021968665532767773,
    "num_pixels": 3145728
  },
  "4_v.pt": {
    "mse": 0.00045649800449609756,
    "num_pixels": 3145728
  },
  "4_o.pt": {
    "mse": 0.0005083948490209877,
    "num_pixels": 9437184
  },
  "4_up.pt": {
    "mse": 0.0006438960554078221,
    "num_pixels": 25165824
  },
  "4_gate.pt": {
    "mse": 0.0009747566655278206,
    "num_pixels": 25165824
  },
  "4_down.pt": {
    "mse": 0.00063817243790254,
    "num_pixels": 25165824
  },
  "5_q.pt": {
    "mse": 0.0013825283385813236,
    "num_pixels": 9437184
  },
  "5_k.pt": {
    "mse": 0.002314988523721695,
    "num_pixels": 3145728
  },
  "5_v.pt": {
    "mse": 0.00032014294993132353,
    "num_pixels": 3145728
  },
  "5_o.pt": {
    "mse": 0.0004181836557108909,
    "num_pixels": 9437184
  },
  "5_up.pt": {
    "mse": 0.0006586562376469374,
    "num_pixels": 25165824
  },
  "5_gate.pt": {
    "mse": 0.0009363583521917462,
    "num_pixels": 25165824
  },
  "5_down.pt": {
    "mse": 0.0006488444050773978,
    "num_pixels": 25165824
  },
  "6_q.pt": {
    "mse": 0.00142166786827147,
    "num_pixels": 9437184
  },
  "6_k.pt": {
    "mse": 0.002251465804874897,
    "num_pixels": 3145728
  },
  "6_v.pt": {
    "mse": 0.0003577967581804842,
    "num_pixels": 3145728
  },
  "6_o.pt": {
    "mse": 0.000448401493486017,
    "num_pixels": 9437184
  },
  "6_up.pt": {
    "mse": 0.0006581360357813537,
    "num_pixels": 25165824
  },
  "6_gate.pt": {
    "mse": 0.0009149016696028411,
    "num_pixels": 25165824
  },
  "6_down.pt": {
    "mse": 0.0006475874688476324,
    "num_pixels": 25165824
  },
  "7_q.pt": {
    "mse": 0.0013340413570404053,
    "num_pixels": 9437184
  },
  "7_k.pt": {
    "mse": 0.002374823670834303,
    "num_pixels": 3145728
  },
  "7_v.pt": {
    "mse": 0.00033932208316400647,
    "num_pixels": 3145728
  },
  "7_o.pt": {
    "mse": 0.00045716908061876893,
    "num_pixels": 9437184
  },
  "7_up.pt": {
    "mse": 0.0006690453155897558,
    "num_pixels": 25165824
  },
  "7_gate.pt": {
    "mse": 0.0008636548882350326,
    "num_pixels": 25165824
  },
  "7_down.pt": {
    "mse": 0.0006635796744376421,
    "num_pixels": 25165824
  },
  "8_q.pt": {
    "mse": 0.0013267822796478868,
    "num_pixels": 9437184
  },
  "8_k.pt": {
    "mse": 0.002254822291433811,
    "num_pixels": 3145728
  },
  "8_v.pt": {
    "mse": 0.00034703113487921655,
    "num_pixels": 3145728
  },
  "8_o.pt": {
    "mse": 0.00045922925346530974,
    "num_pixels": 9437184
  },
  "8_up.pt": {
    "mse": 0.0006569141987711191,
    "num_pixels": 25165824
  },
  "8_gate.pt": {
    "mse": 0.0008581381989642978,
    "num_pixels": 25165824
  },
  "8_down.pt": {
    "mse": 0.0006520114839076996,
    "num_pixels": 25165824
  },
  "9_q.pt": {
    "mse": 0.0013033166760578752,
    "num_pixels": 9437184
  },
  "9_k.pt": {
    "mse": 0.0022400522138923407,
    "num_pixels": 3145728
  },
  "9_v.pt": {
    "mse": 0.00041604050784371793,
    "num_pixels": 3145728
  },
  "9_o.pt": {
    "mse": 0.0005142382578924298,
    "num_pixels": 9437184
  },
  "9_up.pt": {
    "mse": 0.0006825759774073958,
    "num_pixels": 25165824
  },
  "9_gate.pt": {
    "mse": 0.0008525274461135268,
    "num_pixels": 25165824
  },
  "9_down.pt": {
    "mse": 0.000660437042824924,
    "num_pixels": 25165824
  },
  "10_q.pt": {
    "mse": 0.001257311669178307,
    "num_pixels": 9437184
  },
  "10_k.pt": {
    "mse": 0.0021782121621072292,
    "num_pixels": 3145728
  },
  "10_v.pt": {
    "mse": 0.0003135993320029229,
    "num_pixels": 3145728
  },
  "10_o.pt": {
    "mse": 0.0004470920539461076,
    "num_pixels": 9437184
  },
  "10_up.pt": {
    "mse": 0.00068531499709934,
    "num_pixels": 25165824
  },
  "10_gate.pt": {
    "mse": 0.0008000660454854369,
    "num_pixels": 25165824
  },
  "10_down.pt": {
    "mse": 0.0006665442488156259,
    "num_pixels": 25165824
  },
  "11_q.pt": {
    "mse": 0.0012591116828843951,
    "num_pixels": 9437184
  },
  "11_k.pt": {
    "mse": 0.0021031470969319344,
    "num_pixels": 3145728
  },
  "11_v.pt": {
    "mse": 0.0004409078392200172,
    "num_pixels": 3145728
  },
  "11_o.pt": {
    "mse": 0.0005226563662290573,
    "num_pixels": 9437184
  },
  "11_up.pt": {
    "mse": 0.0007016616873443127,
    "num_pixels": 25165824
  },
  "11_gate.pt": {
    "mse": 0.0007769413059577346,
    "num_pixels": 25165824
  },
  "11_down.pt": {
    "mse": 0.0006809250335209072,
    "num_pixels": 25165824
  },
  "12_q.pt": {
    "mse": 0.0012839491246268153,
    "num_pixels": 9437184
  },
  "12_k.pt": {
    "mse": 0.0021568459924310446,
    "num_pixels": 3145728
  },
  "12_v.pt": {
    "mse": 0.0003546064253896475,
    "num_pixels": 3145728
  },
  "12_o.pt": {
    "mse": 0.0004685371241066605,
    "num_pixels": 9437184
  },
  "12_up.pt": {
    "mse": 0.0007163301925174892,
    "num_pixels": 25165824
  },
  "12_gate.pt": {
    "mse": 0.0007732484955340624,
    "num_pixels": 25165824
  },
  "12_down.pt": {
    "mse": 0.0006824367446824908,
    "num_pixels": 25165824
  },
  "13_q.pt": {
    "mse": 0.001210382441058755,
    "num_pixels": 9437184
  },
  "13_k.pt": {
    "mse": 0.002149418694898486,
    "num_pixels": 3145728
  },
  "13_v.pt": {
    "mse": 0.0003791862109210342,
    "num_pixels": 3145728
  },
  "13_o.pt": {
    "mse": 0.0004890147829428315,
    "num_pixels": 9437184
  },
  "13_up.pt": {
    "mse": 0.0007168636075221002,
    "num_pixels": 25165824
  },
  "13_gate.pt": {
    "mse": 0.0007931102300062776,
    "num_pixels": 25165824
  },
  "13_down.pt": {
    "mse": 0.0006937425350770354,
    "num_pixels": 25165824
  },
  "14_q.pt": {
    "mse": 0.0014188885688781738,
    "num_pixels": 9437184
  },