{
  "0_q.pt": {
    "mse": 0.0024441496934741735,
    "num_pixels": 9437184
  },
  "0_k.pt": {
    "mse": 0.0036227635573595762,
    "num_pixels": 3145728
  },
  "0_v.pt": {
    "mse": 0.0002743139339145273,
    "num_pixels": 3145728
  },
  "0_o.pt": {
    "mse": 0.00030723141389898956,
    "num_pixels": 9437184
  },
  "0_up.pt": {
    "mse": 0.0006619267514906824,
    "num_pixels": 25165824
  },
  "0_gate.pt": {
    "mse": 0.00074090959969908,
    "num_pixels": 25165824
  },
  "0_down.pt": {
    "mse": 0.0006528052035719156,
    "num_pixels": 25165824
  },
  "1_q.pt": {
    "mse": 0.0016182714607566595,
    "num_pixels": 9437184
  },
  "1_k.pt": {
    "mse": 0.002738244365900755,
    "num_pixels": 3145728
  },
  "1_v.pt": {
    "mse": 0.0003650760627351701,
    "num_pixels": 3145728
  },
  "1_o.pt": {
    "mse": 0.00040639331564307213,
    "num_pixels": 9437184
  },
  "1_up.pt": {
    "mse": 0.0006640835199505091,
    "num_pixels": 25165824
  },
  "1_gate.pt": {
    "mse": 0.0007602408295497298,
    "num_pixels": 25165824
  },
  "1_down.pt": {
    "mse": 0.0006577888852916658,
    "num_pixels": 25165824
  },
  "2_q.pt": {
    "mse": 0.0013343654572963715,
    "num_pixels": 9437184
  },
  "2_k.pt": {
    "mse": 0.002260753884911537,
    "num_pixels": 3145728
  },
  "2_v.pt": {
    "mse": 0.0002860582899302244,
    "num_pixels": 3145728
  },
  "2_o.pt": {
    "mse": 0.00035464949905872345,
    "num_pixels": 9437184
  },
  "2_up.pt": {
    "mse": 0.0006511902320198715,
    "num_pixels": 25165824
  },
  "2_gate.pt": {
    "mse": 0.0007721210131421685,
    "num_pixels": 25165824
  },
  "2_down.pt": {
    "mse": 0.0006591505371034145,
    "num_pixels": 25165824
  },
  "3_q.pt": {
    "mse": 0.001306093530729413,
    "num_pixels": 9437184
  },
  "3_k.pt": {
    "mse": 0.00216507725417614,
    "num_pixels": 3145728
  },
  "3_v.pt": {
    "mse": 0.00038614682853221893,
    "num_pixels": 3145728
  },
  "3_o.pt": {
    "mse": 0.0004587194707710296,
    "num_pixels": 9437184
  },
  "3_up.pt": {
    "mse": 0.0006336909136734903,
    "num_pixels": 25165824
  },
  "3_gate.pt": {
    "mse": 0.0008364244131371379,
    "num_pixels": 25165824
  },
  "3_down.pt": {
    "mse": 0.0006268260767683387,
    "num_pixels": 25165824
  },
  "4_q.pt": {
    "mse": 0.0013421946205198765,
    "num_pixels": 9437184
  },
  "4_k.pt": {
    "mse": 0.0020785843953490257,
    "num_pixels": 3145728
  },
  "4_v.pt": {
    "mse": 0.000431833672337234,
    "num_pixels": 3145728
  },
  "4_o.pt": {
    "mse": 0.0004809022939298302,
    "num_pixels": 9437184
  },
  "4_up.pt": {
    "mse": 0.0006084601627662778,
    "num_pixels": 25165824
  },
  "4_gate.pt": {
    "mse": 0.0009217215119861066,
    "num_pixels": 25165824
  },
  "4_down.pt": {
    "mse": 0.0006032359087839723,
    "num_pixels": 25165824
  },
  "5_q.pt": {
    "mse": 0.0013062754878774285,
    "num_pixels": 9437184
  },
  "5_k.pt": {
    "mse": 0.0021899156272411346,
    "num_pixels": 3145728
  },
  "5_v.pt": {
    "mse": 0.00030263332882896066,
    "num_pixels": 3145728
  },
  "5_o.pt": {
    "mse": 0.0003958476008847356,
    "num_pixels": 9437184
  },
  "5_up.pt": {
    "mse": 0.0006222942611202598,
    "num_pixels": 25165824
  },
  "5_gate.pt": {
    "mse": 0.0008854844490997493,
    "num_pixels": 25165824
  },
  "5_down.pt": {
    "mse": 0.0006134125869721174,
    "num_pixels": 25165824
  },
  "6_q.pt": {
    "mse": 0.001345118973404169,
    "num_pixels": 9437184
  },
  "6_k.pt": {
    "mse": 0.002129791071638465,
    "num_pixels": 3145728
  },
  "6_v.pt": {
    "mse": 0.0003384107258170843,
    "num_pixels": 3145728
  },
  "6_o.pt": {
    "mse": 0.000423762685386464,
    "num_pixels": 9437184
  },
  "6_up.pt": {
    "mse": 0.0006220901850610971,
    "num_pixels": 25165824
  },
  "6_gate.pt": {
    "mse": 0.0008650333620607853,
    "num_pixels": 25165824
  },
  "6_down.pt": {
    "mse": 0.0006125867366790771,
    "num_pixels": 25165824
  },
  "7_q.pt": {
    "mse": 0.001259742071852088,
    "num_pixels": 9437184
  },
  "7_k.pt": {
    "mse": 0.0022466497030109167,
    "num_pixels": 3145728
  },
  "7_v.pt": {
    "mse": 0.00032078681397251785,
    "num_pixels": 3145728
  },
  "7_o.pt": {
    "mse": 0.00043235631892457604,
    "num_pixels": 9437184
  },
  "7_up.pt": {
    "mse": 0.0006327017908915877,
    "num_pixels": 25165824
  },
  "7_gate.pt": {
    "mse": 0.0008164333994500339,
    "num_pixels": 25165824
  },
  "7_down.pt": {
    "mse": 0.0006272594910115004,
    "num_pixels": 25165824
  },
  "8_q.pt": {
    "mse": 0.0012552727712318301,
    "num_pixels": 9437184
  },
  "8_k.pt": {
    "mse": 0.00213621836155653,
    "num_pixels": 3145728
  },
  "8_v.pt": {
    "mse": 0.00032834208104759455,
    "num_pixels": 3145728
  },
  "8_o.pt": {
    "mse": 0.00043399378773756325,
    "num_pixels": 9437184
  },
  "8_up.pt": {
    "mse": 0.0006210576975718141,
    "num_pixels": 25165824
  },
  "8_gate.pt": {
    "mse": 0.0008119986159726977,
    "num_pixels": 25165824
  },
  "8_down.pt": {
    "mse": 0.0006165298982523382,
    "num_pixels": 25165824
  },
  "9_q.pt": {
    "mse": 0.0012332337209954858,
    "num_pixels": 9437184
  },
  "9_k.pt": {
    "mse": 0.002119879238307476,
    "num_pixels": 3145728
  },
  "9_v.pt": {
    "mse": 0.0003931264509446919,
    "num_pixels": 3145728
  },
  "9_o.pt": {
    "mse": 0.00048624249757267535,
    "num_pixels": 9437184
  },
  "9_up.pt": {
    "mse": 0.000645336986053735,
    "num_pixels": 25165824
  },
  "9_gate.pt": {
    "mse": 0.0008060533436946571,
    "num_pixels": 25165824
  },
  "9_down.pt": {
    "mse": 0.0006242019589990377,
    "num_pixels": 25165824
  },
  "10_q.pt": {
    "mse": 0.0011892406037077308,
    "num_pixels": 9437184
  },
  "10_k.pt": {
    "mse": 0.002062940038740635,
    "num_pixels": 3145728
  },
  "10_v.pt": {
    "mse": 0.000296894897473976,
    "num_pixels": 3145728
  },
  "10_o.pt": {
    "mse": 0.00042276192107237875,
    "num_pixels": 9437184
  },
  "10_up.pt": {
    "mse": 0.0006477800779975951,
    "num_pixels": 25165824
  },
  "10_gate.pt": {
    "mse": 0.0007566525600850582,
    "num_pixels": 25165824
  },
  "10_down.pt": {
    "mse": 0.0006302767433226109,
    "num_pixels": 25165824
  },
  "11_q.pt": {
    "mse": 0.0011904813582077622,
    "num_pixels": 9437184
  },
  "11_k.pt": {
    "mse": 0.001990312710404396,
    "num_pixels": 3145728
  },
  "11_v.pt": {
    "mse": 0.00041655972017906606,
    "num_pixels": 3145728
  },
  "11_o.pt": {
    "mse": 0.0004942141240462661,
    "num_pixels": 9437184
  },
  "11_up.pt": {
    "mse": 0.0006636674515902996,
    "num_pixels": 25165824
  },
  "11_gate.pt": {
    "mse": 0.000734789005946368,
    "num_pixels": 25165824
  },
  "11_down.pt": {
    "mse": 0.0006437903502956033,
    "num_pixels": 25165824
  },
  "12_q.pt": {
    "mse": 0.0012135269353166223,
    "num_pixels": 9437184
  },
  "12_k.pt": {
    "mse": 0.0020412008743733168,
    "num_pixels": 3145728
  },
  "12_v.pt": {
    "mse": 0.00033514905953779817,
    "num_pixels": 3145728
  },
  "12_o.pt": {
    "mse": 0.0004429512482602149,
    "num_pixels": 9437184
  },
  "12_up.pt": {
    "mse": 0.0006774100475013256,
    "num_pixels": 25165824
  },
  "12_gate.pt": {
    "mse": 0.0007309744833037257,
    "num_pixels": 25165824
  },
  "12_down.pt": {
    "mse": 0.0006455872789956629,
    "num_pixels": 25165824
  },
  "13_q.pt": {
    "mse": 0.0011443066177889705,
    "num_pixels": 9437184
  },
  "13_k.pt": {
    "mse": 0.002032654359936714,
    "num_pixels": 3145728
  },
  "13_v.pt": {
    "mse": 0.00035833287984132767,
    "num_pixels": 3145728
  },
  "13_o.pt": {
    "mse": 0.00046205439139157534,
    "num_pixels": 9437184
  },
  "13_up.pt": {
    "mse": 0.0006779746618121862,
    "num_pixels": 25165824
  },
  "13_gate.pt": {
    "mse": 0.0007498606573790312,
    "num_pixels": 25165824
  },
  "13_down.pt": {
    "mse": 0.0006559923640452325,
    "num_pixels": 25165824
  },
  "14_q.pt": {
    "mse": 0.0013430509716272354,
    "num_pixels": 9437184
  },