{
  "wikitext2": 11.311394691467285,
  "c4": 14.75157356262207
}