{
  "0_q.pt": {
    "mse": 9.560876605974045e-06,
    "num_pixels": 9437184
  },
  "0_k.pt": {
    "mse": 1.3038525139563717e-05,
    "num_pixels": 3145728
  },
  "0_v.pt": {
    "mse": 8.083421789706335e-07,
    "num_pixels": 3145728
  },
  "0_o.pt": {
    "mse": 9.121008019974397e-07,
    "num_pixels": 9437184
  },
  "0_up.pt": {
    "mse": 1.3632172795041697e-06,
    "num_pixels": 25165824
  },
  "0_gate.pt": {
    "mse": 1.5312389223254286e-06,
    "num_pixels": 25165824
  },
  "0_down.pt": {
    "mse": 1.276066541322507e-06,
    "num_pixels": 25165824
  },
  "1_q.pt": {
    "mse": 3.7238371533021564e-06,
    "num_pixels": 9437184
  },
  "1_k.pt": {
    "mse": 6.304356702457881e-06,
    "num_pixels": 3145728
  },
  "1_v.pt": {
    "mse": 8.286259571832488e-07,
    "num_pixels": 3145728
  },
  "1_o.pt": {
    "mse": 1.126974211729248e-06,
    "num_pixels": 9437184
  },
  "1_up.pt": {
    "mse": 1.467986180614389e-06,
    "num_pixels": 25165824
  },
  "1_gate.pt": {
    "mse": 1.6886618823264143e-06,
    "num_pixels": 25165824
  },
  "1_down.pt": {
    "mse": 1.0610374374664389e-06,
    "num_pixels": 25165824
  },
  "2_q.pt": {
    "mse": 2.850189048331231e-06,
    "num_pixels": 9437184
  },
  "2_k.pt": {
    "mse": 4.794273991137743e-06,
    "num_pixels": 3145728
  },
  "2_v.pt": {
    "mse": 6.019328111506184e-07,
    "num_pixels": 3145728
  },
  "2_o.pt": {
    "mse": 7.874253356021654e-07,
    "num_pixels": 9437184
  },
  "2_up.pt": {
    "mse": 1.339662958343979e-06,
    "num_pixels": 25165824
  },
  "2_gate.pt": {
    "mse": 1.5931600501062348e-06,
    "num_pixels": 25165824
  },
  "2_down.pt": {
    "mse": 1.191164869851491e-06,
    "num_pixels": 25165824
  },
  "3_q.pt": {
    "mse": 2.5664442091510864e-06,
    "num_pixels": 9437184
  },
  "3_k.pt": {
    "mse": 4.22879838879453e-06,
    "num_pixels": 3145728
  },
  "3_v.pt": {
    "mse": 7.533080292887462e-07,
    "num_pixels": 3145728
  },
  "3_o.pt": {
    "mse": 9.90810463008529e-07,
    "num_pixels": 9437184
  },
  "3_up.pt": {
    "mse": 1.2577290817716857e-06,
    "num_pixels": 25165824
  },
  "3_gate.pt": {
    "mse": 1.6680157841619803e-06,
    "num_pixels": 25165824
  },
  "3_down.pt": {
    "mse": 1.1157577546327957e-06,
    "num_pixels": 25165824
  },
  "4_q.pt": {
    "mse": 2.6613361114868894e-06,
    "num_pixels": 9437184
  },
  "4_k.pt": {
    "mse": 4.089275535079651e-06,
    "num_pixels": 3145728
  },
  "4_v.pt": {
    "mse": 8.376074447369319e-07,
    "num_pixels": 3145728
  },
  "4_o.pt": {
    "mse": 1.1292046337985084e-06,
    "num_pixels": 9437184
  },
  "4_up.pt": {
    "mse": 1.1469201126601547e-06,
    "num_pixels": 25165824
  },
  "4_gate.pt": {
    "mse": 1.7411632597941207e-06,
    "num_pixels": 25165824
  },
  "4_down.pt": {
    "mse": 1.103067575058958e-06,
    "num_pixels": 25165824
  },
  "5_q.pt": {
    "mse": 2.666153477548505e-06,
    "num_pixels": 9437184
  },
  "5_k.pt": {
    "mse": 4.462509423319716e-06,
    "num_pixels": 3145728
  },
  "5_v.pt": {
    "mse": 6.137724426480418e-07,
    "num_pixels": 3145728
  },
  "5_o.pt": {
    "mse": 9.177110769087449e-07,
    "num_pixels": 9437184
  },
  "5_up.pt": {
    "mse": 1.1469735454738839e-06,
    "num_pixels": 25165824
  },
  "5_gate.pt": {
    "mse": 1.6365032706744387e-06,
    "num_pixels": 25165824
  },
  "5_down.pt": {
    "mse": 1.1241230595260276e-06,
    "num_pixels": 25165824
  },
  "6_q.pt": {
    "mse": 2.672631353561883e-06,
    "num_pixels": 9437184
  },
  "6_k.pt": {
    "mse": 4.214128239254933e-06,
    "num_pixels": 3145728
  },
  "6_v.pt": {
    "mse": 6.650817567788181e-07,
    "num_pixels": 3145728
  },
  "6_o.pt": {
    "mse": 9.295276299781108e-07,
    "num_pixels": 9437184
  },
  "6_up.pt": {
    "mse": 1.150671778304968e-06,
    "num_pixels": 25165824
  },
  "6_gate.pt": {
    "mse": 1.604799308552174e-06,
    "num_pixels": 25165824
  },
  "6_down.pt": {
    "mse": 1.125018457059923e-06,
    "num_pixels": 25165824
  },
  "7_q.pt": {
    "mse": 2.510252670617774e-06,
    "num_pixels": 9437184
  },
  "7_k.pt": {
    "mse": 4.466219252208248e-06,
    "num_pixels": 3145728
  },
  "7_v.pt": {
    "mse": 6.34573268598615e-07,
    "num_pixels": 3145728
  },
  "7_o.pt": {
    "mse": 9.948713568519452e-07,
    "num_pixels": 9437184
  },
  "7_up.pt": {
    "mse": 1.1597218190217973e-06,
    "num_pixels": 25165824
  },
  "7_gate.pt": {
    "mse": 1.500905796092411e-06,
    "num_pixels": 25165824
  },
  "7_down.pt": {
    "mse": 1.1480433386168443e-06,
    "num_pixels": 25165824
  },
  "8_q.pt": {
    "mse": 2.5025594823091524e-06,
    "num_pixels": 9437184
  },
  "8_k.pt": {
    "mse": 4.254746272636112e-06,
    "num_pixels": 3145728
  },
  "8_v.pt": {
    "mse": 6.440277502406389e-07,
    "num_pixels": 3145728
  },
  "8_o.pt": {
    "mse": 9.939629990185495e-07,
    "num_pixels": 9437184
  },
  "8_up.pt": {
    "mse": 1.1436781051088474e-06,
    "num_pixels": 25165824
  },
  "8_gate.pt": {
    "mse": 1.502116674600984e-06,
    "num_pixels": 25165824
  },
  "8_down.pt": {
    "mse": 1.13199735096714e-06,
    "num_pixels": 25165824
  },
  "9_q.pt": {
    "mse": 2.414633399894228e-06,
    "num_pixels": 9437184
  },
  "9_k.pt": {
    "mse": 4.1502726162434556e-06,
    "num_pixels": 3145728
  },
  "9_v.pt": {
    "mse": 7.551408884864941e-07,
    "num_pixels": 3145728
  },
  "9_o.pt": {
    "mse": 1.1425362345107715e-06,
    "num_pixels": 9437184
  },
  "9_up.pt": {
    "mse": 1.1836066278192447e-06,
    "num_pixels": 25165824
  },
  "9_gate.pt": {
    "mse": 1.487247914155887e-06,
    "num_pixels": 25165824
  },
  "9_down.pt": {
    "mse": 1.1590989288379205e-06,
    "num_pixels": 25165824
  },
  "10_q.pt": {
    "mse": 2.3546101601823466e-06,
    "num_pixels": 9437184
  },
  "10_k.pt": {
    "mse": 4.0923196138464846e-06,
    "num_pixels": 3145728
  },
  "10_v.pt": {
    "mse": 5.837759999849368e-07,
    "num_pixels": 3145728
  },
  "10_o.pt": {
    "mse": 1.0174265980822383e-06,
    "num_pixels": 9437184
  },
  "10_up.pt": {
    "mse": 1.1998718036920764e-06,
    "num_pixels": 25165824
  },
  "10_gate.pt": {
    "mse": 1.4036202173883794e-06,
    "num_pixels": 25165824
  },
  "10_down.pt": {
    "mse": 1.1660242762445705e-06,
    "num_pixels": 25165824
  },
  "11_q.pt": {
    "mse": 2.3620798401680076e-06,
    "num_pixels": 9437184
  },
  "11_k.pt": {
    "mse": 3.9687556636636145e-06,
    "num_pixels": 3145728
  },
  "11_v.pt": {
    "mse": 8.187686830751773e-07,
    "num_pixels": 3145728
  },
  "11_o.pt": {
    "mse": 1.1221750355616678e-06,
    "num_pixels": 9437184
  },
  "11_up.pt": {
    "mse": 1.2365871953079477e-06,
    "num_pixels": 25165824
  },
  "11_gate.pt": {
    "mse": 1.3761317632088321e-06,
    "num_pixels": 25165824
  },
  "11_down.pt": {
    "mse": 1.2002736866634223e-06,
    "num_pixels": 25165824
  },
  "12_q.pt": {
    "mse": 2.416634515611804e-06,
    "num_pixels": 9437184
  },
  "12_k.pt": {
    "mse": 4.059811089973664e-06,
    "num_pixels": 3145728
  },
  "12_v.pt": {
    "mse": 6.559196208399953e-07,
    "num_pixels": 3145728
  },
  "12_o.pt": {
    "mse": 1.0176523801419535e-06,
    "num_pixels": 9437184
  },
  "12_up.pt": {
    "mse": 1.272926056117285e-06,
    "num_pixels": 25165824
  },
  "12_gate.pt": {
    "mse": 1.381007109557686e-06,
    "num_pixels": 25165824
  },
  "12_down.pt": {
    "mse": 1.227946540893754e-06,
    "num_pixels": 25165824
  },
  "13_q.pt": {
    "mse": 2.3115414933272405e-06,
    "num_pixels": 9437184
  },
  "13_k.pt": {
    "mse": 4.1066828089242335e-06,
    "num_pixels": 3145728
  },
  "13_v.pt": {
    "mse": 7.160400627981289e-07,
    "num_pixels": 3145728
  },
  "13_o.pt": {
    "mse": 1.136320065597829e-06,
    "num_pixels": 9437184
  },
  "13_up.pt": {
    "mse": 1.2887611546830158e-06,
    "num_pixels": 25165824
  },
  "13_gate.pt": {
    "mse": 1.4355895245898864e-06,
    "num_pixels": 25165824
  },
  "13_down.pt": {
    "mse": 1.267487618861196e-06,
    "num_pixels": 25165824
  },
  "14_q.pt": {
    "mse": 2.725461172303767e-06,