{
  "wikitext2": 6.461970806121826,
  "c4": 8.08186149597168,
  "ptb": 27.784330368041992
}