{
  "wikitext2": 5.6742753982543945,
  "c4": 7.1819682121276855,
  "ptb": 23.202486038208008
}