{
  "wikitext2": 5.5478973388671875,
  "c4": 7.06270694732666,
  "ptb": 22.765033721923828
}