{
  "compressed_layers": 21,
  "compressed_params": 11678912,
  "fp32_bits": 373725184.0,
  "use_codes": false,
  "metadata_bits": 63296.0,
  "estimated_bits": 21678473.006835938,
  "actual_bits": null,
  "estimated_bits_per_param": 1.8562065547574926,
  "actual_bits_per_param": null,
  "estimated_compression_ratio": 17.239460725953904,
  "actual_compression_ratio": null,
  "weighted_mse": 6.76226365510269e-05,
  "eval_before": {
    "top1": 69.764,
    "top5": 89.07,
    "num_samples": 50000.0
  },
  "eval_after": {
    "top1": 3.548,
    "top5": 10.38,
    "num_samples": 50000.0
  }
}