{
  "wikitext2": 5.50376558303833,
  "c4": 7.003793239593506
}