{
  "QTIP_no_ft": {
    "bpp": [
      2,
      3,
      4
    ],
    "ppl_wikitext2": [
      11.687333106994629,
      8.449414253234863,
      7.987156867980957
    ],
    "ppl_c4": [
      15.250215530395508,
      11.438995361328125,
      10.693965911865234
    ]
  },
  "NWC_ql": {
    "bpp": [
      2.6231791056869995,
      3.124863289740114,
      3.9177045791986442,
      4.7482673814963725,
      5.957555295988207,
      6.325075975841
    ],
    "ppl_wikitext2": [
      11.37783145904541,
      9.04037094116211,
      8.13940715789795,
      7.917189121246338,
      7.842419624328613,
      7.840927600860596
    ],
    "ppl_c4": [
      15.013357162475586,
      12.22347640991211,
      10.95876693725586,
      10.60356330871582,
      10.493741989135742,
      10.484753608703613
    ]
  },
  "NWC_ql_tuned": {
    "bpp": [
      2.768731965195565,
      3.266897928413181,
      4.044620982415619,
      4.844627256017356,
      5.9917048668222765,
      6.336610458613861
    ],
    "ppl_wikitext2": [
      10.109051704406738,
      8.70792007446289,
      8.065073013305664,
      7.904245376586914,
      7.845890998840332,
      7.8435492515563965
    ],
    "ppl_c4": [
      13.571162223815918,
      11.777541160583496,
      10.844793319702148,
      10.576035499572754,
      10.493971824645996,
      10.485918998718262
    ]
  },
  "FP16": {
    "ppl_wikitext2": 7.813621997833252,
    "ppl_c4": 10.431412696838379,
    "hellaswag": 0.5530770762796255,
    "mathqa": 0.3507537688442211,
    "openbookqa": 0.312,
    "pubmedqa": 0.732,
    "sciq": 0.957
  },
  "QTIP_no_e2e": {
    "bpp": [
      2,
      3,
      4,
      5,
      6
    ],
    "mathqa": [
      0.29581239530988274,
      0.3316582914572864,
      0.33869346733668343,
      0.3410385259631491,
      0.3474036850921273
    ],
    "openbookqa": [
      0.254,
      0.288,
      0.314,
      0.31,
      0.316
    ],
    "pubmedqa": [
      0.696,
      0.728,
      0.726,
      0.73,
      0.738
    ],
    "sciq": [
      0.935,
      0.95,
      0.954,
      0.952,
      0.948
    ],
    "hellaswag": [
      0.4742083250348536,
      0.5377414857598088,
      0.5475004979087831,
      0.5501892053375822,
      0.5512846046604262
    ],
    "commonsense": [
      0.5960315724074124,
      0.6367324714880799,
      0.6517115645609518,
      0.6519468428035069,
      0.653301623149264
    ],
    "average6": [
      0.5960315724074124,
      0.6367324714880799,
      0.6517115645609518,
      0.6519468428035069,
      0.653301623149264
    ]
  },
  "NWC_ql_ldlq128_rnorm_ft": {
    "bpp": [
      2.299834388153007,
      2.666442740675328,
      3.1641243302174624,
      3.9516814067250206,
      4.77521807789093,
      5.980355456671012
    ],
    "ppl_wikitext2": [
      10.607295036315918,
      9.07297420501709,
      8.340150833129883,
      7.960330486297607,
      7.861175537109375,
      7.823990345001221
    ],
    "ppl_c4": [
      13.981471061706543,
      12.204448699951172,
      11.242227554321289,
      10.66510009765625,
      10.499692916870117,
      10.448216438293457
    ],
    "mathqa": [
      null,
      0.30452261306532663,
      0.3239530988274707,
      0.33634840871021776,
      0.3487437185929648,
      0.3490787269681742
    ],
    "openbookqa": [
      null,
      0.284,
      0.304,
      0.3,
      0.31,
      0.31
    ],
    "pubmedqa": [
      null,
      0.676,
      0.722,
      0.73,
      0.736,
      0.746
    ],
    "sciq": [
      null,
      0.96,
      0.948,
      0.953,
      0.954,
      0.956
    ],
    "hellaswag": [
      null,
      0.5142401911969727,
      0.5351523600876319,
      0.5476000796654052,
      0.5524795857398924,
      0.5521808404700259
    ],
    "commonsense": [
      null,
      0.625010754116318,
      0.6401253352276218,
      0.6475927199454045,
      0.6511286682932657,
      0.651035077635025
    ],
    "average6": [
      null,
      0.625010754116318,
      0.6401253352276218,
      0.6475927199454045,
      0.6511286682932657,
      0.651035077635025
    ]
  },
  "test": {
    "bpp": [
      10
    ]
  },
  "scaleH_scale_cond_ldlq128_ft": {
    "bpp": [
      2.0931943399565562,
      2.381681627106099,
      2.588117779010818,
      2.8766316079667638,
      3.244064903685025,
      3.743162321547667,
      4.53127654428993,
      5.388447884647619
    ],
    "ppl_wikitext2": [
      12.64632797241211,
      10.137803077697754,
      9.331092834472656,
      8.731788635253906,
      8.305861473083496,
      8.050085067749023,
      7.8826985359191895,
      7.837557792663574
    ],
    "ppl_c4": [
      16.247512817382812,
      13.479304313659668,
      12.504337310791016,
      11.736982345581055,
      11.156665802001953,
      10.776835441589355,
      10.535941123962402,
      10.463995933532715
    ],
    "zeroshot": [
      0.5874081245994682,
      0.6240855408105717,
      0.6324812027850293,
      0.6610878417340615,
      0.6637709976567479,
      0.6622213655295834,
      0.6720131848155141,
      0.6735499683997139
    ],
    "commonsense": [
      0.5633632399943453,
      0.6006163281567217,
      0.6114632077248278,
      0.638505286687035,
      0.6426167063723247,
      0.6429518482911835,
      0.6516759943169848,
      0.653520943924677
    ],
    "average9": [
      0.47178772239971134,
      0.5101935297942349,
      0.5187099689976838,
      0.55154607568817,
      0.5568030702359013,
      0.5609806016791903,
      0.5675279185746737,
      0.5698711241355366
    ],
    "mmlu": [
      0.36654322746047574,
      0.4309215211508332,
      0.4183876940606751,
      0.5029198119925936,
      0.5295541945591796,
      0.5314057826520439,
      0.5423016664292836,
      0.5466457769548497
    ]
  }
}