{
  "wikitext2": 17.72249984741211,
  "c4": 22.37457847595215
}