{
  "wikitext2": 11.1909761428833,
  "c4": 15.40975284576416
}