{
  "wikitext2": 11.016871452331543,
  "c4": 15.224414825439453
}