{
  "compressed_layers": 21,
  "compressed_params": 11678912,
  "fp32_bits": 373725184.0,
  "use_codes": false,
  "metadata_bits": 63296.0,
  "estimated_bits": 74050919.8984375,
  "actual_bits": null,
  "estimated_bits_per_param": 6.340566646827846,
  "actual_bits_per_param": null,
  "estimated_compression_ratio": 5.046867540775624,
  "actual_compression_ratio": null,
  "weighted_mse": 2.3656021452283975e-07,
  "eval_before": {
    "top1": 69.764,
    "top5": 89.07,
    "num_samples": 50000.0
  },
  "eval_after": {
    "top1": 69.644,
    "top5": 89.048,
    "num_samples": 50000.0
  }
}