{
  "wikitext2": 5.456355094909668,
  "c4": 7.159380912780762
}