{
  "wikitext2": 6.28659725189209,
  "c4": 7.936615943908691
}