{
  "wikitext2": 9.753591537475586,
  "c4": 13.483781814575195
}