{
  "0_q.pt": {
    "mse": 0.0006900322623550892,
    "num_pixels": 16777216
  },
  "0_k.pt": {
    "mse": 0.0014574547531083226,
    "num_pixels": 4194304
  },
  "0_v.pt": {
    "mse": 9.200886415783316e-05,
    "num_pixels": 4194304
  },
  "0_o.pt": {
    "mse": 0.00011996788816759363,
    "num_pixels": 16777216
  },
  "0_up.pt": {
    "mse": 0.00023798532492946833,
    "num_pixels": 58720256
  },
  "0_gate.pt": {
    "mse": 0.00028945543454028666,
    "num_pixels": 58720256
  },
  "0_down.pt": {
    "mse": 0.00023658247664570808,
    "num_pixels": 58720256
  },
  "1_q.pt": {
    "mse": 0.0007326920749619603,
    "num_pixels": 16777216
  },
  "1_k.pt": {
    "mse": 0.0015004005981609225,
    "num_pixels": 4194304
  },
  "1_v.pt": {
    "mse": 0.0001300409494433552,
    "num_pixels": 4194304
  },
  "1_o.pt": {
    "mse": 0.00015436419926118106,
    "num_pixels": 16777216
  },
  "1_up.pt": {
    "mse": 0.0002451927575748414,
    "num_pixels": 58720256
  },
  "1_gate.pt": {
    "mse": 0.0002963495207950473,
    "num_pixels": 58720256
  },
  "1_down.pt": {
    "mse": 0.00024268079141620547,
    "num_pixels": 58720256
  },
  "2_q.pt": {
    "mse": 0.0006611360586248338,
    "num_pixels": 16777216
  },
  "2_k.pt": {
    "mse": 0.0015624311054125428,
    "num_pixels": 4194304
  },
  "2_v.pt": {
    "mse": 9.171537385554984e-05,
    "num_pixels": 4194304
  },
  "2_o.pt": {
    "mse": 0.0001303468452533707,
    "num_pixels": 16777216
  },
  "2_up.pt": {
    "mse": 0.00024255542666651309,
    "num_pixels": 58720256
  },
  "2_gate.pt": {
    "mse": 0.00031312237842939794,
    "num_pixels": 58720256
  },
  "2_down.pt": {
    "mse": 0.0002437874354654923,
    "num_pixels": 58720256
  },
  "3_q.pt": {
    "mse": 0.0006666785338893533,
    "num_pixels": 16777216
  },
  "3_k.pt": {
    "mse": 0.001556117320433259,
    "num_pixels": 4194304
  },
  "3_v.pt": {
    "mse": 0.00012926972704008222,
    "num_pixels": 4194304
  },
  "3_o.pt": {
    "mse": 0.0001700497668934986,
    "num_pixels": 16777216
  },
  "3_up.pt": {
    "mse": 0.00023343322391156107,
    "num_pixels": 58720256
  },
  "3_gate.pt": {
    "mse": 0.00035294692497700453,
    "num_pixels": 58720256
  },
  "3_down.pt": {
    "mse": 0.00023232278181239963,
    "num_pixels": 58720256
  },
  "4_q.pt": {
    "mse": 0.0006492396350950003,
    "num_pixels": 16777216
  },
  "4_k.pt": {
    "mse": 0.00150572438724339,
    "num_pixels": 4194304
  },
  "4_v.pt": {
    "mse": 0.00015047265333123505,
    "num_pixels": 4194304
  },
  "4_o.pt": {
    "mse": 0.00017789517005439848,
    "num_pixels": 16777216
  },
  "4_up.pt": {
    "mse": 0.00022165753762237728,
    "num_pixels": 58720256
  },
  "4_gate.pt": {
    "mse": 0.000393085676478222,
    "num_pixels": 58720256
  },
  "4_down.pt": {
    "mse": 0.00022084057854954153,
    "num_pixels": 58720256
  },
  "5_q.pt": {
    "mse": 0.0006422577425837517,
    "num_pixels": 16777216
  },
  "5_k.pt": {
    "mse": 0.0015187051612883806,
    "num_pixels": 4194304
  },
  "5_v.pt": {
    "mse": 0.00010317417036276311,
    "num_pixels": 4194304
  },
  "5_o.pt": {
    "mse": 0.00015252025332301855,
    "num_pixels": 16777216
  },
  "5_up.pt": {
    "mse": 0.00022416906722355634,
    "num_pixels": 58720256
  },
  "5_gate.pt": {
    "mse": 0.00039273840957321227,
    "num_pixels": 58720256
  },
  "5_down.pt": {
    "mse": 0.0002227153308922425,
    "num_pixels": 58720256
  },
  "6_q.pt": {
    "mse": 0.0006685688276775181,
    "num_pixels": 16777216
  },
  "6_k.pt": {
    "mse": 0.001514145638793707,
    "num_pixels": 4194304
  },
  "6_v.pt": {
    "mse": 0.00012238998897373676,
    "num_pixels": 4194304
  },
  "6_o.pt": {
    "mse": 0.00016587493882980198,
    "num_pixels": 16777216
  },
  "6_up.pt": {
    "mse": 0.00022407915093936026,
    "num_pixels": 58720256
  },
  "6_gate.pt": {
    "mse": 0.00039683005888946354,
    "num_pixels": 58720256
  },
  "6_down.pt": {
    "mse": 0.00022253075439948589,
    "num_pixels": 58720256
  },
  "7_q.pt": {
    "mse": 0.0006140945479273796,
    "num_pixels": 16777216
  },
  "7_k.pt": {
    "mse": 0.0015403805300593376,
    "num_pixels": 4194304
  },
  "7_v.pt": {
    "mse": 0.00012035636609653011,
    "num_pixels": 4194304
  },
  "7_o.pt": {
    "mse": 0.00017150750500150025,
    "num_pixels": 16777216
  },
  "7_up.pt": {
    "mse": 0.00023036626225803047,
    "num_pixels": 58720256
  },
  "7_gate.pt": {
    "mse": 0.00038238143315538764,
    "num_pixels": 58720256
  },
  "7_down.pt": {
    "mse": 0.0002289809490321204,
    "num_pixels": 58720256
  },
  "8_q.pt": {
    "mse": 0.0006183750228956342,
    "num_pixels": 16777216
  },
  "8_k.pt": {
    "mse": 0.0015173254068940878,
    "num_pixels": 4194304
  },
  "8_v.pt": {
    "mse": 0.0001329248771071434,
    "num_pixels": 4194304
  },
  "8_o.pt": {
    "mse": 0.00017817399930208921,
    "num_pixels": 16777216
  },
  "8_up.pt": {
    "mse": 0.00022837861615698785,
    "num_pixels": 58720256
  },
  "8_gate.pt": {
    "mse": 0.00038603725261054933,
    "num_pixels": 58720256
  },
  "8_down.pt": {
    "mse": 0.00022744049783796072,
    "num_pixels": 58720256
  },
  "9_q.pt": {
    "mse": 0.0006181258358992636,
    "num_pixels": 16777216
  },
  "9_k.pt": {
    "mse": 0.001511133974418044,
    "num_pixels": 4194304
  },
  "9_v.pt": {
    "mse": 0.00017946716980077326,
    "num_pixels": 4194304
  },
  "9_o.pt": {
    "mse": 0.00020428092102520168,
    "num_pixels": 16777216
  },
  "9_up.pt": {
    "mse": 0.00023243806208483875,
    "num_pixels": 58720256
  },
  "9_gate.pt": {
    "mse": 0.0003957109001930803,
    "num_pixels": 58720256
  },
  "9_down.pt": {
    "mse": 0.0002289495459990576,
    "num_pixels": 58720256
  },
  "10_q.pt": {
    "mse": 0.0006419181008823216,
    "num_pixels": 16777216
  },
  "10_k.pt": {
    "mse": 0.001543646678328514,
    "num_pixels": 4194304
  },
  "10_v.pt": {
    "mse": 0.00012934429105371237,
    "num_pixels": 4194304
  },
  "10_o.pt": {
    "mse": 0.00017399826901964843,
    "num_pixels": 16777216
  },
  "10_up.pt": {
    "mse": 0.00023990664340090007,
    "num_pixels": 58720256
  },
  "10_gate.pt": {
    "mse": 0.00037661127862520516,
    "num_pixels": 58720256
  },
  "10_down.pt": {
    "mse": 0.00023557152599096298,
    "num_pixels": 58720256
  },
  "11_q.pt": {
    "mse": 0.0005760159692727029,
    "num_pixels": 16777216
  },
  "11_k.pt": {
    "mse": 0.0015040033031255007,
    "num_pixels": 4194304
  },
  "11_v.pt": {
    "mse": 0.0001266080216737464,
    "num_pixels": 4194304
  },
  "11_o.pt": {
    "mse": 0.00018180887855123729,
    "num_pixels": 16777216
  },
  "11_up.pt": {
    "mse": 0.00024317015777342021,
    "num_pixels": 58720256
  },
  "11_gate.pt": {
    "mse": 0.00036747168633155525,
    "num_pixels": 58720256
  },
  "11_down.pt": {
    "mse": 0.00023935110948514193,
    "num_pixels": 58720256
  },
  "12_q.pt": {
    "mse": 0.0005916333175264299,
    "num_pixels": 16777216
  },
  "12_k.pt": {
    "mse": 0.0014314372092485428,
    "num_pixels": 4194304
  },
  "12_v.pt": {
    "mse": 0.0001765021006576717,
    "num_pixels": 4194304
  },
  "12_o.pt": {
    "mse": 0.0002030178438872099,
    "num_pixels": 16777216
  },
  "12_up.pt": {
    "mse": 0.00025277124950662255,
    "num_pixels": 58720256
  },
  "12_gate.pt": {
    "mse": 0.00035885037505067885,
    "num_pixels": 58720256
  },
  "12_down.pt": {
    "mse": 0.00024678942281752825,
    "num_pixels": 58720256
  },
  "13_q.pt": {
    "mse": 0.0006048798095434904,
    "num_pixels": 16777216
  },
  "13_k.pt": {
    "mse": 0.0015414479421451688,
    "num_pixels": 4194304
  },
  "13_v.pt": {
    "mse": 0.0001506736152805388,
    "num_pixels": 4194304
  },
  "13_o.pt": {
    "mse": 0.00019348083878867328,
    "num_pixels": 16777216
  },
  "13_up.pt": {
    "mse": 0.0002542019065003842,
    "num_pixels": 58720256
  },
  "13_gate.pt": {
    "mse": 0.00036049250047653913,
    "num_pixels": 58720256
  },
  "13_down.pt": {
    "mse": 0.00024652614956721663,
    "num_pixels": 58720256
  },