{
  "wikitext2": 6.843591690063477,
  "c4": 9.782100677490234
}