{
  "0_q.pt": {
    "mse": 0.0006670120637863874,
    "num_pixels": 16777216
  },
  "0_k.pt": {
    "mse": 0.0014107957249507308,
    "num_pixels": 4194304
  },
  "0_v.pt": {
    "mse": 8.96837082109414e-05,
    "num_pixels": 4194304
  },
  "0_o.pt": {
    "mse": 0.0001166948932223022,
    "num_pixels": 16777216
  },
  "0_up.pt": {
    "mse": 0.000232964928727597,
    "num_pixels": 58720256
  },
  "0_gate.pt": {
    "mse": 0.00028323574224486947,
    "num_pixels": 58720256
  },
  "0_down.pt": {
    "mse": 0.0002317368780495599,
    "num_pixels": 58720256
  },
  "1_q.pt": {
    "mse": 0.0007148028817027807,
    "num_pixels": 16777216
  },
  "1_k.pt": {
    "mse": 0.0014625031035393476,
    "num_pixels": 4194304
  },
  "1_v.pt": {
    "mse": 0.00012707308633252978,
    "num_pixels": 4194304
  },
  "1_o.pt": {
    "mse": 0.0001506657717982307,
    "num_pixels": 16777216
  },
  "1_up.pt": {
    "mse": 0.00024001917336136103,
    "num_pixels": 58720256
  },
  "1_gate.pt": {
    "mse": 0.00029010005528107285,
    "num_pixels": 58720256
  },
  "1_down.pt": {
    "mse": 0.00023825181415304542,
    "num_pixels": 58720256
  },
  "2_q.pt": {
    "mse": 0.0006466605118475854,
    "num_pixels": 16777216
  },
  "2_k.pt": {
    "mse": 0.0015246656257659197,
    "num_pixels": 4194304
  },
  "2_v.pt": {
    "mse": 8.969505142886192e-05,
    "num_pixels": 4194304
  },
  "2_o.pt": {
    "mse": 0.00012757914373651147,
    "num_pixels": 16777216
  },
  "2_up.pt": {
    "mse": 0.0002376568882027641,
    "num_pixels": 58720256
  },
  "2_gate.pt": {
    "mse": 0.00030667343526147306,
    "num_pixels": 58720256
  },
  "2_down.pt": {
    "mse": 0.00023911517928354442,
    "num_pixels": 58720256
  },
  "3_q.pt": {
    "mse": 0.0006530138780362904,
    "num_pixels": 16777216
  },
  "3_k.pt": {
    "mse": 0.0015234483871608973,
    "num_pixels": 4194304
  },
  "3_v.pt": {
    "mse": 0.00012659377534873784,
    "num_pixels": 4194304
  },
  "3_o.pt": {
    "mse": 0.0001666287425905466,
    "num_pixels": 16777216
  },
  "3_up.pt": {
    "mse": 0.00022877694573253393,
    "num_pixels": 58720256
  },
  "3_gate.pt": {
    "mse": 0.0003456775448285043,
    "num_pixels": 58720256
  },
  "3_down.pt": {
    "mse": 0.00022791553055867553,
    "num_pixels": 58720256
  },
  "4_q.pt": {
    "mse": 0.0006357011734507978,
    "num_pixels": 16777216
  },
  "4_k.pt": {
    "mse": 0.0014740296173840761,
    "num_pixels": 4194304
  },
  "4_v.pt": {
    "mse": 0.0001474320888519287,
    "num_pixels": 4194304
  },
  "4_o.pt": {
    "mse": 0.00017429317813366652,
    "num_pixels": 16777216
  },
  "4_up.pt": {
    "mse": 0.0002173988032154739,
    "num_pixels": 58720256
  },
  "4_gate.pt": {
    "mse": 0.00038520534872077405,
    "num_pixels": 58720256
  },
  "4_down.pt": {
    "mse": 0.00021648408437613398,
    "num_pixels": 58720256
  },
  "5_q.pt": {
    "mse": 0.0006291487952694297,
    "num_pixels": 16777216
  },
  "5_k.pt": {
    "mse": 0.0014868018915876746,
    "num_pixels": 4194304
  },
  "5_v.pt": {
    "mse": 0.00010121422383235767,
    "num_pixels": 4194304
  },
  "5_o.pt": {
    "mse": 0.0001492581213824451,
    "num_pixels": 16777216
  },
  "5_up.pt": {
    "mse": 0.0002198091970058158,
    "num_pixels": 58720256
  },
  "5_gate.pt": {
    "mse": 0.0003848523192573339,
    "num_pixels": 58720256
  },
  "5_down.pt": {
    "mse": 0.00021852647478226572,
    "num_pixels": 58720256
  },
  "6_q.pt": {
    "mse": 0.0006542254704982042,
    "num_pixels": 16777216
  },
  "6_k.pt": {
    "mse": 0.0014798149932175875,
    "num_pixels": 4194304
  },
  "6_v.pt": {
    "mse": 0.00011983036529272795,
    "num_pixels": 4194304
  },
  "6_o.pt": {
    "mse": 0.000162518146680668,
    "num_pixels": 16777216
  },
  "6_up.pt": {
    "mse": 0.0002197787689510733,
    "num_pixels": 58720256
  },
  "6_gate.pt": {
    "mse": 0.00038902676897123456,
    "num_pixels": 58720256
  },
  "6_down.pt": {
    "mse": 0.0002182806347263977,
    "num_pixels": 58720256
  },
  "7_q.pt": {
    "mse": 0.0006011184304952621,
    "num_pixels": 16777216
  },
  "7_k.pt": {
    "mse": 0.0015081674791872501,
    "num_pixels": 4194304
  },
  "7_v.pt": {
    "mse": 0.00011797291517723352,
    "num_pixels": 4194304
  },
  "7_o.pt": {
    "mse": 0.00016804697224870324,
    "num_pixels": 16777216
  },
  "7_up.pt": {
    "mse": 0.0002259427128592506,
    "num_pixels": 58720256
  },
  "7_gate.pt": {
    "mse": 0.00037478620652109385,
    "num_pixels": 58720256
  },
  "7_down.pt": {
    "mse": 0.00022465104120783508,
    "num_pixels": 58720256
  },
  "8_q.pt": {
    "mse": 0.0006052748067304492,
    "num_pixels": 16777216
  },
  "8_k.pt": {
    "mse": 0.0014849947765469551,
    "num_pixels": 4194304
  },
  "8_v.pt": {
    "mse": 0.00013013044372200966,
    "num_pixels": 4194304
  },
  "8_o.pt": {
    "mse": 0.0001745187764754519,
    "num_pixels": 16777216
  },
  "8_up.pt": {
    "mse": 0.00022386308410204947,
    "num_pixels": 58720256
  },
  "8_gate.pt": {
    "mse": 0.0003783258725889027,
    "num_pixels": 58720256
  },
  "8_down.pt": {
    "mse": 0.000223103619646281,
    "num_pixels": 58720256
  },
  "9_q.pt": {
    "mse": 0.0006057532737031579,
    "num_pixels": 16777216
  },
  "9_k.pt": {
    "mse": 0.0014778584009036422,
    "num_pixels": 4194304
  },
  "9_v.pt": {
    "mse": 0.00017593690427020192,
    "num_pixels": 4194304
  },
  "9_o.pt": {
    "mse": 0.00020014087203890085,
    "num_pixels": 16777216
  },
  "9_up.pt": {
    "mse": 0.000227925309445709,
    "num_pixels": 58720256
  },
  "9_gate.pt": {
    "mse": 0.00038783790660090744,
    "num_pixels": 58720256
  },
  "9_down.pt": {
    "mse": 0.00022457366867456585,
    "num_pixels": 58720256
  },
  "10_q.pt": {
    "mse": 0.0006288230651989579,
    "num_pixels": 16777216
  },
  "10_k.pt": {
    "mse": 0.0015079467557370663,
    "num_pixels": 4194304
  },
  "10_v.pt": {
    "mse": 0.0001268374326173216,
    "num_pixels": 4194304
  },
  "10_o.pt": {
    "mse": 0.00017052429029718041,
    "num_pixels": 16777216
  },
  "10_up.pt": {
    "mse": 0.00023523406707681715,
    "num_pixels": 58720256
  },
  "10_gate.pt": {
    "mse": 0.0003693221660796553,
    "num_pixels": 58720256
  },
  "10_down.pt": {
    "mse": 0.00023110774054657668,
    "num_pixels": 58720256
  },
  "11_q.pt": {
    "mse": 0.0005642864853143692,
    "num_pixels": 16777216
  },
  "11_k.pt": {
    "mse": 0.0014716258738189936,
    "num_pixels": 4194304
  },
  "11_v.pt": {
    "mse": 0.0001240737910848111,
    "num_pixels": 4194304
  },
  "11_o.pt": {
    "mse": 0.0001780833990778774,
    "num_pixels": 16777216
  },
  "11_up.pt": {
    "mse": 0.00023838588094804436,
    "num_pixels": 58720256
  },
  "11_gate.pt": {
    "mse": 0.0003601693024393171,
    "num_pixels": 58720256
  },
  "11_down.pt": {
    "mse": 0.0002347770205233246,
    "num_pixels": 58720256
  },
  "12_q.pt": {
    "mse": 0.0005795573233626783,
    "num_pixels": 16777216
  },
  "12_k.pt": {
    "mse": 0.0013999051880091429,
    "num_pixels": 4194304
  },
  "12_v.pt": {
    "mse": 0.00017291790572926402,
    "num_pixels": 4194304
  },
  "12_o.pt": {
    "mse": 0.00019891955889761448,
    "num_pixels": 16777216
  },
  "12_up.pt": {
    "mse": 0.00024775799829512835,
    "num_pixels": 58720256
  },
  "12_gate.pt": {
    "mse": 0.00035172596108168364,
    "num_pixels": 58720256
  },
  "12_down.pt": {
    "mse": 0.00024193724675569683,
    "num_pixels": 58720256
  },
  "13_q.pt": {
    "mse": 0.0005927471211180091,
    "num_pixels": 16777216
  },
  "13_k.pt": {
    "mse": 0.0015051509253680706,
    "num_pixels": 4194304
  },
  "13_v.pt": {
    "mse": 0.00014765560626983643,
    "num_pixels": 4194304
  },
  "13_o.pt": {
    "mse": 0.00018963703769259155,
    "num_pixels": 16777216
  },
  "13_up.pt": {
    "mse": 0.0002493229112587869,
    "num_pixels": 58720256
  },
  "13_gate.pt": {
    "mse": 0.0003534521674737334,
    "num_pixels": 58720256
  },
  "13_down.pt": {
    "mse": 0.0002417891228105873,
    "num_pixels": 58720256
  },