{
  "wikitext2": 6.34180212020874,
  "c4": 9.131155967712402
}