{
  "wikitext2": 6.257112979888916,
  "c4": 9.016400337219238
}