{
  "0_q.pt": {
    "mse": 2.8073104658687953e-06,
    "num_pixels": 16777216
  },
  "0_k.pt": {
    "mse": 5.101724582345923e-06,
    "num_pixels": 4194304
  },
  "0_v.pt": {
    "mse": 2.5812005333136767e-07,
    "num_pixels": 4194304
  },
  "0_o.pt": {
    "mse": 3.7470661595762067e-07,
    "num_pixels": 16777216
  },
  "0_up.pt": {
    "mse": 4.969200517734862e-07,
    "num_pixels": 58720256
  },
  "0_gate.pt": {
    "mse": 6.06058847552049e-07,
    "num_pixels": 58720256
  },
  "0_down.pt": {
    "mse": 4.48739086778005e-07,
    "num_pixels": 58720256
  },
  "1_q.pt": {
    "mse": 1.6341925856977468e-06,
    "num_pixels": 16777216
  },
  "1_k.pt": {
    "mse": 3.376114818820497e-06,
    "num_pixels": 4194304
  },
  "1_v.pt": {
    "mse": 2.861346786176e-07,
    "num_pixels": 4194304
  },
  "1_o.pt": {
    "mse": 4.237227813064237e-07,
    "num_pixels": 16777216
  },
  "1_up.pt": {
    "mse": 5.202359147915558e-07,
    "num_pixels": 58720256
  },
  "1_gate.pt": {
    "mse": 6.308782758424059e-07,
    "num_pixels": 58720256
  },
  "1_down.pt": {
    "mse": 3.819467906396312e-07,
    "num_pixels": 58720256
  },
  "2_q.pt": {
    "mse": 1.3367804285735474e-06,
    "num_pixels": 16777216
  },
  "2_k.pt": {
    "mse": 3.1457773275178624e-06,
    "num_pixels": 4194304
  },
  "2_v.pt": {
    "mse": 1.847485435746421e-07,
    "num_pixels": 4194304
  },
  "2_o.pt": {
    "mse": 2.8378212846291717e-07,
    "num_pixels": 16777216
  },
  "2_up.pt": {
    "mse": 4.927126155962469e-07,
    "num_pixels": 58720256
  },
  "2_gate.pt": {
    "mse": 6.353179742291104e-07,
    "num_pixels": 58720256
  },
  "2_down.pt": {
    "mse": 4.3373518110456644e-07,
    "num_pixels": 58720256
  },
  "3_q.pt": {
    "mse": 1.2347720712568844e-06,
    "num_pixels": 16777216
  },
  "3_k.pt": {
    "mse": 2.8899241897306638e-06,
    "num_pixels": 4194304
  },
  "3_v.pt": {
    "mse": 2.390702320553828e-07,
    "num_pixels": 4194304
  },
  "3_o.pt": {
    "mse": 3.5358783634364954e-07,
    "num_pixels": 16777216
  },
  "3_up.pt": {
    "mse": 4.5230061118672893e-07,
    "num_pixels": 58720256
  },
  "3_gate.pt": {
    "mse": 6.840297714916233e-07,
    "num_pixels": 58720256
  },
  "3_down.pt": {
    "mse": 4.0663547906660824e-07,
    "num_pixels": 58720256
  },
  "4_q.pt": {
    "mse": 1.2121373629270238e-06,
    "num_pixels": 16777216
  },
  "4_k.pt": {
    "mse": 2.821406269504223e-06,
    "num_pixels": 4194304
  },
  "4_v.pt": {
    "mse": 2.7927711698794155e-07,
    "num_pixels": 4194304
  },
  "4_o.pt": {
    "mse": 3.9951922303771426e-07,
    "num_pixels": 16777216
  },
  "4_up.pt": {
    "mse": 4.0145565094462654e-07,
    "num_pixels": 58720256
  },
  "4_gate.pt": {
    "mse": 7.139006470424647e-07,
    "num_pixels": 58720256
  },
  "4_down.pt": {
    "mse": 3.9184149613902264e-07,
    "num_pixels": 58720256
  },
  "5_q.pt": {
    "mse": 1.2176174095657188e-06,
    "num_pixels": 16777216
  },
  "5_k.pt": {
    "mse": 2.863983354473021e-06,
    "num_pixels": 4194304
  },
  "5_v.pt": {
    "mse": 1.9479614365991438e-07,
    "num_pixels": 4194304
  },
  "5_o.pt": {
    "mse": 3.515910691476165e-07,
    "num_pixels": 16777216
  },
  "5_up.pt": {
    "mse": 3.9691857978141343e-07,
    "num_pixels": 58720256
  },
  "5_gate.pt": {
    "mse": 6.949755970708793e-07,
    "num_pixels": 58720256
  },
  "5_down.pt": {
    "mse": 3.9358761227958894e-07,
    "num_pixels": 58720256
  },
  "6_q.pt": {
    "mse": 1.2354078080534237e-06,
    "num_pixels": 16777216
  },
  "6_k.pt": {
    "mse": 2.7971273084403947e-06,
    "num_pixels": 4194304
  },
  "6_v.pt": {
    "mse": 2.25392028596616e-07,
    "num_pixels": 4194304
  },
  "6_o.pt": {
    "mse": 3.678837856568862e-07,
    "num_pixels": 16777216
  },
  "6_up.pt": {
    "mse": 3.9562007714266656e-07,
    "num_pixels": 58720256
  },
  "6_gate.pt": {
    "mse": 7.009978162386687e-07,
    "num_pixels": 58720256
  },
  "6_down.pt": {
    "mse": 3.9576710264555004e-07,
    "num_pixels": 58720256
  },
  "7_q.pt": {
    "mse": 1.1359159088897286e-06,
    "num_pixels": 16777216
  },
  "7_k.pt": {
    "mse": 2.858415882656118e-06,
    "num_pixels": 4194304
  },
  "7_v.pt": {
    "mse": 2.2142307898320723e-07,
    "num_pixels": 4194304
  },
  "7_o.pt": {
    "mse": 3.8443573657787056e-07,
    "num_pixels": 16777216
  },
  "7_up.pt": {
    "mse": 3.9960252706805477e-07,
    "num_pixels": 58720256
  },
  "7_gate.pt": {
    "mse": 6.642486027885752e-07,
    "num_pixels": 58720256
  },
  "7_down.pt": {
    "mse": 4.050180564263428e-07,
    "num_pixels": 58720256
  },
  "8_q.pt": {
    "mse": 1.1393782415325404e-06,
    "num_pixels": 16777216
  },
  "8_k.pt": {
    "mse": 2.800918537104735e-06,
    "num_pixels": 4194304
  },
  "8_v.pt": {
    "mse": 2.44716034103476e-07,
    "num_pixels": 4194304
  },
  "8_o.pt": {
    "mse": 4.074460946412728e-07,
    "num_pixels": 16777216
  },
  "8_up.pt": {
    "mse": 3.9690627318123006e-07,
    "num_pixels": 58720256
  },
  "8_gate.pt": {
    "mse": 6.734324529134028e-07,
    "num_pixels": 58720256
  },
  "8_down.pt": {
    "mse": 4.040519172576751e-07,
    "num_pixels": 58720256
  },
  "9_q.pt": {
    "mse": 1.1177655778737972e-06,
    "num_pixels": 16777216
  },
  "9_k.pt": {
    "mse": 2.745576466622879e-06,
    "num_pixels": 4194304
  },
  "9_v.pt": {
    "mse": 3.2270071415041457e-07,
    "num_pixels": 4194304
  },
  "9_o.pt": {
    "mse": 4.723103756987257e-07,
    "num_pixels": 16777216
  },
  "9_up.pt": {
    "mse": 4.006432732239773e-07,
    "num_pixels": 58720256
  },
  "9_gate.pt": {
    "mse": 6.822752993684844e-07,
    "num_pixels": 58720256
  },
  "9_down.pt": {
    "mse": 4.07874409802389e-07,
    "num_pixels": 58720256
  },
  "10_q.pt": {
    "mse": 1.1781373814301332e-06,
    "num_pixels": 16777216
  },
  "10_k.pt": {
    "mse": 2.824957618940971e-06,
    "num_pixels": 4194304
  },
  "10_v.pt": {
    "mse": 2.3606899901551515e-07,
    "num_pixels": 4194304
  },
  "10_o.pt": {
    "mse": 3.948749736082391e-07,
    "num_pixels": 16777216
  },
  "10_up.pt": {
    "mse": 4.12629589163771e-07,
    "num_pixels": 58720256
  },
  "10_gate.pt": {
    "mse": 6.492135753433104e-07,
    "num_pixels": 58720256
  },
  "10_down.pt": {
    "mse": 4.181602264452522e-07,
    "num_pixels": 58720256
  },
  "11_q.pt": {
    "mse": 1.0376884347351734e-06,
    "num_pixels": 16777216
  },
  "11_k.pt": {
    "mse": 2.71819885711011e-06,
    "num_pixels": 4194304
  },
  "11_v.pt": {
    "mse": 2.2666731069875823e-07,
    "num_pixels": 4194304
  },
  "11_o.pt": {
    "mse": 4.352440328148077e-07,
    "num_pixels": 16777216
  },
  "11_up.pt": {
    "mse": 4.184221893410722e-07,
    "num_pixels": 58720256
  },
  "11_gate.pt": {
    "mse": 6.328102131192281e-07,
    "num_pixels": 58720256
  },
  "11_down.pt": {
    "mse": 4.259215984347975e-07,
    "num_pixels": 58720256
  },
  "12_q.pt": {
    "mse": 1.0620008197292918e-06,
    "num_pixels": 16777216
  },
  "12_k.pt": {
    "mse": 2.5740212095115567e-06,
    "num_pixels": 4194304
  },
  "12_v.pt": {
    "mse": 3.152201770717511e-07,
    "num_pixels": 4194304
  },
  "12_o.pt": {
    "mse": 4.6574979251090554e-07,
    "num_pixels": 16777216
  },
  "12_up.pt": {
    "mse": 4.3822373640978185e-07,
    "num_pixels": 58720256
  },
  "12_gate.pt": {
    "mse": 6.236266472114949e-07,
    "num_pixels": 58720256
  },
  "12_down.pt": {
    "mse": 4.455088742361113e-07,
    "num_pixels": 58720256
  },
  "13_q.pt": {
    "mse": 1.1068856338170008e-06,
    "num_pixels": 16777216
  },
  "13_k.pt": {
    "mse": 2.8095312245568493e-06,
    "num_pixels": 4194304
  },
  "13_v.pt": {
    "mse": 2.739450337685412e-07,
    "num_pixels": 4194304
  },
  "13_o.pt": {
    "mse": 4.4965980805500294e-07,
    "num_pixels": 16777216
  },
  "13_up.pt": {
    "mse": 4.4579684299606015e-07,
    "num_pixels": 58720256
  },
  "13_gate.pt": {
    "mse": 6.32780029263813e-07,
    "num_pixels": 58720256
  },
  "13_down.pt": {
    "mse": 4.4693757672575884e-07,
    "num_pixels": 58720256
  },