{
  "0_q.pt": {
    "mse": 2.8037786705681356e-06,
    "num_pixels": 16777216
  },
  "0_k.pt": {
    "mse": 5.095672804600326e-06,
    "num_pixels": 4194304
  },
  "0_v.pt": {
    "mse": 2.578091766736179e-07,
    "num_pixels": 4194304
  },
  "0_o.pt": {
    "mse": 3.7455993151525036e-07,
    "num_pixels": 16777216
  },
  "0_up.pt": {
    "mse": 4.968790676684876e-07,
    "num_pixels": 58720256
  },
  "0_gate.pt": {
    "mse": 6.060275268282567e-07,
    "num_pixels": 58720256
  },
  "0_down.pt": {
    "mse": 4.4879215010951157e-07,
    "num_pixels": 58720256
  },
  "1_q.pt": {
    "mse": 1.6343699371645926e-06,
    "num_pixels": 16777216
  },
  "1_k.pt": {
    "mse": 3.374712832737714e-06,
    "num_pixels": 4194304
  },
  "1_v.pt": {
    "mse": 2.859641483610176e-07,
    "num_pixels": 4194304
  },
  "1_o.pt": {
    "mse": 4.238250141952449e-07,
    "num_pixels": 16777216
  },
  "1_up.pt": {
    "mse": 5.202062993703294e-07,
    "num_pixels": 58720256
  },
  "1_gate.pt": {
    "mse": 6.308091542450711e-07,
    "num_pixels": 58720256
  },
  "1_down.pt": {
    "mse": 3.819374967406475e-07,
    "num_pixels": 58720256
  },
  "2_q.pt": {
    "mse": 1.3367318842938403e-06,
    "num_pixels": 16777216
  },
  "2_k.pt": {
    "mse": 3.144158199575031e-06,
    "num_pixels": 4194304
  },
  "2_v.pt": {
    "mse": 1.846372015279485e-07,
    "num_pixels": 4194304
  },
  "2_o.pt": {
    "mse": 2.838559112205985e-07,
    "num_pixels": 16777216
  },
  "2_up.pt": {
    "mse": 4.926734504806518e-07,
    "num_pixels": 58720256
  },
  "2_gate.pt": {
    "mse": 6.352762511596666e-07,
    "num_pixels": 58720256
  },
  "2_down.pt": {
    "mse": 4.336752112976683e-07,
    "num_pixels": 58720256
  },
  "3_q.pt": {
    "mse": 1.2350827773843776e-06,
    "num_pixels": 16777216
  },
  "3_k.pt": {
    "mse": 2.888916242227424e-06,
    "num_pixels": 4194304
  },
  "3_v.pt": {
    "mse": 2.3902083512439276e-07,
    "num_pixels": 4194304
  },
  "3_o.pt": {
    "mse": 3.5366355177757214e-07,
    "num_pixels": 16777216
  },
  "3_up.pt": {
    "mse": 4.5229663214740867e-07,
    "num_pixels": 58720256
  },
  "3_gate.pt": {
    "mse": 6.839345019216125e-07,
    "num_pixels": 58720256
  },
  "3_down.pt": {
    "mse": 4.066509404765384e-07,
    "num_pixels": 58720256
  },
  "4_q.pt": {
    "mse": 1.2118416634621099e-06,
    "num_pixels": 16777216
  },
  "4_k.pt": {
    "mse": 2.8211222797835944e-06,
    "num_pixels": 4194304
  },
  "4_v.pt": {
    "mse": 2.793578346427239e-07,
    "num_pixels": 4194304
  },
  "4_o.pt": {
    "mse": 3.9943546426002285e-07,
    "num_pixels": 16777216
  },
  "4_up.pt": {
    "mse": 4.014336525415274e-07,
    "num_pixels": 58720256
  },
  "4_gate.pt": {
    "mse": 7.13813960828702e-07,
    "num_pixels": 58720256
  },
  "4_down.pt": {
    "mse": 3.917854485280259e-07,
    "num_pixels": 58720256
  },
  "5_q.pt": {
    "mse": 1.2173700270068366e-06,
    "num_pixels": 16777216
  },
  "5_k.pt": {
    "mse": 2.8639447009481955e-06,
    "num_pixels": 4194304
  },
  "5_v.pt": {
    "mse": 1.9471038115170813e-07,
    "num_pixels": 4194304
  },
  "5_o.pt": {
    "mse": 3.5162486256012926e-07,
    "num_pixels": 16777216
  },
  "5_up.pt": {
    "mse": 3.969043405049888e-07,
    "num_pixels": 58720256
  },
  "5_gate.pt": {
    "mse": 6.949288149371569e-07,
    "num_pixels": 58720256
  },
  "5_down.pt": {
    "mse": 3.9354219438791915e-07,
    "num_pixels": 58720256
  },
  "6_q.pt": {
    "mse": 1.2351586065051379e-06,
    "num_pixels": 16777216
  },
  "6_k.pt": {
    "mse": 2.796100488922093e-06,
    "num_pixels": 4194304
  },
  "6_v.pt": {
    "mse": 2.2526329246375099e-07,
    "num_pixels": 4194304
  },
  "6_o.pt": {
    "mse": 3.6777811374122393e-07,
    "num_pixels": 16777216
  },
  "6_up.pt": {
    "mse": 3.956101295443659e-07,
    "num_pixels": 58720256
  },
  "6_gate.pt": {
    "mse": 7.009229534560291e-07,
    "num_pixels": 58720256
  },
  "6_down.pt": {
    "mse": 3.956999705678754e-07,
    "num_pixels": 58720256
  },
  "7_q.pt": {
    "mse": 1.1358044957887614e-06,
    "num_pixels": 16777216
  },
  "7_k.pt": {
    "mse": 2.8584167921508197e-06,
    "num_pixels": 4194304
  },
  "7_v.pt": {
    "mse": 2.2138979716146423e-07,
    "num_pixels": 4194304
  },
  "7_o.pt": {
    "mse": 3.8434245652751997e-07,
    "num_pixels": 16777216
  },
  "7_up.pt": {
    "mse": 3.9956111663741467e-07,
    "num_pixels": 58720256
  },
  "7_gate.pt": {
    "mse": 6.641861887146661e-07,
    "num_pixels": 58720256
  },
  "7_down.pt": {
    "mse": 4.050241102504515e-07,
    "num_pixels": 58720256
  },
  "8_q.pt": {
    "mse": 1.1392226042516995e-06,
    "num_pixels": 16777216
  },
  "8_k.pt": {
    "mse": 2.8003212264593458e-06,
    "num_pixels": 4194304
  },
  "8_v.pt": {
    "mse": 2.4465822434649453e-07,
    "num_pixels": 4194304
  },
  "8_o.pt": {
    "mse": 4.075277786341758e-07,
    "num_pixels": 16777216
  },
  "8_up.pt": {
    "mse": 3.969158228755987e-07,
    "num_pixels": 58720256
  },
  "8_gate.pt": {
    "mse": 6.734372277605871e-07,
    "num_pixels": 58720256
  },
  "8_down.pt": {
    "mse": 4.039993086735194e-07,
    "num_pixels": 58720256
  },
  "9_q.pt": {
    "mse": 1.1176205134688644e-06,
    "num_pixels": 16777216
  },
  "9_k.pt": {
    "mse": 2.7454500468593324e-06,
    "num_pixels": 4194304
  },
  "9_v.pt": {
    "mse": 3.22747496284137e-07,
    "num_pixels": 4194304
  },
  "9_o.pt": {
    "mse": 4.722960795788822e-07,
    "num_pixels": 16777216
  },
  "9_up.pt": {
    "mse": 4.006622589258768e-07,
    "num_pixels": 58720256
  },
  "9_gate.pt": {
    "mse": 6.822049840593536e-07,
    "num_pixels": 58720256
  },
  "9_down.pt": {
    "mse": 4.078206927715655e-07,
    "num_pixels": 58720256
  },
  "10_q.pt": {
    "mse": 1.1779642363762832e-06,
    "num_pixels": 16777216
  },
  "10_k.pt": {
    "mse": 2.824621105901315e-06,
    "num_pixels": 4194304
  },
  "10_v.pt": {
    "mse": 2.3605655030678463e-07,
    "num_pixels": 4194304
  },
  "10_o.pt": {
    "mse": 3.949460278818151e-07,
    "num_pixels": 16777216
  },
  "10_up.pt": {
    "mse": 4.1258931560150813e-07,
    "num_pixels": 58720256
  },
  "10_gate.pt": {
    "mse": 6.49216985948442e-07,
    "num_pixels": 58720256
  },
  "10_down.pt": {
    "mse": 4.181496819910535e-07,
    "num_pixels": 58720256
  },
  "11_q.pt": {
    "mse": 1.0375260899309069e-06,
    "num_pixels": 16777216
  },
  "11_k.pt": {
    "mse": 2.7161440812051296e-06,
    "num_pixels": 4194304
  },
  "11_v.pt": {
    "mse": 2.266736345291065e-07,
    "num_pixels": 4194304
  },
  "11_o.pt": {
    "mse": 4.352237397142744e-07,
    "num_pixels": 16777216
  },
  "11_up.pt": {
    "mse": 4.1840473841148196e-07,
    "num_pixels": 58720256
  },
  "11_gate.pt": {
    "mse": 6.327721280285914e-07,
    "num_pixels": 58720256
  },
  "11_down.pt": {
    "mse": 4.259113097759837e-07,
    "num_pixels": 58720256
  },
  "12_q.pt": {
    "mse": 1.0618940677886712e-06,
    "num_pixels": 16777216
  },
  "12_k.pt": {
    "mse": 2.574658992671175e-06,
    "num_pixels": 4194304
  },
  "12_v.pt": {
    "mse": 3.15139345730131e-07,
    "num_pixels": 4194304
  },
  "12_o.pt": {
    "mse": 4.6579700097026944e-07,
    "num_pixels": 16777216
  },
  "12_up.pt": {
    "mse": 4.3820523387694266e-07,
    "num_pixels": 58720256
  },
  "12_gate.pt": {
    "mse": 6.235612772798049e-07,
    "num_pixels": 58720256
  },
  "12_down.pt": {
    "mse": 4.454576583157177e-07,
    "num_pixels": 58720256
  },
  "13_q.pt": {
    "mse": 1.1067158993682824e-06,
    "num_pixels": 16777216
  },
  "13_k.pt": {
    "mse": 2.8092733828088967e-06,
    "num_pixels": 4194304
  },
  "13_v.pt": {
    "mse": 2.738820512604434e-07,
    "num_pixels": 4194304
  },
  "13_o.pt": {
    "mse": 4.4958511580261984e-07,
    "num_pixels": 16777216
  },
  "13_up.pt": {
    "mse": 4.4577438984561013e-07,
    "num_pixels": 58720256
  },
  "13_gate.pt": {
    "mse": 6.327271080408536e-07,
    "num_pixels": 58720256
  },
  "13_down.pt": {
    "mse": 4.469452790090145e-07,
    "num_pixels": 58720256
  },