{
  "wikitext2": 6.258055686950684,
  "c4": 9.017000198364258
}