{
  "wikitext2": 6.253672122955322,
  "c4": 9.010744094848633
}