{
  "wikitext2": 6.2546563148498535,
  "c4": 9.011184692382812
}