{
  "wikitext2": 6.254655838012695,
  "c4": 9.011035919189453
}