{
  "wikitext2": 8.103021621704102,
  "c4": 11.350455284118652
}