{
  "wikitext2": 6.222770690917969,
  "c4": 8.982529640197754
}