{
  "wikitext2": 47.64114761352539,
  "c4": 80.2341079711914
}