{
  "wikitext2": 7.59031343460083,
  "c4": 10.878738403320312
}