{
  "wikitext2": 6.551602840423584,
  "c4": 9.4087495803833
}