{
  "wikitext2": 6.362357139587402,
  "c4": 9.151176452636719
}