{
  "wikitext2": 6.363415241241455,
  "c4": 9.150984764099121
}