{
  "compressed_layers": 54,
  "compressed_params": 25502912,
  "fp32_bits": 816093184.0,
  "use_codes": false,
  "metadata_bits": 109888.0,
  "estimated_bits": 120901244.70507812,
  "actual_bits": null,
  "estimated_bits_per_param": 4.740683915039903,
  "actual_bits_per_param": null,
  "estimated_compression_ratio": 6.750080911000929,
  "actual_compression_ratio": null,
  "weighted_mse": 5.338313097800242e-06,
  "eval_before": {
    "top1": 80.852,
    "top5": 95.428,
    "num_samples": 50000.0
  },
  "eval_after": {
    "top1": 70.644,
    "top5": 89.22,
    "num_samples": 50000.0
  }
}