{
  "compressed_layers": 21,
  "compressed_params": 11678912,
  "fp32_bits": 373725184.0,
  "use_codes": false,
  "metadata_bits": 63296.0,
  "estimated_bits": 50102953.19140625,
  "actual_bits": null,
  "estimated_bits_per_param": 4.290036023167762,
  "actual_bits_per_param": null,
  "estimated_compression_ratio": 7.459144824702709,
  "actual_compression_ratio": null,
  "weighted_mse": 2.3307975627568955e-06,
  "eval_before": {
    "top1": 69.764,
    "top5": 89.07,
    "num_samples": 50000.0
  },
  "eval_after": {
    "top1": 67.108,
    "top5": 87.596,
    "num_samples": 50000.0
  }
}